user_id,signup_date,city_tier,segment,preferred_device,acquisition_channel,last_active_date,lifetime_paid_months,engagement_band,tenure_days
U000001,2025-05-27,1,value,mobile,paid_social,2025-10-14,5,low,248
U000002,2025-11-15,1,regular,web,search,2026-01-30,2,medium,76
U000003,2025-10-16,1,regular,web,referral,2026-01-09,2,medium,106
U000004,2025-08-23,2,regular,web,referral,2026-01-29,5,high,160
U000005,2025-08-21,1,regular,mobile,organic,2026-01-29,5,high,162
U000006,2025-12-06,3,value,mobile,organic,2026-01-29,1,low,55
U000007,2025-05-26,3,value,mobile,organic,2026-01-26,7,medium,249
U000008,2025-10-27,3,value,web,organic,2026-01-29,3,low,95
U000009,2025-06-24,2,premium,web,search,2026-01-30,7,high,220
U000010,2025-05-28,3,value,web,organic,2026-01-28,7,medium,247
U000011,2025-09-14,1,premium,mobile,paid_social,2026-01-30,4,high,138
U000012,2026-01-04,2,value,web,organic,2026-01-25,1,low,26
U000013,2025-11-05,2,value,web,organic,2026-01-26,2,low,86
U000014,2025-11-12,3,value,mobile,paid_social,2026-01-09,2,low,79
U000015,2025-11-01,2,value,web,search,2025-12-29,2,low,90
U000016,2025-11-18,3,regular,mobile,search,2026-01-30,2,medium,73
U000017,2025-09-10,1,regular,web,referral,2026-01-30,3,high,142
U000018,2025-06-06,3,value,nan,email,2026-01-30,6,medium,238
U000019,2025-12-01,2,regular,web,search,2026-01-28,1,medium,60
U000020,2025-08-26,2,regular,web,organic,2026-01-30,5,medium,157
U000021,2025-09-07,3,premium,web,organic,2026-01-25,4,high,145
U000022,2025-08-06,2,premium,web,email,2026-01-30,5,high,177
U000023,2025-06-19,2,regular,mobile,paid_social,2025-11-16,5,medium,225
U000024,2025-12-23,2,regular,web,paid_social,2026-01-30,1,low,38
U000025,2025-11-17,1,regular,web,paid_social,2026-01-30,2,medium,74
U000026,2025-10-13,2,regular,mobile,organic,2025-12-12,2,medium,109
U000027,2025-08-14,1,regular,web,search,2025-11-10,3,medium,169
U000028,2025-11-27,1,value,mobile,referral,2025-12-31,0,low,64
U000029,2025-09-18,3,regular,mobile,referral,2026-01-30,4,high,134
U000030,2025-08-24,2,premium,web,organic,2026-01-30,5,high,159
U000031,2025-08-26,2,value,mobile,paid_social,2026-01-30,5,medium,157
U000032,2025-07-01,2,regular,web,organic,2025-11-21,5,high,213
U000033,2025-05-28,2,premium,web,email,,0,low,247
U000034,2025-09-21,2,value,web,organic,2025-12-21,3,low,131
U000035,2025-12-13,3,regular,mobile,paid_social,2026-01-25,1,low,48
U000036,2025-05-21,3,premium,mobile,organic,2025-08-25,2,medium,254
U000037,2025-12-06,2,premium,web,paid_social,2026-01-30,1,medium,55
U000038,2025-11-28,2,value,mobile,paid_social,2026-01-25,2,low,63
U000039,2025-07-13,2,value,web,organic,2026-01-30,6,medium,201
U000040,2025-10-10,2,regular,mobile,referral,2026-01-30,3,medium,112
U000041,2025-06-15,2,value,mobile,referral,2026-01-29,7,medium,229
U000042,2025-11-11,2,value,mobile,referral,2025-12-05,1,low,80
U000043,2025-10-27,2,value,mobile,organic,2026-01-29,3,medium,95
U000044,2025-08-01,2,value,mobile,paid_social,2025-08-22,1,low,182
U000045,2025-05-22,2,regular,web,search,2026-01-29,8,high,253
U000046,2026-01-03,2,regular,mobile,paid_social,2026-01-27,1,low,27
U000047,2025-08-24,1,regular,mobile,search,2026-01-29,5,high,159
U000048,2025-12-15,1,regular,mobile,paid_social,2026-01-18,1,low,46
U000049,2025-10-22,2,regular,web,organic,2026-01-29,3,medium,100
U000050,2025-11-16,2,value,mobile,search,2025-12-19,0,low,75
U000051,2025-11-11,1,value,web,organic,2026-01-30,2,low,80
U000052,2025-06-22,2,value,web,organic,2026-01-28,5,medium,222
U000053,2025-08-04,3,value,web,organic,2025-10-04,1,low,179
U000054,2025-08-30,2,value,web,organic,2025-10-30,2,low,153
U000055,2025-09-06,3,value,mobile,referral,2025-11-05,2,low,146
U000056,2025-05-15,3,value,web,search,2026-01-28,8,medium,260
U000057,2025-09-19,2,regular,mobile,organic,2026-01-29,3,high,133
U000058,2025-06-12,2,regular,mobile,referral,2025-12-10,6,high,232
U000059,2025-11-07,1,premium,web,email,2025-12-07,1,low,84
U000060,2025-10-23,3,regular,mobile,referral,2026-01-29,3,medium,99
U000061,2025-12-22,2,regular,web,referral,2026-01-30,1,low,39
U000062,2025-11-07,3,value,mobile,email,2026-01-20,2,low,84
U000063,2025-08-05,2,regular,mobile,paid_social,2026-01-30,5,high,178
U000064,2026-01-02,1,value,web,email,2026-01-20,1,low,28
U000065,2025-08-16,1,regular,mobile,email,2026-01-29,5,high,167
U000066,2025-07-25,2,regular,web,organic,2026-01-29,6,high,189
U000067,2025-12-18,2,regular,web,referral,2026-01-29,0,low,43
U000068,2025-08-05,1,value,mobile,referral,2026-01-30,5,medium,178
U000069,2025-05-24,2,regular,web,paid_social,2025-12-27,6,high,251
U000070,2025-08-30,3,regular,mobile,referral,2025-10-04,1,low,153
U000071,2025-11-20,2,regular,web,search,2025-12-22,1,low,71
U000072,2025-06-21,2,regular,web,search,2026-01-28,7,high,223
U000073,2025-08-29,1,regular,mobile,paid_social,2026-01-30,4,high,154
U000074,2025-06-06,3,value,web,paid_social,2026-01-29,7,medium,238
U000075,2025-10-24,2,regular,mobile,referral,2026-01-30,3,medium,98
U000076,2025-09-01,3,regular,web,referral,2026-01-30,3,high,151
U000077,2025-07-26,2,value,mobile,paid_social,2026-01-08,6,medium,188
U000078,2025-06-30,2,value,mobile,email,2025-10-26,4,medium,214
U000079,2025-09-23,2,premium,web,organic,2026-01-30,4,high,129
U000080,2025-10-20,1,regular,web,email,2026-01-29,3,medium,102
U000081,2025-12-27,3,regular,web,organic,2026-01-30,1,low,34
U000082,2025-08-22,2,regular,mobile,search,2026-01-30,5,high,161
U000083,2025-06-14,2,regular,web,organic,2025-12-07,6,high,230
U000084,2025-11-30,3,regular,web,search,2026-01-03,0,low,61
U000085,2025-10-10,3,value,mobile,search,2026-01-28,3,low,112
U000086,2025-10-27,3,regular,web,organic,2026-01-29,3,medium,95
U000087,2025-05-29,1,regular,web,paid_social,2026-01-28,8,high,246
U000088,2025-07-22,2,value,web,paid_social,2025-10-10,3,low,192
U000089,2025-11-13,3,regular,web,organic,2026-01-29,2,medium,78
U000090,2025-11-29,2,value,mobile,paid_social,2026-01-28,1,low,62
U000091,2025-08-22,1,regular,mobile,organic,2026-01-28,5,high,161
U000092,2025-11-22,3,regular,mobile,organic,2026-01-28,1,medium,69
U000093,2025-12-02,2,regular,mobile,organic,2026-01-26,1,medium,59
U000094,2025-08-10,2,regular,web,paid_social,2026-01-30,4,high,173
U000095,2025-12-16,3,premium,web,paid_social,2026-01-30,1,medium,45
U000096,2025-07-16,2,regular,mobile,paid_social,2026-01-30,6,high,198
U000097,2025-07-04,2,regular,mobile,referral,2026-01-30,6,high,210
U000098,2025-10-23,2,regular,mobile,paid_social,2026-01-19,3,medium,99
U000099,2025-10-11,2,value,web,referral,2026-01-28,3,low,111
U000100,2025-06-09,1,value,mobile,email,2026-01-26,7,medium,235
U000101,2025-11-30,3,regular,mobile,search,2026-01-30,1,medium,61
U000102,2025-06-24,3,value,mobile,organic,2025-12-12,5,medium,220
U000103,2025-11-23,2,value,mobile,organic,2025-12-23,1,low,68
U000104,2025-05-06,2,regular,web,paid_social,2026-01-27,6,high,269
U000105,2025-11-21,3,regular,web,search,2026-01-30,2,medium,70
U000106,2025-11-18,1,value,web,organic,2026-01-17,2,low,73
U000107,2025-11-16,2,regular,web,referral,2025-12-19,1,low,75
U000108,2025-10-18,2,regular,mobile,email,2025-11-17,1,low,104
U000109,2025-08-31,2,regular,web,organic,2026-01-29,5,high,152
U000110,2025-10-28,1,value,web,organic,2025-11-23,1,low,94
U000111,2025-07-13,2,regular,web,organic,2026-01-30,5,high,201
U000112,2025-11-16,2,value,mobile,search,2026-01-30,2,low,75
U000113,2025-09-21,2,regular,web,referral,2026-01-20,4,medium,131
U000114,2025-08-28,1,value,web,paid_social,2026-01-30,5,medium,155
U000115,2025-09-08,2,premium,mobile,organic,2025-10-08,1,low,144
U000116,2025-09-24,2,value,web,search,2026-01-30,4,medium,128
U000117,2025-05-14,1,regular,web,organic,2026-01-30,7,high,261
U000118,2025-06-09,1,value,web,search,2026-01-26,7,medium,235
U000119,2025-07-05,1,regular,mobile,search,2025-10-03,3,medium,209
U000120,2025-06-02,2,regular,mobile,paid_social,2026-01-30,7,high,242
U000121,2025-08-23,1,value,mobile,search,2026-01-29,5,medium,160
U000122,2025-10-19,3,value,web,referral,2026-01-29,3,low,103
U000123,2025-10-16,2,value,mobile,organic,2026-01-30,3,low,106
U000124,2025-08-31,3,value,mobile,paid_social,2026-01-30,4,medium,152
U000125,2025-12-05,3,premium,web,organic,2026-01-29,1,medium,56
U000126,2025-09-23,1,regular,nan,organic,2026-01-30,4,medium,129
U000127,2025-05-24,2,value,web,referral,2026-01-28,8,medium,251
U000128,2025-11-13,3,premium,mobile,paid_social,2026-01-27,2,medium,78
U000129,2025-09-26,2,value,web,organic,2026-01-16,4,low,126
U000130,2025-10-11,2,regular,web,search,2025-11-09,1,low,111
U000131,2025-09-23,2,regular,mobile,paid_social,2026-01-29,4,high,129
U000132,2025-09-20,1,premium,mobile,email,2026-01-30,4,high,132
U000133,2025-05-27,2,regular,mobile,paid_social,2026-01-29,8,high,248
U000134,2025-09-22,3,regular,mobile,organic,2025-10-29,1,low,130
U000135,2025-11-20,3,premium,web,search,2026-01-30,2,medium,71
U000136,2025-07-20,1,value,mobile,organic,2025-09-18,1,low,194
U000137,2025-10-03,2,premium,nan,organic,2026-01-29,3,high,119
U000138,2025-05-12,2,regular,web,paid_social,2026-01-28,8,high,263
U000139,2025-07-31,3,premium,mobile,paid_social,2026-01-29,5,high,183
U000140,2025-08-22,1,value,web,organic,2026-01-26,5,medium,161
U000141,2026-01-06,3,value,web,referral,2026-01-28,1,low,24
U000142,2025-06-27,3,regular,mobile,paid_social,2026-01-29,6,high,217
U000143,2025-07-13,1,regular,web,paid_social,2026-01-30,6,high,201
U000144,2025-08-15,1,regular,web,organic,2026-01-30,5,high,168
U000145,2026-01-09,3,premium,mobile,search,2026-01-29,1,low,21
U000146,2025-12-05,1,regular,mobile,organic,2026-01-06,1,low,56
U000147,2025-05-13,2,value,mobile,organic,2025-12-13,7,medium,262
U000148,2025-07-02,3,regular,web,organic,2025-11-29,4,high,212
U000149,2025-11-27,2,value,mobile,organic,2026-01-20,1,low,64
U000150,2025-05-19,2,value,mobile,organic,2026-01-28,7,medium,256
U000151,2025-12-05,2,value,web,organic,2026-01-29,1,low,56
U000152,2025-07-14,1,regular,web,email,2026-01-30,5,high,200
U000153,2025-12-21,3,regular,web,referral,2026-01-30,1,low,40
U000154,2025-07-17,2,regular,web,search,2025-09-18,2,medium,197
U000155,2025-08-22,1,value,web,email,2025-12-25,3,medium,161
U000156,2025-10-18,2,regular,mobile,organic,2026-01-28,2,medium,104
U000157,2025-06-05,3,regular,mobile,search,2026-01-29,7,high,239
U000158,2025-09-21,1,premium,web,referral,2026-01-29,4,high,131
U000159,2025-09-08,3,regular,mobile,search,2025-10-11,1,low,144
U000160,2025-11-17,2,regular,web,organic,2026-01-15,2,low,74
U000161,2026-01-10,3,regular,web,search,2026-01-29,1,low,20
U000162,2025-10-18,3,regular,mobile,search,2025-11-13,1,low,104
U000163,2025-08-15,3,premium,web,paid_social,2026-01-30,4,high,168
U000164,2025-08-15,3,regular,mobile,search,2026-01-30,3,high,168
U000165,2025-08-17,1,regular,web,search,2026-01-29,5,high,166
U000166,2025-11-25,3,value,web,organic,2026-01-11,1,low,66
U000167,2025-07-24,2,regular,web,search,2026-01-29,6,high,190
U000168,2025-06-15,2,regular,web,organic,2025-07-16,0,low,229
U000169,2025-07-27,3,regular,mobile,referral,2026-01-29,5,high,187
U000170,2025-05-10,3,regular,mobile,paid_social,2026-01-27,8,high,265
U000171,2025-05-31,2,value,web,search,2026-01-30,8,medium,244
U000172,2025-05-27,2,premium,web,paid_social,2026-01-30,8,high,248
U000173,2025-11-14,2,value,mobile,organic,2026-01-25,2,low,77
U000174,2025-11-02,2,premium,mobile,search,2026-01-30,2,medium,89
U000175,2025-10-26,2,value,web,search,2026-01-26,3,low,96
U000176,2025-08-28,2,regular,web,search,2026-01-30,5,high,155
U000177,2025-10-31,1,regular,web,paid_social,2026-01-30,2,medium,91
U000178,2025-06-14,1,regular,web,email,2026-01-30,7,high,230
U000179,2025-12-17,3,value,web,search,2026-01-30,1,low,44
U000180,2025-09-07,2,premium,web,search,2026-01-30,4,high,145
U000181,2025-12-26,3,regular,web,paid_social,2026-01-30,1,low,35
U000182,2025-06-12,2,regular,web,organic,2026-01-07,7,high,232
U000183,2025-09-06,1,regular,web,organic,2026-01-27,2,high,146
U000184,2025-10-26,1,value,mobile,email,2026-01-30,3,low,96
U000185,2025-09-06,1,regular,mobile,referral,2026-01-30,4,high,146
U000186,2025-08-24,3,value,web,email,2026-01-28,5,medium,159
U000187,2025-06-15,1,value,web,organic,2026-01-28,7,medium,229
U000188,2025-08-08,2,regular,web,organic,2025-10-07,2,medium,175
U000189,2025-07-03,3,regular,mobile,search,2026-01-30,7,high,211
U000190,2025-07-19,3,value,mobile,email,2025-12-11,5,medium,195
U000191,2025-10-23,1,value,web,organic,2026-01-30,3,low,99
U000192,2025-10-10,1,value,mobile,organic,2026-01-30,3,medium,112
U000193,2025-10-04,1,value,mobile,organic,2026-01-29,2,medium,118
U000194,2025-08-03,1,regular,mobile,paid_social,2026-01-25,5,high,180
U000195,2025-12-31,1,value,web,referral,2026-01-24,1,low,30
U000196,2025-05-27,2,premium,web,paid_social,2026-01-28,8,high,248
U000197,2025-07-29,3,value,mobile,organic,2026-01-30,6,medium,185
U000198,2025-06-03,2,value,web,paid_social,2026-01-30,8,medium,241
U000199,2025-07-29,2,premium,mobile,search,2026-01-30,6,high,185
U000200,2026-01-01,1,value,mobile,organic,2026-01-25,1,low,29
U000201,2025-08-04,3,regular,web,organic,2026-01-30,5,high,179
U000202,2025-12-19,2,premium,web,search,2026-01-29,1,medium,42
U000203,2025-09-06,3,premium,web,organic,2026-01-30,4,high,146
U000204,2025-10-27,3,regular,web,email,2025-12-30,2,medium,95
U000205,2025-08-27,2,value,mobile,search,2026-01-25,4,medium,156
U000206,2025-07-10,1,regular,mobile,search,2026-01-29,6,high,204
U000207,2025-11-12,1,premium,web,paid_social,2026-01-30,2,high,79
U000208,2026-01-03,2,premium,mobile,paid_social,2026-01-30,1,medium,27
U000209,2025-07-10,3,value,web,organic,2026-01-28,6,medium,204
U000210,2025-11-16,2,regular,mobile,paid_social,2026-01-30,2,medium,75
U000211,2025-07-09,3,value,web,organic,2026-01-25,6,medium,205
U000212,2025-10-31,2,value,mobile,search,2026-01-28,2,low,91
U000213,2025-11-19,1,regular,mobile,paid_social,2026-01-30,2,medium,72
U000214,2025-08-25,2,value,web,search,2026-01-25,5,medium,158
U000215,2025-11-05,2,value,mobile,search,2026-01-30,2,low,86
U000216,2025-07-12,2,value,mobile,organic,2026-01-28,6,medium,202
U000217,2025-05-24,2,regular,web,search,2026-01-30,8,high,251
U000218,2025-05-29,1,value,mobile,organic,2026-01-30,8,high,246
U000219,2025-08-25,2,regular,mobile,email,2026-01-30,4,high,158
U000220,2025-12-17,1,value,mobile,search,2026-01-28,1,low,44
U000221,2025-06-06,3,premium,web,referral,2025-08-08,2,medium,238
U000222,2025-08-27,1,value,nan,search,2026-01-30,5,medium,156
U000223,2025-10-28,1,regular,mobile,referral,2026-01-30,2,medium,94
U000224,2025-06-24,2,value,mobile,organic,2026-01-27,6,medium,220
U000225,2025-11-02,2,value,web,organic,2026-01-30,2,low,89
U000226,2025-07-20,2,value,web,organic,2026-01-26,6,medium,194
U000227,2025-11-23,2,value,mobile,organic,2025-12-16,0,low,68
U000228,2025-09-27,3,value,web,email,2025-11-25,1,low,125
U000229,2025-09-19,2,regular,web,paid_social,2026-01-30,4,high,133
U000230,2025-06-18,2,regular,web,paid_social,2025-11-17,4,high,226
U000231,2025-08-29,2,value,mobile,search,2025-09-29,1,low,154
U000232,2025-12-06,1,regular,web,search,2026-01-28,0,medium,55
U000233,2025-05-09,2,regular,mobile,paid_social,2025-09-10,4,low,266
U000234,2025-11-11,1,value,mobile,referral,2026-01-05,2,low,80
U000235,2025-09-05,2,value,mobile,paid_social,2026-01-30,3,medium,147
U000236,2025-11-01,1,value,mobile,paid_social,2025-12-02,1,low,90
U000237,2025-10-18,3,value,web,organic,2026-01-25,3,medium,104
U000238,2025-08-21,2,regular,mobile,email,2026-01-29,5,high,162
U000239,2025-07-21,3,premium,web,organic,2026-01-18,5,high,193
U000240,2025-10-09,2,premium,mobile,search,2026-01-30,3,high,113
U000241,2025-06-09,1,premium,web,referral,2026-01-05,6,high,235
U000242,2025-09-28,3,regular,mobile,organic,2025-11-29,1,medium,124
U000243,2025-05-28,2,value,mobile,organic,2025-10-28,5,low,247
U000244,2025-10-15,3,value,web,search,2025-12-17,2,low,107
U000245,2025-10-09,2,value,mobile,search,2026-01-27,3,low,113
U000246,2025-05-26,2,value,web,email,2025-09-25,3,low,249
U000247,2025-11-11,3,value,web,referral,2026-01-11,1,low,80
U000248,2025-08-17,2,regular,web,search,2026-01-30,5,high,166
U000249,2025-11-18,2,value,web,email,2026-01-29,2,low,73
U000250,2025-05-15,2,value,mobile,paid_social,,0,low,260
U000251,2025-06-19,2,regular,mobile,referral,2026-01-30,7,high,225
U000252,2025-09-05,3,value,web,organic,2026-01-26,4,medium,147
U000253,2025-06-21,2,premium,mobile,search,2026-01-28,7,high,223
U000254,2025-07-26,2,value,mobile,organic,2026-01-29,6,medium,188
U000255,2025-10-17,3,regular,mobile,organic,2026-01-30,3,medium,105
U000256,2025-06-10,2,value,web,paid_social,2025-07-11,0,low,234
U000257,2025-10-22,2,regular,mobile,organic,2026-01-30,3,medium,100
U000258,2025-05-30,2,value,web,search,2026-01-29,8,medium,245
U000259,2025-06-17,1,value,mobile,paid_social,2026-01-30,6,medium,227
U000260,2025-09-29,2,regular,mobile,organic,2026-01-30,3,high,123
U000261,2025-11-20,1,value,mobile,search,2026-01-26,2,low,71
U000262,2025-06-16,1,value,web,paid_social,2026-01-29,6,medium,228
U000263,2025-07-19,2,premium,web,referral,2026-01-30,6,high,195
U000264,2025-12-23,2,value,mobile,organic,2026-01-16,1,low,38
U000265,2026-01-08,3,regular,web,email,2026-01-29,1,low,22
U000266,2025-09-27,2,regular,web,referral,2025-12-29,3,medium,125
U000267,2025-08-25,1,value,mobile,paid_social,2026-01-30,5,medium,158
U000268,2025-07-31,3,regular,mobile,search,2026-01-30,5,high,183
U000269,2025-10-05,1,value,web,paid_social,2026-01-30,3,low,117
U000270,2025-09-30,1,regular,web,referral,2026-01-26,4,medium,122
U000271,2025-07-17,2,value,mobile,organic,2026-01-26,5,medium,197
U000272,2025-05-10,2,value,web,email,2025-08-07,3,low,265
U000273,2025-06-12,3,value,web,email,2026-01-30,7,medium,232
U000274,2025-12-31,3,premium,web,search,2026-01-30,1,medium,30
U000275,2025-08-17,2,regular,web,paid_social,2026-01-29,5,high,166
U000276,2025-09-03,1,premium,mobile,search,2026-01-30,4,high,149
U000277,2025-08-30,2,regular,web,paid_social,2025-11-24,2,medium,153
U000278,2025-11-17,2,regular,web,referral,2026-01-28,2,medium,74
U000279,2025-05-21,1,regular,web,organic,2025-11-17,6,medium,254
U000280,2025-05-25,2,premium,web,organic,2026-01-27,7,high,250
U000281,2025-07-13,2,regular,web,organic,2026-01-28,6,high,201
U000282,2025-09-04,1,value,mobile,email,2026-01-25,4,medium,148
U000283,2025-10-20,2,regular,mobile,search,2026-01-29,2,medium,102
U000284,2025-09-05,2,regular,web,referral,2026-01-07,4,high,147
U000285,2025-08-23,1,value,web,search,2026-01-22,5,medium,160
U000286,2025-12-26,2,regular,web,organic,2026-01-26,0,low,35
U000287,2025-06-14,3,value,web,email,2026-01-29,7,medium,230
U000288,2025-09-25,2,regular,mobile,search,2026-01-30,4,high,127
U000289,2025-09-18,3,value,web,search,2025-10-17,1,low,134
U000290,2025-08-31,2,regular,mobile,organic,2026-01-29,4,high,152
U000291,2025-11-23,3,regular,mobile,organic,2025-12-21,0,low,68
U000292,2025-07-11,1,regular,web,organic,2026-01-30,6,high,203
U000293,2025-12-30,2,value,mobile,search,2026-01-21,1,low,31
U000294,2025-07-27,1,premium,web,paid_social,2026-01-28,6,high,187
U000295,2025-09-18,2,regular,web,organic,2026-01-29,4,medium,134
U000296,2025-09-12,2,value,mobile,organic,2026-01-28,4,medium,140
U000297,2025-12-04,1,value,web,organic,2026-01-28,1,low,57
U000298,2025-08-23,3,value,mobile,search,2025-10-28,2,low,160
U000299,2025-07-15,2,value,mobile,email,2026-01-30,6,medium,199
U000300,2025-05-10,2,regular,web,search,2026-01-29,8,high,265
U000301,2025-08-04,1,premium,mobile,organic,2026-01-28,5,high,179
U000302,2025-11-28,2,regular,web,paid_social,2026-01-30,1,low,63
U000303,2025-05-07,2,regular,mobile,email,2026-01-28,8,high,268
U000304,2025-12-15,2,regular,web,referral,2026-01-30,1,low,46
U000305,2025-09-18,1,regular,web,referral,2026-01-27,4,high,134
U000306,2025-06-09,3,regular,web,email,2026-01-29,6,high,235
U000307,2025-07-19,3,value,mobile,paid_social,2026-01-21,6,medium,195
U000308,2025-09-21,2,premium,web,email,2026-01-29,4,high,131
U000309,2025-07-23,2,regular,mobile,organic,2025-12-22,5,high,191
U000310,2025-06-01,3,regular,web,referral,2026-01-30,6,high,243
U000311,2025-10-19,3,premium,web,referral,2026-01-30,3,high,103
U000312,2025-10-20,2,regular,web,email,2025-11-13,1,low,102
U000313,2025-06-03,3,value,web,search,2026-01-29,7,medium,241
U000314,2025-07-14,3,regular,mobile,referral,2026-01-13,6,high,200
U000315,2025-07-05,3,value,web,organic,2026-01-30,6,medium,209
U000316,2025-10-17,2,regular,mobile,paid_social,2026-01-27,3,medium,105
U000317,2025-11-04,1,value,mobile,search,2025-12-11,0,low,87
U000318,2025-11-03,1,regular,web,paid_social,2026-01-30,2,medium,88
U000319,2025-12-26,2,premium,mobile,paid_social,2026-01-30,1,low,35
U000320,2025-11-13,2,value,mobile,search,2026-01-10,1,low,78
U000321,2025-07-24,2,regular,mobile,organic,2025-10-13,2,medium,190
U000322,2025-06-01,2,regular,web,organic,2026-01-30,7,high,243
U000323,2025-10-06,2,regular,mobile,paid_social,2026-01-29,3,medium,116
U000324,2025-12-20,3,value,mobile,paid_social,2026-01-22,0,low,41
U000325,2026-01-04,1,value,web,paid_social,2026-01-26,1,low,26
U000326,2025-07-01,1,regular,mobile,organic,2026-01-01,6,high,213
U000327,2025-07-03,3,regular,web,referral,2026-01-27,7,high,211
U000328,2025-05-14,3,regular,mobile,paid_social,2026-01-30,8,high,261
U000329,2025-06-09,3,value,mobile,organic,2025-12-30,5,medium,235
U000330,2025-09-21,3,regular,mobile,organic,2026-01-28,3,high,131
U000331,2025-09-19,3,value,mobile,search,2026-01-30,4,medium,133
U000332,2025-08-06,2,value,mobile,search,2025-10-05,1,low,177
U000333,2025-07-21,2,regular,mobile,organic,2026-01-28,5,high,193
U000334,2025-11-29,2,value,web,organic,2026-01-27,1,low,62
U000335,2025-08-28,2,regular,web,organic,2025-10-29,2,medium,155
U000336,2025-11-23,3,premium,web,organic,2026-01-29,1,medium,68
U000337,2026-01-01,2,regular,web,organic,2026-01-30,1,low,29
U000338,2025-07-23,2,regular,mobile,referral,2026-01-27,6,high,191
U000339,2025-06-24,2,value,mobile,search,2026-01-30,7,medium,220
U000340,2025-12-30,1,value,web,search,2026-01-30,1,low,31
U000341,2025-10-11,1,value,web,paid_social,2026-01-30,3,medium,111
U000342,2025-07-17,1,regular,mobile,search,2026-01-28,6,high,197
U000343,2025-10-08,3,regular,web,organic,2026-01-30,3,high,114
U000344,2025-09-11,2,value,mobile,organic,2026-01-27,3,medium,141
U000345,2025-12-18,3,value,mobile,organic,2026-01-09,1,low,43
U000346,2025-07-08,2,value,web,paid_social,2026-01-30,6,medium,206
U000347,2026-01-08,1,regular,web,search,2026-01-28,1,low,22
U000348,2025-12-25,1,regular,web,search,2026-01-23,1,low,36
U000349,2025-06-19,3,regular,web,search,2026-01-28,7,high,225
U000350,2025-06-15,2,premium,web,email,2026-01-30,7,high,229
U000351,2025-09-15,3,value,web,organic,2026-01-29,4,medium,137
U000352,2025-05-16,1,regular,web,search,2025-09-16,4,medium,259
U000353,2025-07-18,2,regular,web,search,2026-01-29,6,high,196
U000354,2025-08-22,3,value,web,paid_social,2026-01-29,5,medium,161
U000355,2026-01-03,1,premium,mobile,paid_social,2026-01-30,1,medium,27
U000356,2026-01-09,2,value,web,paid_social,2026-01-29,1,low,21
U000357,2025-06-12,3,regular,mobile,organic,2025-09-11,3,medium,232
U000358,2025-12-14,2,regular,web,search,2026-01-29,1,low,47
U000359,2025-05-27,2,premium,web,referral,2026-01-30,8,high,248
U000360,2025-11-08,2,regular,web,search,2026-01-30,2,medium,83
U000361,2025-12-03,2,value,mobile,email,2025-12-30,1,low,58
U000362,2025-12-14,3,regular,web,search,2026-01-13,0,low,47
U000363,2025-06-30,3,regular,web,search,2026-01-22,7,high,214
U000364,2025-12-15,2,regular,web,search,2026-01-29,0,low,46
U000365,2025-06-03,3,regular,mobile,search,2026-01-29,7,high,241
U000366,2025-09-12,1,value,web,referral,2026-01-30,4,low,140
U000367,2025-08-30,1,regular,web,organic,2026-01-29,4,high,153
U000368,2025-07-23,2,premium,mobile,search,2026-01-30,6,high,191
U000369,2025-05-10,3,value,web,paid_social,2026-01-30,8,medium,265
U000370,2025-11-14,1,regular,web,referral,2026-01-28,2,medium,77
U000371,2025-07-28,1,premium,mobile,paid_social,2026-01-29,6,high,186
U000372,2025-10-18,2,regular,web,email,2026-01-30,3,medium,104
U000373,2025-08-15,3,premium,web,referral,2026-01-30,5,high,168
U000374,2025-08-06,1,regular,web,search,2026-01-09,5,high,177
U000375,2025-12-13,2,premium,web,referral,2026-01-30,1,medium,48
U000376,2025-05-28,2,value,mobile,email,2026-01-30,8,medium,247
U000377,2025-11-05,2,regular,mobile,organic,2026-01-08,2,medium,86
U000378,2025-11-08,1,regular,mobile,paid_social,2026-01-30,2,medium,83
U000379,2025-08-08,1,regular,web,organic,2026-01-27,5,high,175
U000380,2025-07-09,2,premium,mobile,paid_social,2026-01-28,4,high,205
U000381,2025-05-06,2,regular,mobile,organic,2026-01-26,8,high,269
U000382,2025-12-26,3,regular,web,paid_social,2026-01-26,1,low,35
U000383,2025-12-28,2,regular,mobile,search,2026-01-28,1,low,33
U000384,2025-07-04,2,regular,mobile,paid_social,2025-12-07,5,high,210
U000385,2025-05-13,3,regular,mobile,organic,2026-01-30,7,high,262
U000386,2025-06-04,2,value,web,paid_social,2025-07-10,1,low,240
U000387,2025-05-21,2,regular,web,search,2026-01-30,8,high,254
U000388,2025-11-29,3,premium,mobile,paid_social,2026-01-30,1,high,62
U000389,2025-12-14,1,regular,mobile,organic,2026-01-28,1,low,47
U000390,2025-06-12,2,regular,web,organic,2026-01-30,7,high,232
U000391,2025-11-08,3,regular,web,search,2026-01-30,2,medium,83
U000392,2025-06-18,1,regular,mobile,email,2026-01-30,6,high,226
U000393,2025-08-05,2,value,web,organic,2025-09-09,0,low,178
U000394,2025-10-02,1,regular,web,paid_social,2025-11-03,1,low,120
U000395,2025-11-01,1,regular,mobile,organic,2025-12-31,2,low,90
U000396,2025-12-10,2,value,web,paid_social,2026-01-30,0,low,51
U000397,2025-05-16,2,value,web,organic,2026-01-28,8,medium,259
U000398,2025-06-23,3,regular,web,search,2026-01-29,7,high,221
U000399,2025-07-14,3,regular,mobile,search,2026-01-30,6,high,200
U000400,2025-07-21,3,regular,web,organic,2025-11-24,4,high,193
U000401,2026-01-10,2,value,mobile,search,2026-01-15,1,low,20
U000402,2025-11-16,2,regular,mobile,search,2026-01-30,2,medium,75
U000403,2025-07-24,2,regular,mobile,search,2026-01-29,6,high,190
U000404,2026-01-03,1,regular,web,email,2026-01-25,0,low,27
U000405,2025-09-07,3,regular,web,search,2026-01-30,3,high,145
U000406,2025-09-07,2,value,web,email,2025-12-07,3,low,145
U000407,2025-08-21,1,premium,mobile,search,2025-12-16,4,high,162
U000408,2025-06-10,3,value,mobile,organic,2026-01-28,7,medium,234
U000409,2025-12-25,2,regular,mobile,organic,2026-01-29,1,low,36
U000410,2025-05-08,1,value,web,search,2025-12-25,8,medium,267
U000411,2025-06-17,1,regular,web,organic,2026-01-30,7,high,227
U000412,2025-07-01,2,value,mobile,referral,2026-01-28,7,medium,213
U000413,2025-07-14,3,premium,web,paid_social,2025-11-15,4,high,200
U000414,2025-06-07,1,regular,mobile,search,2026-01-30,7,high,237
U000415,2025-05-09,3,regular,web,search,2026-01-30,8,high,266
U000416,2025-10-22,3,value,mobile,search,2026-01-27,3,low,100
U000417,2026-01-03,3,value,mobile,paid_social,2026-01-30,1,low,27
U000418,2025-06-04,1,regular,web,organic,2026-01-26,6,high,240
U000419,2025-07-18,1,regular,web,organic,2026-01-28,6,high,196
U000420,2025-09-09,3,regular,mobile,organic,2025-12-13,3,medium,143
U000421,2025-12-23,2,premium,web,organic,2026-01-30,1,medium,38
U000422,2025-10-26,2,regular,web,paid_social,2026-01-30,3,high,96
U000423,2025-11-13,3,premium,web,organic,2026-01-30,2,high,78
U000424,2025-09-27,1,value,web,organic,2025-11-27,1,low,125
U000425,2025-08-17,3,regular,mobile,email,2026-01-29,5,high,166
U000426,2025-06-24,3,regular,web,email,2026-01-28,7,high,220
U000427,2025-12-07,2,regular,web,search,2026-01-28,1,medium,54
U000428,2025-11-22,2,premium,mobile,search,2026-01-29,2,medium,69
U000429,2025-05-11,3,regular,web,paid_social,2026-01-30,8,high,264
U000430,2025-10-31,2,premium,web,organic,2026-01-30,2,high,91
U000431,2025-05-26,2,regular,mobile,search,2026-01-30,8,high,249
U000432,2025-11-06,3,value,mobile,organic,2026-01-26,2,low,85
U000433,2025-11-28,2,regular,mobile,search,2026-01-29,2,low,63
U000434,2025-06-06,2,regular,mobile,email,2026-01-27,7,high,238
U000435,2025-08-21,1,premium,web,paid_social,2026-01-25,5,high,162
U000436,2025-06-05,1,regular,web,email,2026-01-30,5,high,239
U000437,2025-09-24,2,value,mobile,paid_social,2026-01-29,3,low,128
U000438,2025-12-23,2,value,mobile,paid_social,2026-01-30,0,low,38
U000439,2025-05-25,2,value,mobile,paid_social,2026-01-28,8,high,250
U000440,2025-08-12,2,regular,web,paid_social,2026-01-30,5,high,171
U000441,2026-01-04,3,value,web,search,2026-01-30,0,low,26
U000442,2025-07-19,3,regular,web,organic,2026-01-29,5,high,195
U000443,2025-06-07,1,regular,mobile,search,2026-01-30,6,high,237
U000444,2025-09-04,2,regular,mobile,organic,2026-01-29,4,medium,148
U000445,2025-09-09,2,value,web,search,2026-01-28,3,medium,143
U000446,2025-10-18,2,regular,web,organic,2026-01-30,3,medium,104
U000447,2025-07-22,1,value,web,search,2026-01-30,6,medium,192
U000448,2025-12-30,3,premium,web,organic,2026-01-28,1,medium,31
U000449,2025-09-12,3,value,mobile,organic,2026-01-30,4,medium,140
U000450,2025-07-15,2,value,mobile,search,2025-09-14,1,low,199
U000451,2026-01-01,3,value,web,organic,2026-01-30,1,low,29
U000452,2025-12-23,3,regular,mobile,email,2026-01-27,1,low,38
U000453,2025-09-07,2,value,mobile,search,2026-01-29,4,medium,145
U000454,2025-05-11,2,regular,web,search,2026-01-30,7,high,264
U000455,2025-10-01,2,regular,web,organic,2026-01-28,2,medium,121
U000456,2025-09-21,3,regular,web,referral,2026-01-21,3,medium,131
U000457,2025-06-11,1,value,web,paid_social,2025-11-06,5,low,233
U000458,2025-10-11,2,value,web,search,2026-01-30,3,medium,111
U000459,2025-12-02,3,regular,mobile,organic,2026-01-30,1,medium,59
U000460,2025-05-31,2,value,web,paid_social,2026-01-28,8,medium,244
U000461,2025-11-02,3,regular,web,email,2026-01-29,2,medium,89
U000462,2025-06-09,2,value,mobile,search,2026-01-27,7,medium,235
U000463,2025-11-08,3,regular,web,organic,2026-01-28,2,medium,83
U000464,2025-08-18,3,value,mobile,organic,2026-01-10,3,medium,165
U000465,2025-05-06,2,regular,mobile,organic,2026-01-30,8,high,269
U000466,2026-01-02,3,value,mobile,paid_social,2026-01-25,1,low,28
U000467,2025-06-15,2,regular,mobile,email,2026-01-30,7,high,229
U000468,2025-10-01,2,value,mobile,email,2025-10-26,1,low,121
U000469,2025-06-19,2,premium,mobile,referral,2026-01-30,7,high,225
U000470,2025-12-25,3,regular,web,organic,2026-01-30,1,low,36
U000471,2025-11-06,1,value,web,email,2026-01-30,2,low,85
U000472,2025-11-22,1,value,web,organic,2026-01-30,2,low,69
U000473,2025-08-21,2,value,web,organic,2026-01-26,5,low,162
U000474,2025-08-30,2,value,web,paid_social,2026-01-26,4,medium,153
U000475,2025-10-11,2,value,web,organic,2026-01-29,3,low,111
U000476,2025-11-17,1,premium,web,referral,2026-01-30,2,high,74
U000477,2025-12-03,2,regular,web,email,2025-12-28,1,low,58
U000478,2025-05-09,3,value,web,paid_social,2025-11-26,7,medium,266
U000479,2025-10-18,1,regular,mobile,referral,2026-01-29,2,medium,104
U000480,2025-06-01,2,value,mobile,search,2026-01-26,7,medium,243
U000481,2025-07-16,3,premium,mobile,organic,2025-09-20,2,medium,198
U000482,2025-11-29,1,value,web,referral,2026-01-02,0,low,62
U000483,2025-07-06,2,regular,mobile,paid_social,2026-01-30,5,high,208
U000484,2025-11-21,2,regular,mobile,email,2025-12-17,0,low,70
U000485,2025-08-29,3,value,web,organic,2026-01-28,4,medium,154
U000486,2025-07-02,2,value,mobile,organic,2026-01-30,6,medium,212
U000487,2025-07-27,3,regular,web,search,2026-01-30,6,high,187
U000488,2025-09-15,1,premium,mobile,paid_social,2026-01-30,3,high,137
U000489,2025-11-13,2,regular,mobile,referral,2026-01-09,2,low,78
U000490,2025-10-04,3,regular,web,email,2026-01-30,3,high,118
U000491,2025-12-25,1,regular,mobile,organic,2026-01-30,1,low,36
U000492,2025-12-08,1,regular,web,search,2026-01-28,1,medium,53
U000493,2025-11-10,1,regular,web,organic,2026-01-29,2,medium,81
U000494,2025-10-03,3,regular,web,organic,2026-01-29,3,medium,119
U000495,2025-07-16,2,regular,web,search,2026-01-30,6,high,198
U000496,2025-08-16,2,value,web,paid_social,2025-11-15,2,low,167
U000497,2025-06-03,2,premium,nan,search,2025-10-03,4,high,241
U000498,2025-08-06,2,value,web,search,2026-01-29,4,medium,177
U000499,2025-12-23,2,value,web,paid_social,2026-01-16,1,low,38
U000500,2025-08-19,2,regular,mobile,referral,2025-10-20,2,low,164
U000501,2025-06-02,2,value,web,organic,2025-10-31,3,low,242
U000502,2025-10-15,1,value,web,search,2026-01-18,3,low,107
U000503,2026-01-01,3,value,mobile,paid_social,2026-01-26,1,low,29
U000504,2025-12-08,3,regular,mobile,paid_social,2026-01-04,1,low,53
U000505,2025-07-12,2,regular,web,referral,2026-01-30,6,high,202
U000506,2025-08-26,2,value,web,organic,2026-01-28,4,medium,157
U000507,2025-09-15,1,value,mobile,search,2026-01-30,4,medium,137
U000508,2025-07-06,3,regular,mobile,email,2026-01-30,6,high,208
U000509,2025-07-11,3,premium,web,search,2026-01-30,6,high,203
U000510,2025-07-03,3,value,web,search,2025-09-03,2,low,211
U000511,2026-01-09,2,premium,web,email,2026-01-30,1,low,21
U000512,2025-11-08,1,premium,mobile,organic,2026-01-30,2,medium,83
U000513,2025-12-02,1,value,mobile,paid_social,2026-01-25,1,low,59
U000514,2025-11-25,1,regular,mobile,referral,2026-01-29,1,medium,66
U000515,2025-12-31,1,regular,web,organic,2026-01-27,1,low,30
U000516,2025-05-31,1,regular,mobile,paid_social,2026-01-30,8,high,244
U000517,2025-12-12,3,regular,mobile,search,2026-01-08,1,low,49
U000518,2025-05-21,1,regular,web,referral,2026-01-30,6,high,254
U000519,2025-09-01,1,regular,mobile,email,2026-01-30,4,high,151
U000520,2025-10-01,3,regular,web,referral,2026-01-28,3,medium,121
U000521,2025-08-02,2,premium,web,organic,2026-01-30,5,high,181
U000522,2025-06-10,3,regular,mobile,paid_social,2026-01-30,7,high,234
U000523,2025-06-22,2,regular,web,email,2026-01-30,7,high,222
U000524,2025-11-27,3,premium,mobile,paid_social,2025-12-22,0,low,64
U000525,2025-07-23,2,value,web,paid_social,2025-09-19,1,low,191
U000526,2025-07-21,2,value,web,organic,2026-01-29,6,medium,193
U000527,2025-12-22,2,regular,web,referral,2026-01-26,1,low,39
U000528,2025-06-10,2,premium,web,organic,2026-01-29,7,high,234
U000529,2025-12-20,2,value,web,organic,2026-01-17,0,low,41
U000530,2025-12-22,2,regular,mobile,email,2026-01-30,1,low,39
U000531,2025-10-02,1,value,web,email,2026-01-28,4,medium,120
U000532,2025-06-15,3,value,web,email,2026-01-30,7,medium,229
U000533,2025-06-13,2,regular,mobile,search,2025-10-07,4,medium,231
U000534,2025-07-15,1,value,web,organic,2026-01-29,6,medium,199
U000535,2025-09-26,1,premium,mobile,search,2026-01-30,3,high,126
U000536,2025-06-12,3,value,web,organic,2026-01-27,7,medium,232
U000537,2025-08-27,2,premium,web,referral,2026-01-30,5,high,156
U000538,2025-06-02,2,value,mobile,search,2026-01-28,8,medium,242
U000539,2025-09-17,3,premium,mobile,search,2026-01-30,4,high,135
U000540,2025-05-10,1,regular,mobile,organic,2026-01-30,8,high,265
U000541,2025-10-29,3,value,web,search,2026-01-30,3,low,93
U000542,2025-05-18,2,value,web,referral,2026-01-27,6,medium,257
U000543,2025-06-22,1,value,mobile,paid_social,2026-01-29,7,medium,222
U000544,2025-06-17,2,regular,mobile,organic,2026-01-29,7,high,227
U000545,2025-11-29,3,regular,mobile,organic,2026-01-22,2,medium,62
U000546,2025-05-18,2,regular,mobile,search,2026-01-30,7,high,257
U000547,2025-08-20,2,regular,mobile,organic,2026-01-30,5,high,163
U000548,2025-09-30,2,regular,web,email,2026-01-30,3,medium,122
U000549,2025-09-11,2,regular,mobile,paid_social,2025-10-14,0,low,141
U000550,2025-10-22,2,regular,web,organic,2026-01-30,3,high,100
U000551,2025-11-22,2,regular,web,referral,2026-01-30,2,medium,69
U000552,2025-08-11,2,regular,mobile,search,2026-01-30,5,high,172
U000553,2025-11-28,1,premium,web,organic,2026-01-30,1,medium,63
U000554,2025-07-23,2,value,web,search,2025-10-18,2,low,191
U000555,2026-01-07,2,value,mobile,organic,2026-01-23,1,low,23
U000556,2025-09-08,2,value,mobile,search,2026-01-30,4,medium,144
U000557,2025-11-05,1,regular,web,referral,2026-01-30,2,medium,86
U000558,2025-12-10,2,value,mobile,email,2026-01-09,0,low,51
U000559,2025-11-19,2,premium,web,search,2026-01-21,2,medium,72
U000560,2025-12-04,1,regular,mobile,paid_social,2026-01-30,1,medium,57
U000561,2025-09-16,1,regular,web,organic,2026-01-28,4,high,136
U000562,2025-05-15,2,regular,web,search,2026-01-29,8,high,260
U000563,2025-09-05,2,value,web,organic,2026-01-29,4,medium,147
U000564,2025-06-19,1,regular,web,search,2026-01-28,7,high,225
U000565,2025-12-14,3,value,web,organic,2026-01-17,1,low,47
U000566,2025-07-03,2,regular,web,email,2026-01-30,7,high,211
U000567,2025-07-01,3,premium,mobile,referral,2025-08-05,1,low,213
U000568,2025-07-06,2,regular,web,organic,2026-01-30,6,high,208
U000569,2025-10-13,2,premium,web,paid_social,2026-01-26,3,high,109
U000570,2025-09-25,2,regular,mobile,organic,2026-01-28,4,high,127
U000571,2025-12-29,3,regular,nan,paid_social,2026-01-22,1,low,32
U000572,2025-08-17,2,regular,mobile,organic,2026-01-30,4,high,166
U000573,2025-07-14,2,regular,web,organic,2025-09-15,2,low,200
U000574,2025-05-17,2,value,web,paid_social,2026-01-29,8,medium,258
U000575,2025-05-06,2,value,mobile,search,2026-01-29,7,medium,269
U000576,2025-08-06,1,regular,mobile,search,2026-01-30,5,high,177
U000577,2025-12-23,2,value,web,search,2026-01-29,1,low,38
U000578,2025-09-13,2,regular,mobile,organic,2026-01-30,4,high,139
U000579,2025-12-15,3,regular,mobile,organic,2026-01-30,1,low,46
U000580,2025-05-30,2,premium,mobile,paid_social,2026-01-29,7,high,245
U000581,2025-05-28,2,value,web,paid_social,2025-12-15,6,medium,247
U000582,2025-11-30,3,premium,mobile,organic,2026-01-28,1,medium,61
U000583,2025-05-31,2,value,web,search,2026-01-26,8,medium,244
U000584,2025-05-18,1,regular,mobile,paid_social,,1,low,257
U000585,2025-08-14,1,regular,web,paid_social,2026-01-26,5,high,169
U000586,2025-12-23,1,value,web,referral,2026-01-20,1,low,38
U000587,2025-10-25,1,value,web,search,2026-01-30,2,low,97
U000588,2025-05-29,2,value,mobile,search,2025-11-26,5,medium,246
U000589,2025-12-01,3,regular,mobile,search,2026-01-05,0,low,60
U000590,2025-12-02,2,regular,mobile,organic,2026-01-30,1,medium,59
U000591,2025-11-21,1,value,mobile,organic,2026-01-21,2,low,70
U000592,2025-12-17,2,value,mobile,organic,2026-01-28,1,low,44
U000593,2025-07-04,1,regular,mobile,referral,2026-01-30,6,high,210
U000594,2026-01-05,3,value,web,organic,2026-01-24,1,low,25
U000595,2025-07-24,1,regular,mobile,paid_social,2026-01-28,6,high,190
U000596,2025-11-22,2,premium,nan,search,2026-01-30,2,high,69
U000597,2025-09-27,2,regular,web,search,2025-12-03,1,medium,125
U000598,2025-11-16,2,premium,web,referral,2026-01-30,2,high,75
U000599,2025-10-09,2,regular,web,paid_social,2026-01-02,2,medium,113
U000600,2025-10-13,3,regular,mobile,organic,2026-01-28,3,high,109
U000601,2025-10-06,1,value,mobile,paid_social,2026-01-30,3,medium,116
U000602,2025-11-16,3,value,web,search,2026-01-30,2,low,75
U000603,2025-11-06,2,regular,mobile,search,2026-01-28,2,medium,85
U000604,2025-06-07,3,value,web,paid_social,2025-11-28,6,medium,237
U000605,2025-11-28,3,premium,web,paid_social,2026-01-30,1,high,63
U000606,2025-09-16,3,regular,web,organic,2026-01-28,4,high,136
U000607,2025-07-25,1,premium,web,email,2026-01-30,6,high,189
U000608,2025-09-11,2,value,web,paid_social,2026-01-27,4,medium,141
U000609,2026-01-02,2,regular,web,paid_social,2026-01-28,1,low,28
U000610,2025-12-06,2,regular,web,organic,2026-01-28,0,medium,55
U000611,2025-11-30,2,value,web,organic,2026-01-29,1,low,61
U000612,2025-08-29,3,regular,mobile,search,2025-12-27,4,medium,154
U000613,2025-11-17,3,regular,web,paid_social,2025-12-23,0,low,74
U000614,2025-08-09,2,premium,web,search,2026-01-30,5,high,174
U000615,2025-10-24,2,regular,web,paid_social,2025-12-27,2,medium,98
U000616,2025-10-12,3,value,web,organic,2026-01-11,3,low,110
U000617,2025-07-06,3,regular,web,paid_social,2025-11-07,3,medium,208
U000618,2025-07-10,1,regular,web,referral,2026-01-30,6,high,204
U000619,2025-05-20,2,value,mobile,paid_social,2026-01-15,8,medium,255
U000620,2025-06-09,3,regular,mobile,paid_social,2026-01-27,7,high,235
U000621,2025-08-21,2,value,mobile,referral,2026-01-30,5,medium,162
U000622,2025-09-01,2,value,mobile,organic,2025-12-01,3,low,151
U000623,2025-06-15,3,regular,web,paid_social,2026-01-29,7,high,229
U000624,2025-08-17,3,value,web,email,2026-01-29,5,medium,166
U000625,2025-10-03,3,regular,web,search,2026-01-30,3,high,119
U000626,2025-07-02,3,value,web,organic,2026-01-30,5,medium,212
U000627,2025-07-28,2,regular,web,email,2025-09-01,1,low,186
U000628,2025-08-05,2,value,web,organic,2025-09-09,1,low,178
U000629,2025-09-08,2,premium,mobile,organic,2026-01-30,4,high,144
U000630,2025-08-04,2,value,web,organic,2025-10-05,2,low,179
U000631,2025-11-05,2,regular,web,search,2026-01-27,2,medium,86
U000632,2025-07-26,2,value,mobile,search,2026-01-21,6,medium,188
U000633,2025-08-21,2,value,web,search,2025-09-19,1,low,162
U000634,2025-08-08,2,regular,mobile,email,2025-12-01,3,medium,175
U000635,2025-06-19,2,regular,mobile,search,2026-01-30,7,high,225
U000636,2025-10-24,2,premium,mobile,search,2026-01-30,3,high,98
U000637,2025-07-03,1,value,web,referral,2026-01-28,6,medium,211
U000638,2025-07-18,1,value,web,referral,2026-01-29,6,medium,196
U000639,2025-11-19,3,regular,mobile,organic,2026-01-18,2,medium,72
U000640,2025-12-29,2,regular,mobile,organic,2026-01-28,1,low,32
U000641,2025-10-20,1,value,mobile,paid_social,2026-01-24,3,low,102
U000642,2025-12-21,3,regular,web,referral,2026-01-30,1,low,40
U000643,2025-12-05,2,regular,web,search,2026-01-29,1,low,56
U000644,2025-09-02,1,regular,web,organic,2026-01-29,4,high,150
U000645,2025-11-14,2,value,web,paid_social,2026-01-26,2,low,77
U000646,2025-07-26,1,regular,web,paid_social,2026-01-30,6,high,188
U000647,2025-08-28,2,value,mobile,search,2026-01-19,5,medium,155
U000648,2025-09-16,2,regular,web,referral,2025-12-16,2,medium,136
U000649,2026-01-01,1,value,mobile,referral,2026-01-28,1,low,29
U000650,2025-12-03,1,regular,mobile,paid_social,2026-01-27,0,low,58
U000651,2025-09-04,2,regular,web,paid_social,2026-01-30,4,high,148
U000652,2025-10-15,1,regular,web,paid_social,2025-12-10,2,low,107
U000653,2025-06-24,3,value,mobile,search,2025-08-17,1,low,220
U000654,2025-11-22,1,value,web,search,2026-01-30,2,low,69
U000655,2025-09-20,2,regular,web,paid_social,2026-01-30,4,high,132
U000656,2025-09-15,2,regular,mobile,paid_social,2026-01-29,4,high,137
U000657,2025-11-13,2,premium,mobile,search,2025-12-12,1,low,78
U000658,2025-10-10,1,value,mobile,organic,2026-01-30,3,low,112
U000659,2025-05-23,3,premium,mobile,paid_social,2026-01-26,8,high,252
U000660,2025-07-16,3,value,web,paid_social,2026-01-28,6,medium,198
U000661,2025-06-18,1,value,mobile,search,2026-01-30,7,medium,226
U000662,2025-11-05,1,value,mobile,search,2026-01-04,2,low,86
U000663,2025-05-13,3,regular,mobile,organic,2026-01-30,8,high,262
U000664,2025-06-24,2,value,mobile,email,2026-01-28,7,medium,220
U000665,2025-10-01,1,value,mobile,referral,2026-01-29,3,medium,121
U000666,2025-10-26,1,regular,mobile,search,2026-01-30,3,high,96
U000667,2025-09-08,2,regular,web,search,2026-01-28,4,high,144
U000668,2025-12-07,2,value,mobile,paid_social,2026-01-27,1,low,54
U000669,2025-12-21,2,value,web,search,2026-01-30,1,low,40
U000670,2025-06-07,3,regular,mobile,email,2026-01-29,7,high,237
U000671,2025-12-30,2,value,mobile,organic,2026-01-21,0,low,31
U000672,2025-10-06,2,value,mobile,organic,2026-01-29,3,low,116
U000673,2025-10-11,2,regular,nan,search,2026-01-24,3,medium,111
U000674,2025-05-28,2,value,web,organic,2026-01-28,8,medium,247
U000675,2025-10-08,1,regular,web,paid_social,2026-01-29,2,medium,114
U000676,2025-11-03,1,value,web,referral,2025-12-30,2,low,88
U000677,2025-09-27,2,value,web,organic,2026-01-29,4,medium,125
U000678,2025-05-26,2,value,mobile,search,2025-12-21,7,medium,249
U000679,2025-09-13,1,value,web,paid_social,2025-10-13,1,low,139
U000680,2025-12-25,2,value,mobile,referral,2026-01-28,1,low,36
U000681,2025-11-02,2,value,web,search,2025-12-29,2,low,89
U000682,2025-06-08,2,premium,mobile,organic,2026-01-30,7,high,236
U000683,2025-12-31,3,regular,mobile,paid_social,2026-01-29,1,low,30
U000684,2025-12-31,3,value,mobile,search,2026-01-20,0,low,30
U000685,2025-06-16,2,regular,mobile,paid_social,2025-07-17,1,low,228
U000686,2025-11-22,1,regular,mobile,search,2026-01-20,1,low,69
U000687,2025-08-15,2,regular,mobile,organic,2026-01-30,3,high,168
U000688,2025-10-01,2,value,mobile,paid_social,2026-01-29,3,medium,121
U000689,2025-08-24,1,value,web,search,2026-01-27,5,low,159
U000690,2025-11-17,1,value,web,organic,2026-01-17,2,low,74
U000691,2026-01-10,1,value,mobile,search,2026-01-22,1,low,20
U000692,2025-11-20,2,value,web,email,2026-01-29,2,low,71
U000693,2025-12-24,2,premium,web,paid_social,2026-01-30,1,medium,37
U000694,2025-12-28,1,premium,mobile,organic,2026-01-29,1,low,33
U000695,2025-05-27,3,value,web,paid_social,2025-10-23,5,medium,248
U000696,2025-07-07,3,regular,mobile,organic,2026-01-04,5,high,207
U000697,2025-11-02,1,regular,mobile,search,2026-01-28,2,medium,89
U000698,2025-09-30,3,regular,mobile,search,2025-11-03,1,low,122
U000699,2025-05-17,1,regular,mobile,organic,2026-01-28,8,high,258
U000700,2025-05-28,3,value,mobile,search,2026-01-29,7,medium,247
U000701,2025-09-12,3,regular,mobile,email,2026-01-28,4,high,140
U000702,2025-10-06,1,premium,mobile,organic,2026-01-29,2,high,116
U000703,2025-06-16,3,regular,web,referral,2026-01-26,6,high,228
U000704,2025-06-16,3,regular,mobile,paid_social,2025-08-20,2,low,228
U000705,2025-06-06,3,regular,mobile,search,,1,low,238
U000706,2025-09-23,3,value,web,organic,2025-10-24,0,low,129
U000707,2025-05-06,2,value,web,organic,2025-10-31,6,low,269
U000708,2025-09-25,1,regular,mobile,organic,2026-01-29,3,high,127
U000709,2025-09-01,3,value,web,paid_social,2026-01-25,4,medium,151
U000710,2025-08-29,2,regular,mobile,email,2026-01-29,5,high,154
U000711,2025-10-22,2,regular,web,referral,2026-01-29,3,medium,100
U000712,2025-09-13,2,regular,web,organic,2026-01-27,4,high,139
U000713,2025-11-03,2,value,mobile,organic,2026-01-30,2,low,88
U000714,2025-11-12,1,premium,web,organic,2026-01-29,1,high,79
U000715,2025-12-21,2,value,web,email,2026-01-30,1,low,40
U000716,2025-11-21,1,value,mobile,organic,2025-12-25,1,low,70
U000717,2025-09-11,2,value,web,organic,2026-01-28,3,medium,141
U000718,2025-09-05,3,regular,web,paid_social,2026-01-28,3,high,147
U000719,2025-07-03,2,premium,mobile,search,2026-01-29,5,high,211
U000720,2025-10-02,2,value,mobile,organic,2026-01-27,3,medium,120
U000721,2025-06-08,2,premium,mobile,paid_social,2026-01-29,7,high,236
U000722,2025-12-24,3,value,web,organic,2026-01-29,0,low,37
U000723,2025-12-03,2,regular,web,organic,2026-01-29,1,medium,58
U000724,2025-06-04,2,value,mobile,organic,2026-01-29,7,medium,240
U000725,2025-11-18,1,regular,mobile,search,2026-01-30,2,medium,73
U000726,2025-06-03,1,regular,web,email,2026-01-30,6,high,241
U000727,2025-11-02,2,regular,mobile,search,2026-01-30,2,medium,89
U000728,2025-05-27,3,value,web,paid_social,2025-11-27,6,medium,248
U000729,2025-09-04,2,regular,mobile,organic,2026-01-30,3,high,148
U000730,2025-10-17,1,premium,mobile,paid_social,2026-01-29,3,high,105
U000731,2025-11-03,3,regular,mobile,email,2026-01-07,2,low,88
U000732,2025-08-18,2,regular,mobile,search,2026-01-30,5,high,165
U000733,2025-12-22,3,regular,web,email,2026-01-30,1,medium,39
U000734,2025-11-15,1,value,mobile,paid_social,2026-01-29,2,low,76
U000735,2025-06-26,2,premium,web,paid_social,2026-01-30,7,high,218
U000736,2025-10-20,3,value,mobile,organic,2025-12-22,2,low,102
U000737,2025-11-04,2,regular,mobile,paid_social,2026-01-30,2,medium,87
U000738,2025-07-27,2,value,web,search,2025-11-29,3,medium,187
U000739,2025-11-06,3,value,web,email,2026-01-30,2,low,85
U000740,2025-12-16,1,regular,web,email,2026-01-29,1,low,45
U000741,2025-11-26,1,regular,web,search,2026-01-29,1,medium,65
U000742,2025-11-12,2,premium,web,email,2026-01-30,1,medium,79
U000743,2025-10-11,2,premium,mobile,referral,2025-11-09,1,low,111
U000744,2025-07-11,1,value,web,paid_social,2026-01-29,6,medium,203
U000745,2025-11-20,2,value,mobile,organic,2026-01-22,1,low,71
U000746,2025-08-04,3,value,mobile,organic,2026-01-30,5,medium,179
U000747,2025-09-15,2,regular,mobile,organic,2026-01-09,3,high,137
U000748,2025-07-22,2,regular,web,organic,2026-01-30,6,high,192
U000749,2025-07-22,3,premium,mobile,email,2026-01-29,5,high,192
U000750,2025-06-13,2,regular,mobile,organic,2025-12-15,5,high,231
U000751,2026-01-01,3,value,mobile,paid_social,2026-01-29,1,low,29
U000752,2025-06-11,2,regular,mobile,paid_social,2026-01-30,7,high,233
U000753,2025-05-26,3,regular,mobile,paid_social,2025-08-24,1,low,249
U000754,2025-12-25,2,regular,web,organic,2026-01-28,1,low,36
U000755,2025-09-21,1,value,mobile,search,2026-01-27,3,medium,131
U000756,2025-08-22,3,regular,web,paid_social,2026-01-29,5,high,161
U000757,2025-11-06,2,regular,mobile,search,2025-12-10,1,low,85
U000758,2025-08-09,1,value,web,organic,2026-01-27,5,medium,174
U000759,2025-06-06,1,regular,web,paid_social,2026-01-30,7,high,238
U000760,2025-11-04,2,value,web,organic,2025-12-01,0,low,87
U000761,2025-06-18,1,regular,web,paid_social,2026-01-29,6,high,226
U000762,2025-09-20,2,regular,mobile,search,2026-01-30,3,high,132
U000763,2025-12-29,1,premium,web,organic,2026-01-30,1,low,32
U000764,2025-12-25,2,value,mobile,referral,2026-01-29,1,low,36
U000765,2025-08-03,2,value,web,organic,2026-01-30,5,medium,180
U000766,2025-11-16,2,value,mobile,email,2026-01-30,2,low,75
U000767,2025-10-05,2,regular,web,referral,2025-12-05,2,medium,117
U000768,2025-09-02,1,value,web,search,2026-01-30,4,medium,150
U000769,2025-06-09,2,regular,web,organic,2026-01-28,6,high,235
U000770,2025-08-07,2,value,mobile,organic,2026-01-26,5,medium,176
U000771,2025-10-15,2,value,mobile,email,2026-01-24,2,low,107
U000772,2026-01-07,1,regular,mobile,paid_social,2026-01-30,0,low,23
U000773,2025-05-06,1,regular,web,organic,2026-01-30,7,high,269
U000774,2025-11-01,1,premium,web,search,2026-01-30,2,high,90
U000775,2025-12-03,2,regular,web,organic,2026-01-30,1,low,58
U000776,2025-12-29,2,regular,web,search,2026-01-29,0,low,32
U000777,2025-08-19,3,regular,mobile,search,2026-01-30,5,high,164
U000778,2025-06-03,2,regular,web,organic,2026-01-30,7,high,241
U000779,2025-07-12,2,value,mobile,referral,2025-09-03,1,low,202
U000780,2025-12-04,2,regular,mobile,organic,2026-01-28,1,low,57
U000781,2025-12-11,1,regular,web,search,2026-01-30,1,low,50
U000782,2025-10-11,2,value,web,paid_social,2025-11-30,2,low,111
U000783,2025-06-04,2,regular,web,email,2026-01-30,7,high,240
U000784,2025-06-04,2,regular,web,search,2025-08-31,3,low,240
U000785,2025-09-02,1,regular,web,email,2026-01-30,5,high,150
U000786,2025-09-29,3,value,mobile,search,2026-01-29,4,low,123
U000787,2025-05-13,3,regular,web,referral,2026-01-29,8,high,262
U000788,2025-10-24,1,premium,mobile,organic,2026-01-30,3,high,98
U000789,2025-09-18,2,value,mobile,paid_social,2025-11-22,1,low,134
U000790,2025-05-08,3,value,mobile,organic,2025-10-02,5,low,267
U000791,2025-05-29,2,value,mobile,email,2026-01-30,8,medium,246
U000792,2025-08-27,3,value,web,email,2026-01-30,5,medium,156
U000793,2025-11-02,2,premium,web,search,2026-01-30,2,high,89
U000794,2025-11-28,3,regular,web,search,2026-01-30,1,medium,63
U000795,2025-08-21,3,value,mobile,paid_social,2025-10-23,1,low,162
U000796,2025-07-18,1,value,mobile,organic,2026-01-30,6,medium,196
U000797,2026-01-03,2,premium,web,paid_social,2026-01-30,1,medium,27
U000798,2025-08-28,2,value,web,paid_social,2025-10-22,2,low,155
U000799,2025-07-23,1,regular,web,search,2026-01-30,6,high,191
U000800,2025-08-24,2,value,web,organic,2026-01-25,5,medium,159
U000801,2025-05-08,3,value,mobile,email,2025-07-05,2,low,267
U000802,2025-07-19,1,regular,web,organic,2026-01-28,6,high,195
U000803,2025-09-11,2,value,web,paid_social,2026-01-02,4,low,141
U000804,2025-12-21,3,regular,web,organic,2026-01-24,1,low,40
U000805,2025-11-06,2,value,web,organic,2026-01-29,2,low,85
U000806,2025-11-17,2,regular,web,organic,2026-01-16,1,low,74
U000807,2025-09-18,3,regular,mobile,search,2026-01-26,3,medium,134
U000808,2025-06-01,2,regular,web,paid_social,2026-01-27,7,high,243
U000809,2025-08-11,1,value,mobile,search,2025-12-09,3,low,172
U000810,2026-01-10,1,regular,web,paid_social,2026-01-30,1,low,20
U000811,2025-05-16,3,premium,web,paid_social,2026-01-27,7,high,259
U000812,2025-12-11,2,value,web,organic,2026-01-30,1,low,50
U000813,2025-10-23,2,value,web,organic,2026-01-26,3,low,99
U000814,2025-07-15,1,regular,web,paid_social,2026-01-28,6,high,199
U000815,2025-11-16,2,value,nan,paid_social,2026-01-30,2,low,75
U000816,2025-12-01,3,regular,mobile,search,2026-01-25,1,low,60
U000817,2025-05-15,2,regular,mobile,organic,2026-01-30,8,high,260
U000818,2025-05-31,3,value,mobile,referral,2026-01-30,6,medium,244
U000819,2025-10-19,2,regular,web,organic,2026-01-27,3,medium,103
U000820,2026-01-10,2,regular,mobile,paid_social,2026-01-30,1,low,20
U000821,2025-05-11,3,value,mobile,organic,2026-01-30,8,medium,264
U000822,2025-10-19,2,premium,web,paid_social,2026-01-30,3,high,103
U000823,2025-06-08,2,value,web,search,2026-01-30,7,medium,236
U000824,2025-10-15,3,value,web,paid_social,2026-01-26,3,low,107
U000825,2025-10-08,2,regular,mobile,organic,2026-01-29,2,medium,114
U000826,2025-05-27,2,value,web,search,2026-01-30,7,medium,248
U000827,2025-10-22,3,regular,web,organic,2026-01-30,3,medium,100
U000828,2025-12-16,1,value,mobile,paid_social,2026-01-29,1,low,45
U000829,2025-12-07,2,regular,web,organic,2026-01-29,1,low,54
U000830,2025-05-12,1,value,mobile,organic,2026-01-30,8,medium,263
U000831,2025-07-05,2,regular,mobile,paid_social,2026-01-30,5,high,209
U000832,2025-07-04,1,regular,mobile,organic,2026-01-30,6,high,210
U000833,2025-08-26,2,regular,mobile,organic,2026-01-30,5,high,157
U000834,2025-06-09,1,premium,web,referral,2026-01-30,7,high,235
U000835,2025-12-05,2,regular,mobile,referral,2026-01-30,1,low,56
U000836,2025-11-15,2,regular,mobile,referral,2026-01-23,2,medium,76
U000837,2025-11-23,2,regular,mobile,organic,2026-01-28,2,medium,68
U000838,2025-06-23,2,premium,web,search,2026-01-30,7,high,221
U000839,2025-05-08,2,regular,web,paid_social,2025-12-09,6,high,267
U000840,2025-12-19,2,premium,web,organic,2026-01-28,1,medium,42
U000841,2025-07-16,2,value,web,paid_social,2026-01-29,6,medium,198
U000842,2025-10-16,3,regular,mobile,organic,2025-11-14,1,low,106
U000843,2025-12-19,2,regular,mobile,email,2026-01-21,0,low,42
U000844,2025-05-14,1,value,mobile,paid_social,2026-01-28,8,medium,261
U000845,2025-05-06,3,value,mobile,search,2026-01-29,8,medium,269
U000846,2025-05-06,2,premium,web,search,2026-01-30,8,high,269
U000847,2025-06-13,1,regular,web,organic,2026-01-30,7,high,231
U000848,2025-05-17,2,value,web,search,2025-12-11,7,medium,258
U000849,2025-11-26,1,value,web,paid_social,2026-01-29,2,low,65
U000850,2025-10-04,1,regular,web,search,2025-11-06,1,low,118
U000851,2026-01-05,2,regular,web,search,2026-01-30,1,low,25
U000852,2025-11-22,1,premium,web,organic,2026-01-27,2,high,69
U000853,2026-01-01,3,premium,mobile,paid_social,2026-01-24,1,low,29
U000854,2025-07-03,3,regular,web,search,2026-01-30,6,high,211
U000855,2025-07-16,2,regular,web,organic,2025-12-12,4,high,198
U000856,2025-12-04,2,value,web,email,2026-01-29,1,low,57
U000857,2025-07-05,2,premium,mobile,search,2026-01-30,5,high,209
U000858,2025-05-19,3,value,mobile,search,2026-01-24,7,medium,256
U000859,2025-10-19,2,value,web,email,2026-01-28,3,low,103
U000860,2025-11-22,1,premium,web,search,2026-01-30,2,high,69
U000861,2026-01-03,2,premium,mobile,email,2026-01-30,1,low,27
U000862,2025-12-23,2,value,mobile,paid_social,2026-01-30,1,low,38
U000863,2025-06-04,1,regular,mobile,paid_social,2025-12-30,7,high,240
U000864,2025-11-14,2,regular,web,organic,2026-01-29,2,medium,77
U000865,2025-12-03,1,value,mobile,organic,2026-01-02,1,low,58
U000866,2025-10-27,3,value,mobile,search,2025-11-27,1,low,95
U000867,2025-11-26,2,value,web,organic,2026-01-26,2,low,65
U000868,2025-12-01,1,regular,mobile,organic,2026-01-24,1,low,60
U000869,2025-08-25,1,regular,web,paid_social,2025-12-17,3,medium,158
U000870,2025-05-15,1,regular,mobile,paid_social,2026-01-29,8,high,260
U000871,2025-08-27,2,value,web,organic,2026-01-30,4,medium,156
U000872,2025-06-24,1,premium,web,paid_social,2026-01-30,6,high,220
U000873,2025-06-02,2,regular,mobile,email,2026-01-29,8,high,242
U000874,2025-06-05,1,premium,mobile,paid_social,2026-01-30,6,high,239
U000875,2025-10-27,2,value,web,referral,2026-01-25,3,low,95
U000876,2025-09-08,2,regular,mobile,paid_social,2026-01-28,4,high,144
U000877,2025-09-17,2,regular,web,organic,2026-01-30,4,medium,135
U000878,2025-11-08,2,value,web,search,2025-12-20,1,low,83
U000879,2025-09-19,1,value,mobile,email,2026-01-30,4,medium,133
U000880,2025-10-10,1,value,web,paid_social,2026-01-27,2,low,112
U000881,2025-05-26,1,value,web,referral,2026-01-29,8,medium,249
U000882,2025-12-04,3,regular,nan,email,2026-01-27,1,low,57
U000883,2025-08-25,3,value,web,organic,2025-10-31,1,low,158
U000884,2025-06-12,3,value,web,organic,2026-01-30,7,medium,232
U000885,2025-11-25,2,regular,web,paid_social,2026-01-30,2,medium,66
U000886,2025-11-05,2,value,mobile,organic,2026-01-28,2,low,86
U000887,2025-05-18,2,value,web,search,2026-01-27,8,medium,257
U000888,2025-06-22,3,regular,web,referral,2026-01-28,7,high,222
U000889,2025-05-08,3,value,mobile,paid_social,,0,low,267
U000890,2025-07-11,3,value,web,organic,2026-01-04,6,medium,203
U000891,2025-05-30,3,value,web,paid_social,2026-01-30,8,medium,245
U000892,2025-10-30,2,value,mobile,organic,2026-01-30,2,low,92
U000893,2025-09-13,3,regular,mobile,referral,2026-01-29,4,high,139
U000894,2026-01-06,3,value,web,organic,2026-01-27,0,low,24
U000895,2025-11-09,2,value,mobile,referral,2026-01-30,2,low,82
U000896,2025-10-05,3,premium,mobile,search,2026-01-30,3,high,117
U000897,2025-09-09,1,premium,web,search,2026-01-28,4,high,143
U000898,2025-05-18,3,value,mobile,search,2026-01-30,8,medium,257
U000899,2025-05-22,3,value,mobile,organic,2026-01-29,7,medium,253
U000900,2025-10-06,1,regular,mobile,search,2026-01-30,3,medium,116
U000901,2025-05-06,2,regular,mobile,referral,2026-01-22,8,high,269
U000902,2025-05-15,1,regular,mobile,referral,2026-01-30,7,high,260
U000903,2025-06-29,3,value,mobile,organic,2026-01-30,7,medium,215
U000904,2025-12-12,3,value,mobile,paid_social,2026-01-30,1,low,49
U000905,2025-08-28,2,regular,mobile,referral,2026-01-30,5,high,155
U000906,2025-10-30,3,premium,mobile,referral,2026-01-28,2,high,92
U000907,2025-08-16,1,premium,mobile,search,2026-01-30,5,high,167
U000908,2025-06-17,2,value,mobile,organic,2025-11-10,5,medium,227
U000909,2025-08-06,2,regular,web,email,2026-01-30,5,high,177
U000910,2025-05-28,1,value,web,search,2026-01-29,8,medium,247
U000911,2025-11-14,2,regular,mobile,search,2026-01-30,2,medium,77
U000912,2025-06-20,2,premium,web,paid_social,2026-01-28,7,high,224
U000913,2025-08-07,2,regular,mobile,organic,2026-01-30,5,high,176
U000914,2026-01-05,2,value,mobile,referral,2026-01-30,1,low,25
U000915,2025-09-30,3,regular,mobile,organic,2026-01-30,3,medium,122
U000916,2025-08-28,2,regular,web,paid_social,2026-01-30,3,high,155
U000917,2025-09-18,3,regular,mobile,email,2026-01-29,4,high,134
U000918,2025-11-17,2,value,web,email,2026-01-29,2,low,74
U000919,2025-07-07,2,premium,web,email,2026-01-30,6,high,207
U000920,2025-10-11,2,value,web,referral,2026-01-25,3,medium,111
U000921,2025-12-10,2,value,web,organic,2026-01-30,1,low,51
U000922,2025-09-25,2,value,web,email,2026-01-28,4,low,127
U000923,2025-08-25,2,value,mobile,email,2026-01-24,4,medium,158
U000924,2025-06-10,1,value,mobile,search,2026-01-26,7,medium,234
U000925,2025-07-06,2,regular,web,search,2026-01-29,6,high,208
U000926,2025-12-28,2,value,web,organic,2026-01-30,1,low,33
U000927,2025-09-17,2,value,web,paid_social,2026-01-26,4,medium,135
U000928,2025-07-19,3,value,mobile,paid_social,2026-01-29,6,medium,195
U000929,2025-08-18,2,value,mobile,search,2026-01-29,5,medium,165
U000930,2025-09-27,3,premium,web,search,2026-01-30,4,high,125
U000931,2025-09-16,3,premium,web,search,2026-01-08,4,high,136
U000932,2025-10-27,3,value,web,organic,2026-01-29,3,low,95
U000933,2025-07-08,3,regular,mobile,email,2026-01-30,5,high,206
U000934,2025-10-14,1,regular,web,organic,2026-01-29,3,medium,108
U000935,2025-08-24,2,premium,web,organic,2026-01-30,5,high,159
U000936,2025-12-27,1,value,web,organic,2026-01-30,1,low,34
U000937,2025-06-13,3,value,web,referral,2026-01-28,7,medium,231
U000938,2025-06-11,2,regular,web,referral,2026-01-30,7,high,233
U000939,2025-08-28,2,premium,web,organic,2026-01-30,4,high,155
U000940,2025-09-09,3,regular,mobile,organic,2026-01-30,4,high,143
U000941,2025-10-25,1,regular,web,search,2026-01-30,3,medium,97
U000942,2025-08-14,2,value,web,organic,2026-01-25,5,medium,169
U000943,2025-12-20,2,regular,mobile,paid_social,2026-01-30,1,low,41
U000944,2025-09-01,1,premium,web,organic,2026-01-30,4,high,151
U000945,2025-06-06,2,regular,mobile,search,2026-01-30,7,high,238
U000946,2025-06-03,3,regular,mobile,search,2026-01-30,7,high,241
U000947,2026-01-04,1,regular,web,search,2026-01-29,1,low,26
U000948,2025-06-07,2,regular,mobile,search,2026-01-30,7,high,237
U000949,2025-12-28,2,regular,mobile,organic,2026-01-28,1,low,33
U000950,2025-07-13,2,regular,mobile,organic,2026-01-28,6,high,201
U000951,2025-05-28,1,premium,web,organic,2026-01-30,7,high,247
U000952,2025-07-20,3,regular,web,organic,2026-01-30,6,high,194
U000953,2025-10-06,3,value,web,email,2026-01-30,3,low,116
U000954,2025-08-20,1,value,mobile,organic,2025-11-25,3,low,163
U000955,2025-11-18,2,value,mobile,organic,2026-01-22,2,low,73
U000956,2025-10-05,2,value,web,organic,2026-01-30,3,medium,117
U000957,2025-08-13,2,value,web,paid_social,2026-01-26,5,medium,170
U000958,2025-10-11,2,regular,web,email,2026-01-30,3,high,111
U000959,2026-01-03,1,value,web,referral,2026-01-30,1,low,27
U000960,2025-08-16,1,value,mobile,paid_social,2026-01-05,4,medium,167
U000961,2025-06-12,3,regular,web,referral,2026-01-30,6,high,232
U000962,2025-08-15,2,value,mobile,search,2026-01-30,5,medium,168
U000963,2025-12-01,3,regular,mobile,referral,2026-01-25,1,medium,60
U000964,2025-06-28,2,premium,mobile,referral,2026-01-30,7,high,216
U000965,2025-12-29,3,regular,mobile,organic,2026-01-30,1,low,32
U000966,2025-09-29,1,value,web,search,2026-01-29,4,low,123
U000967,2025-10-02,1,value,mobile,organic,2026-01-30,3,medium,120
U000968,2025-07-23,3,regular,mobile,organic,2026-01-29,5,high,191
U000969,2025-12-22,3,regular,web,referral,2026-01-25,1,low,39
U000970,2025-05-14,2,value,web,organic,2025-11-11,6,low,261
U000971,2025-07-18,2,regular,web,paid_social,2026-01-30,5,high,196
U000972,2025-08-18,2,regular,web,email,2026-01-30,5,high,165
U000973,2025-09-01,2,value,web,search,2025-12-02,3,low,151
U000974,2025-09-01,1,regular,web,search,2026-01-30,4,high,151
U000975,2025-06-11,3,value,mobile,paid_social,2026-01-29,7,medium,233
U000976,2025-06-30,2,value,web,referral,2025-08-17,2,low,214
U000977,2025-05-28,2,regular,web,organic,2026-01-28,8,high,247
U000978,2025-09-25,1,value,web,organic,2025-10-27,0,low,127
U000979,2025-08-01,1,regular,web,paid_social,2026-01-29,5,high,182
U000980,2025-09-24,2,regular,mobile,email,2026-01-29,3,medium,128
U000981,2025-09-30,2,value,web,organic,2026-01-29,4,low,122
U000982,2025-10-28,2,premium,web,search,2026-01-30,2,high,94
U000983,2025-09-19,1,value,web,email,2026-01-29,4,low,133
U000984,2025-10-14,3,value,web,organic,2026-01-30,3,low,108
U000985,2025-09-29,2,premium,mobile,organic,2026-01-29,3,high,123
U000986,2025-10-15,3,regular,mobile,paid_social,2025-12-18,1,medium,107
U000987,2025-10-06,1,regular,web,organic,2026-01-29,3,high,116
U000988,2025-07-23,2,value,mobile,organic,2025-12-22,5,medium,191
U000989,2025-07-05,2,value,web,paid_social,2026-01-29,6,medium,209
U000990,2025-11-18,2,regular,mobile,paid_social,2026-01-21,2,low,73
U000991,2025-07-30,2,value,mobile,search,2026-01-26,5,medium,184
U000992,2025-09-19,1,value,web,search,2026-01-15,4,low,133
U000993,2025-06-23,2,regular,mobile,search,2026-01-26,7,high,221
U000994,2025-08-21,2,value,mobile,paid_social,2025-09-22,1,low,162
U000995,2025-09-14,2,value,web,referral,2025-11-13,2,low,138
U000996,2025-10-09,1,value,mobile,referral,2026-01-27,3,low,113
U000997,2025-09-14,2,regular,mobile,paid_social,2026-01-01,4,high,138
U000998,2025-08-03,2,regular,web,referral,2026-01-01,5,high,180
U000999,2026-01-01,2,premium,mobile,referral,2026-01-30,1,medium,29
U001000,2025-09-10,2,value,mobile,organic,2025-10-11,1,low,142
U001001,2025-11-23,2,value,web,email,2026-01-29,2,low,68
U001002,2025-11-05,3,regular,web,referral,2026-01-30,2,medium,86
U001003,2025-09-22,2,value,mobile,organic,2026-01-27,4,medium,130
U001004,2025-12-13,2,regular,mobile,organic,2026-01-29,1,low,48
U001005,2025-06-06,3,premium,web,paid_social,2026-01-03,7,high,238
U001006,2025-12-22,2,regular,web,search,2026-01-28,1,low,39
U001007,2025-12-04,3,regular,web,paid_social,2026-01-30,1,medium,57
U001008,2025-09-08,3,premium,mobile,search,2025-12-02,2,high,144
U001009,2025-11-05,1,value,mobile,organic,2026-01-30,2,low,86
U001010,2025-09-12,2,premium,web,organic,2026-01-30,4,high,140
U001011,2025-07-11,2,regular,mobile,referral,2025-09-13,2,medium,203
U001012,2025-11-21,3,regular,mobile,organic,2026-01-29,2,medium,70
U001013,2025-07-05,2,premium,web,paid_social,2026-01-29,6,high,209
U001014,2025-07-22,1,regular,web,organic,2026-01-28,6,high,192
U001015,2025-09-12,2,regular,mobile,search,2026-01-30,4,high,140
U001016,2025-12-01,1,value,web,search,2025-12-27,0,low,60
U001017,2025-08-09,3,regular,web,organic,2026-01-30,5,high,174
U001018,2025-09-06,2,regular,mobile,paid_social,2026-01-30,4,high,146
U001019,2025-05-15,2,value,mobile,paid_social,2026-01-29,8,medium,260
U001020,2025-06-03,3,regular,web,organic,2026-01-26,7,high,241
U001021,2025-05-19,2,regular,mobile,search,2026-01-30,8,high,256
U001022,2025-05-23,2,regular,mobile,paid_social,2025-08-14,2,low,252
U001023,2025-12-08,3,value,web,paid_social,2026-01-27,1,low,53
U001024,2025-12-02,3,regular,web,search,2025-12-29,1,low,59
U001025,2025-11-27,3,value,mobile,paid_social,2026-01-30,2,low,64
U001026,2025-05-18,1,value,mobile,organic,2026-01-17,8,medium,257
U001027,2025-05-24,2,regular,web,organic,2026-01-29,7,high,251
U001028,2025-07-14,1,value,mobile,paid_social,2026-01-29,6,medium,200
U001029,2025-09-23,3,value,mobile,paid_social,2026-01-29,4,low,129
U001030,2025-07-27,2,regular,mobile,referral,2026-01-23,5,high,187
U001031,2025-09-04,2,value,mobile,organic,2026-01-28,4,medium,148
U001032,2025-06-17,1,premium,web,search,2026-01-29,7,high,227
U001033,2025-11-04,2,premium,web,paid_social,2026-01-29,2,high,87
U001034,2025-07-22,2,regular,web,organic,2025-09-19,2,low,192
U001035,2025-05-21,1,premium,mobile,search,2026-01-30,8,high,254
U001036,2025-11-07,1,premium,mobile,paid_social,2026-01-29,2,high,84
U001037,2025-12-17,3,value,mobile,organic,2026-01-21,0,low,44
U001038,2025-05-08,3,regular,web,search,2025-10-10,5,medium,267
U001039,2025-08-22,1,value,mobile,organic,2026-01-30,5,medium,161
U001040,2025-11-28,2,regular,web,email,2026-01-28,1,medium,63
U001041,2025-10-29,3,regular,web,organic,2025-12-01,1,low,93
U001042,2025-12-05,2,value,web,organic,2025-12-28,1,low,56
U001043,2025-08-17,2,value,mobile,organic,2026-01-30,5,medium,166
U001044,2025-08-06,2,premium,web,organic,2026-01-30,5,high,177
U001045,2025-10-30,2,value,mobile,organic,2025-12-24,1,low,92
U001046,2025-06-12,1,value,mobile,paid_social,2025-12-05,5,medium,232
U001047,2025-07-04,2,value,mobile,organic,2026-01-30,5,medium,210
U001048,2025-10-02,1,regular,web,organic,2026-01-29,3,medium,120
U001049,2025-10-19,1,regular,mobile,organic,2026-01-30,3,medium,103
U001050,2025-06-04,2,regular,mobile,search,2026-01-30,7,high,240
U001051,2025-09-09,3,regular,web,organic,2026-01-30,4,high,143
U001052,2025-08-04,3,value,mobile,paid_social,2026-01-29,5,medium,179
U001053,2025-09-07,2,value,mobile,paid_social,2026-01-29,3,medium,145
U001054,2025-12-31,2,regular,web,paid_social,2026-01-28,1,low,30
U001055,2025-05-24,2,regular,web,organic,2026-01-25,7,high,251
U001056,2026-01-09,2,regular,web,referral,2026-01-29,1,low,21
U001057,2025-08-25,2,regular,web,paid_social,2026-01-30,5,high,158
U001058,2025-11-14,2,regular,mobile,organic,2026-01-30,2,medium,77
U001059,2025-08-19,2,regular,web,search,2026-01-30,4,high,164
U001060,2025-07-22,3,regular,web,paid_social,2026-01-26,5,high,192
U001061,2025-11-14,3,regular,web,organic,2026-01-12,2,low,77
U001062,2025-10-24,1,regular,web,search,2026-01-27,3,medium,98
U001063,2025-06-10,2,regular,web,paid_social,2026-01-27,7,high,234
U001064,2025-10-29,1,premium,mobile,organic,2026-01-30,3,high,93
U001065,2025-11-10,2,regular,web,email,2026-01-08,1,low,81
U001066,2025-08-10,2,value,web,organic,2025-09-04,1,low,173
U001067,2025-12-23,1,value,mobile,organic,2026-01-25,1,low,38
U001068,2025-10-12,3,regular,mobile,organic,2025-11-15,1,low,110
U001069,2025-07-27,2,regular,web,search,2026-01-30,6,high,187
U001070,2025-05-07,3,regular,web,referral,2026-01-30,8,high,268
U001071,2025-10-21,1,regular,web,referral,2025-11-21,1,low,101
U001072,2025-06-26,1,value,web,email,2026-01-30,7,medium,218
U001073,2025-11-10,2,regular,web,search,2026-01-30,2,high,81
U001074,2025-09-13,1,regular,mobile,search,2026-01-28,3,high,139
U001075,2025-08-30,2,regular,mobile,search,2026-01-30,4,high,153
U001076,2025-06-15,3,regular,web,organic,2026-01-29,5,high,229
U001077,2025-10-30,1,value,mobile,email,2026-01-26,2,low,92
U001078,2025-06-15,1,regular,web,search,2026-01-30,7,high,229
U001079,2025-08-17,2,regular,web,search,2026-01-30,4,high,166
U001080,2025-11-30,2,premium,web,search,2026-01-30,1,medium,61
U001081,2025-12-22,2,regular,web,referral,2026-01-14,0,low,39
U001082,2026-01-08,2,value,mobile,organic,2026-01-29,1,low,22
U001083,2025-12-31,3,regular,web,paid_social,2026-01-30,1,low,30
U001084,2025-09-21,1,regular,mobile,paid_social,2026-01-30,4,medium,131
U001085,2025-06-24,2,value,web,referral,2026-01-30,7,medium,220
U001086,2025-12-01,2,regular,mobile,organic,2026-01-30,1,medium,60
U001087,2025-11-22,3,value,mobile,organic,2026-01-30,1,low,69
U001088,2026-01-08,2,value,web,search,2026-01-29,1,low,22
U001089,2025-10-15,2,value,web,referral,2025-12-16,0,low,107
U001090,2025-06-09,1,value,mobile,email,2026-01-29,7,medium,235
U001091,2025-09-08,1,premium,web,paid_social,2026-01-30,4,high,144
U001092,2025-08-25,1,regular,web,organic,2025-12-24,4,medium,158
U001093,2025-12-02,2,value,mobile,organic,2026-01-30,1,low,59
U001094,2025-08-11,2,regular,web,paid_social,2026-01-29,5,high,172
U001095,2025-07-26,2,regular,web,organic,2026-01-30,6,high,188
U001096,2025-05-25,1,value,web,search,2026-01-28,7,high,250
U001097,2025-11-30,3,value,web,referral,2026-01-30,1,low,61
U001098,2025-11-10,3,regular,web,search,2025-12-13,1,low,81
U001099,2025-05-15,1,value,web,search,2026-01-29,8,medium,260
U001100,2025-08-21,1,regular,web,organic,2026-01-27,4,high,162
U001101,2025-09-02,1,value,web,organic,2026-01-01,4,medium,150
U001102,2025-08-30,3,regular,web,paid_social,2026-01-30,3,high,153
U001103,2025-12-21,1,regular,mobile,search,2026-01-30,1,low,40
U001104,2025-06-11,2,value,mobile,organic,2025-07-16,0,low,233
U001105,2025-07-20,2,value,web,organic,2026-01-18,5,medium,194
U001106,2025-06-19,3,premium,web,organic,2026-01-30,7,high,225
U001107,2025-07-05,2,regular,mobile,paid_social,2025-12-30,5,high,209
U001108,2025-12-18,2,regular,web,paid_social,2026-01-29,1,low,43
U001109,2025-12-27,3,value,web,search,2026-01-25,0,low,34
U001110,2025-05-16,1,value,mobile,search,2026-01-30,7,medium,259
U001111,2025-10-10,3,regular,web,organic,2026-01-29,3,medium,112
U001112,2025-07-02,1,premium,mobile,search,2026-01-29,6,high,212
U001113,2025-06-22,2,value,mobile,organic,2025-11-14,5,medium,222
U001114,2025-07-17,3,regular,mobile,email,2026-01-30,6,high,197
U001115,2025-06-22,2,regular,web,organic,2026-01-29,7,high,222
U001116,2025-09-05,2,value,web,search,2026-01-29,4,medium,147
U001117,2026-01-09,2,value,web,organic,2026-01-30,1,low,21
U001118,2025-09-29,2,value,mobile,referral,2025-11-29,2,low,123
U001119,2025-11-02,2,regular,mobile,organic,2026-01-03,2,medium,89
U001120,2025-09-05,2,regular,mobile,email,2025-10-09,1,low,147
U001121,2025-05-08,2,regular,web,organic,2026-01-30,8,high,267
U001122,2025-05-26,2,value,mobile,referral,2026-01-21,8,medium,249
U001123,2025-07-11,2,regular,web,paid_social,2026-01-30,6,high,203
U001124,2025-07-05,2,regular,mobile,organic,2026-01-04,5,high,209
U001125,2025-12-01,2,regular,web,organic,2026-01-30,1,medium,60
U001126,2025-12-02,1,regular,web,search,2026-01-30,1,medium,59
U001127,2025-12-05,3,value,web,referral,2026-01-29,1,low,56
U001128,2025-10-12,2,regular,mobile,referral,2026-01-30,1,high,110
U001129,2025-09-21,1,regular,web,organic,2026-01-29,4,high,131
U001130,2025-10-14,2,value,web,search,2026-01-26,3,low,108
U001131,2025-08-15,3,value,web,organic,2026-01-30,5,medium,168
U001132,2025-10-20,1,regular,web,organic,2026-01-29,2,medium,102
U001133,2025-11-20,1,regular,mobile,paid_social,2026-01-15,2,medium,71
U001134,2025-11-12,1,value,web,search,2026-01-28,2,low,79
U001135,2025-10-06,1,premium,web,organic,2026-01-30,3,high,116
U001136,2025-05-19,3,regular,mobile,referral,2026-01-30,8,high,256
U001137,2025-11-02,3,value,web,paid_social,2026-01-29,2,low,89
U001138,2025-08-05,1,regular,web,paid_social,2026-01-30,4,high,178
U001139,2025-11-07,2,regular,web,organic,2026-01-28,2,medium,84
U001140,2025-09-17,1,premium,web,email,2026-01-17,2,high,135
U001141,2025-12-12,2,value,web,search,2026-01-29,1,low,49
U001142,2025-07-28,3,value,web,search,2026-01-30,5,medium,186
U001143,2025-12-24,2,regular,web,organic,2026-01-30,1,low,37
U001144,2025-12-02,1,value,mobile,referral,2026-01-25,1,low,59
U001145,2025-07-27,2,regular,mobile,search,2026-01-30,6,high,187
U001146,2025-09-03,3,regular,nan,referral,2026-01-30,4,high,149
U001147,2025-09-15,2,value,web,paid_social,2026-01-30,4,medium,137
U001148,2025-11-13,1,regular,web,referral,2026-01-30,2,medium,78
U001149,2025-10-24,1,premium,mobile,paid_social,2026-01-27,3,high,98
U001150,2025-12-04,2,regular,mobile,email,2026-01-29,1,medium,57
U001151,2025-08-05,2,regular,web,organic,2025-12-08,2,medium,178
U001152,2025-09-08,3,value,web,organic,2026-01-29,4,medium,144
U001153,2025-08-21,3,value,web,paid_social,2026-01-26,5,medium,162
U001154,2025-12-19,3,premium,web,search,2026-01-30,1,medium,42
U001155,2025-07-20,3,regular,web,paid_social,2026-01-29,6,high,194
U001156,2025-09-29,1,regular,web,paid_social,2026-01-28,3,medium,123
U001157,2025-06-04,2,premium,mobile,search,2026-01-30,6,high,240
U001158,2025-12-04,2,value,mobile,referral,2026-01-05,0,low,57
U001159,2025-08-09,2,regular,mobile,organic,2025-12-05,4,medium,174
U001160,2025-07-29,3,value,web,referral,2025-10-02,1,low,185
U001161,2025-09-28,2,value,mobile,organic,2026-01-28,4,medium,124
U001162,2025-09-07,3,regular,mobile,paid_social,2026-01-29,4,high,145
U001163,2025-12-03,2,regular,web,referral,2026-01-29,1,low,58
U001164,2025-09-15,2,premium,mobile,organic,2026-01-29,4,high,137
U001165,2025-09-11,2,value,mobile,organic,2026-01-29,3,medium,141
U001166,2025-05-31,1,regular,mobile,organic,2026-01-30,7,high,244
U001167,2025-05-10,1,regular,web,search,2026-01-30,5,high,265
U001168,2025-08-13,2,regular,mobile,search,2026-01-28,5,high,170
U001169,2026-01-10,1,premium,web,organic,2026-01-29,1,low,20
U001170,2025-12-21,3,regular,web,referral,2026-01-23,1,low,40
U001171,2025-10-09,1,regular,nan,organic,2026-01-29,3,high,113
U001172,2025-10-10,1,value,web,search,2026-01-26,1,low,112
U001173,2025-08-11,3,value,web,paid_social,2026-01-27,5,medium,172
U001174,2025-06-18,1,premium,web,organic,2026-01-30,7,high,226
U001175,2025-05-07,3,regular,mobile,organic,2026-01-29,7,high,268
U001176,2025-07-29,2,value,web,email,2025-12-25,4,medium,185
U001177,2025-07-23,1,value,mobile,paid_social,2026-01-09,6,medium,191
U001178,2025-06-22,2,regular,web,organic,2026-01-26,7,high,222
U001179,2025-07-09,2,regular,nan,referral,2026-01-29,6,high,205
U001180,2025-05-11,3,value,mobile,search,2026-01-30,8,medium,264
U001181,2025-10-04,3,regular,mobile,organic,2026-01-30,3,medium,118
U001182,2025-12-23,2,regular,mobile,paid_social,2026-01-30,1,low,38
U001183,2025-10-25,2,regular,mobile,search,2026-01-28,3,medium,97
U001184,2025-08-25,2,value,web,organic,2026-01-30,5,medium,158
U001185,2025-08-18,2,regular,web,referral,2026-01-30,5,high,165
U001186,2025-07-21,3,value,web,organic,2025-12-08,4,medium,193
U001187,2025-06-09,2,value,web,organic,2025-12-07,4,medium,235
U001188,2025-10-02,2,regular,web,organic,2026-01-28,3,high,120
U001189,2025-09-24,2,regular,web,paid_social,2025-11-19,1,low,128
U001190,2025-05-06,3,value,mobile,paid_social,2026-01-29,8,medium,269
U001191,2025-08-17,3,premium,mobile,email,2026-01-30,5,high,166
U001192,2025-07-13,1,value,mobile,organic,2026-01-28,5,medium,201
U001193,2025-06-16,1,regular,mobile,referral,2026-01-29,7,high,228
U001194,2025-10-28,2,premium,web,search,2026-01-30,1,high,94
U001195,2025-09-13,2,regular,web,organic,2026-01-28,4,high,139
U001196,2025-10-11,2,regular,mobile,organic,2025-12-08,2,high,111
U001197,2025-10-31,1,regular,mobile,referral,2026-01-30,2,medium,91
U001198,2026-01-06,2,regular,web,organic,2026-01-28,1,low,24
U001199,2025-11-22,2,regular,web,paid_social,2025-12-18,1,low,69
U001200,2025-10-07,2,regular,web,search,2025-11-13,1,low,115
U001201,2025-12-11,2,value,web,organic,2026-01-13,0,low,50
U001202,2025-09-01,2,regular,web,email,2025-11-29,2,medium,151
U001203,2026-01-07,2,value,web,referral,2026-01-27,1,low,23
U001204,2025-11-12,3,premium,mobile,search,2025-12-09,1,low,79
U001205,2025-10-15,2,value,mobile,paid_social,2026-01-27,3,medium,107
U001206,2025-12-17,2,value,web,search,2026-01-22,1,low,44
U001207,2025-09-11,2,premium,mobile,paid_social,2026-01-30,4,high,141
U001208,2025-11-01,1,value,mobile,organic,2026-01-29,3,low,90
U001209,2025-07-15,2,value,web,search,2025-12-12,5,medium,199
U001210,2026-01-01,2,regular,mobile,organic,2026-01-27,0,low,29
U001211,2025-10-08,3,value,web,search,2026-01-29,3,medium,114
U001212,2025-11-17,2,value,mobile,search,2026-01-30,2,low,74
U001213,2025-08-28,1,regular,web,organic,2026-01-30,4,high,155
U001214,2025-12-08,2,value,mobile,email,2026-01-27,1,low,53
U001215,2025-05-23,1,value,mobile,organic,,1,low,252
U001216,2025-06-02,2,value,nan,organic,2026-01-29,7,medium,242
U001217,2025-09-09,3,value,web,search,2026-01-23,4,medium,143
U001218,2025-11-04,2,value,web,paid_social,2026-01-29,2,low,87
U001219,2025-11-24,2,value,mobile,organic,2026-01-28,2,low,67
U001220,2025-08-23,2,regular,mobile,search,2026-01-30,5,high,160
U001221,2025-10-15,2,regular,web,paid_social,2026-01-30,3,medium,107
U001222,2025-09-20,3,value,mobile,organic,2026-01-29,3,medium,132
U001223,2026-01-01,2,value,web,email,2026-01-30,1,low,29
U001224,2025-10-16,2,premium,web,organic,2026-01-29,3,high,106
U001225,2025-08-17,2,regular,web,paid_social,2025-09-11,1,low,166
U001226,2026-01-03,1,regular,web,organic,2026-01-30,1,low,27
U001227,2025-05-31,1,regular,web,paid_social,2026-01-30,7,high,244
U001228,2026-01-07,1,value,web,referral,2026-01-24,0,low,23
U001229,2025-06-12,2,regular,web,organic,2026-01-29,7,high,232
U001230,2025-07-16,3,premium,mobile,organic,2026-01-30,6,high,198
U001231,2025-11-27,2,premium,web,organic,2026-01-27,1,medium,64
U001232,2025-11-05,1,value,mobile,organic,2026-01-29,2,low,86
U001233,2026-01-03,1,value,mobile,email,2026-01-16,1,low,27
U001234,2025-11-09,2,value,mobile,paid_social,2026-01-29,2,low,82
U001235,2025-10-11,3,value,web,paid_social,2025-12-08,1,low,111
U001236,2025-07-30,2,value,mobile,email,2025-08-27,0,low,184
U001237,2025-05-06,3,regular,web,referral,2025-07-04,2,low,269
U001238,2025-06-05,3,value,web,referral,2026-01-23,5,medium,239
U001239,2025-07-18,1,premium,web,organic,2026-01-30,6,high,196
U001240,2025-05-15,2,value,web,organic,2026-01-30,8,medium,260
U001241,2025-09-09,3,value,mobile,organic,2026-01-30,4,medium,143
U001242,2025-11-16,2,premium,mobile,search,2026-01-30,2,high,75
U001243,2026-01-01,1,regular,mobile,search,2026-01-29,1,low,29
U001244,2025-09-04,3,value,web,organic,2025-10-27,1,low,148
U001245,2025-12-10,3,regular,mobile,search,2026-01-29,1,medium,51
U001246,2026-01-07,2,value,mobile,search,2026-01-29,1,low,23
U001247,2025-12-06,2,value,web,organic,2026-01-25,1,low,55
U001248,2025-08-29,1,regular,web,organic,2025-09-26,1,low,154
U001249,2025-07-25,3,value,mobile,search,2026-01-29,6,medium,189
U001250,2026-01-05,2,regular,web,search,2026-01-30,1,low,25
U001251,2025-07-04,1,value,web,paid_social,2025-08-04,0,low,210
U001252,2025-08-16,2,regular,mobile,paid_social,2026-01-12,4,medium,167
U001253,2025-05-23,3,regular,web,organic,2026-01-29,8,high,252
U001254,2025-11-20,3,value,web,organic,2026-01-29,2,low,71
U001255,2025-10-15,2,value,web,organic,2026-01-30,2,low,107
U001256,2025-05-26,1,regular,mobile,organic,2026-01-28,8,high,249
U001257,2025-06-29,3,regular,mobile,search,2026-01-28,7,high,215
U001258,2025-09-21,3,regular,mobile,email,2026-01-30,3,high,131
U001259,2025-09-17,2,regular,mobile,organic,2026-01-29,3,high,135
U001260,2025-11-22,2,regular,mobile,organic,2026-01-30,2,medium,69
U001261,2025-07-10,2,value,mobile,paid_social,2026-01-30,6,medium,204
U001262,2025-12-23,2,regular,web,search,2026-01-18,1,medium,38
U001263,2025-08-24,1,value,web,organic,2026-01-29,5,medium,159
U001264,2025-11-27,1,regular,mobile,organic,2026-01-29,2,low,64
U001265,2025-07-03,1,value,mobile,email,2026-01-28,6,medium,211
U001266,2025-05-14,3,value,web,organic,2026-01-27,8,medium,261
U001267,2025-05-18,1,regular,mobile,paid_social,2026-01-07,7,high,257
U001268,2025-08-06,1,regular,mobile,referral,2026-01-23,4,high,177
U001269,2025-12-30,2,regular,web,organic,2026-01-29,1,low,31
U001270,2025-05-17,1,regular,web,paid_social,2026-01-30,7,high,258
U001271,2025-08-05,1,premium,web,organic,2026-01-30,5,high,178
U001272,2025-06-01,2,regular,web,organic,2026-01-29,7,high,243
U001273,2025-12-24,2,premium,web,organic,2026-01-30,1,medium,37
U001274,2025-10-21,2,regular,web,email,2026-01-30,3,medium,101
U001275,2025-11-12,3,regular,web,organic,2026-01-17,2,low,79
U001276,2025-10-31,1,regular,web,organic,2026-01-27,3,medium,91
U001277,2025-10-16,3,regular,mobile,email,2026-01-27,3,medium,106
U001278,2025-11-15,3,value,mobile,organic,2026-01-12,2,low,76
U001279,2025-05-07,3,regular,web,referral,2026-01-30,8,high,268
U001280,2025-12-08,2,value,web,paid_social,2026-01-05,0,low,53
U001281,2025-11-06,2,value,web,search,2026-01-03,2,low,85
U001282,2025-11-06,2,premium,web,paid_social,2026-01-30,2,high,85
U001283,2025-08-11,2,value,web,paid_social,2026-01-30,5,medium,172
U001284,2025-11-22,1,regular,web,organic,2025-12-26,1,low,69
U001285,2025-08-08,3,regular,web,email,2026-01-30,5,high,175
U001286,2025-05-17,2,value,mobile,email,2026-01-28,7,medium,258
U001287,2025-12-18,3,premium,web,referral,2026-01-30,0,medium,43
U001288,2025-07-02,2,value,mobile,paid_social,2026-01-27,5,medium,212
U001289,2025-05-30,1,premium,web,search,2026-01-24,7,high,245
U001290,2025-10-08,2,regular,web,search,2026-01-30,3,high,114
U001291,2025-07-02,2,value,mobile,organic,2026-01-19,7,medium,212
U001292,2025-12-06,2,value,web,search,2026-01-21,1,low,55
U001293,2025-08-24,2,value,mobile,paid_social,2026-01-29,4,medium,159
U001294,2025-05-06,1,regular,mobile,paid_social,,0,low,269
U001295,2025-12-29,2,value,mobile,organic,2026-01-28,1,low,32
U001296,2025-09-11,2,premium,web,search,2026-01-30,3,high,141
U001297,2025-07-10,3,value,web,paid_social,2025-08-09,1,low,204
U001298,2025-10-21,1,regular,web,search,2026-01-20,3,medium,101
U001299,2025-09-15,2,value,web,email,2026-01-22,3,medium,137
U001300,2025-05-12,2,premium,web,paid_social,2026-01-30,8,high,263
U001301,2025-11-11,2,value,mobile,organic,2026-01-30,2,low,80
U001302,2025-08-13,2,regular,mobile,organic,2026-01-30,5,high,170
U001303,2025-10-27,2,regular,web,paid_social,2026-01-30,3,medium,95
U001304,2025-12-15,3,value,web,search,2026-01-10,1,low,46
U001305,2025-10-05,2,regular,mobile,referral,2026-01-29,3,high,117
U001306,2025-10-20,2,value,mobile,organic,2025-11-18,1,low,102
U001307,2025-07-07,1,regular,web,organic,2026-01-29,6,high,207
U001308,2025-07-03,2,regular,web,search,2026-01-29,6,high,211
U001309,2025-08-17,2,regular,mobile,paid_social,2026-01-30,5,high,166
U001310,2025-12-05,1,value,mobile,email,2026-01-02,1,low,56
U001311,2025-09-13,2,value,mobile,referral,2026-01-30,4,medium,139
U001312,2025-07-31,2,value,web,search,2026-01-28,5,medium,183
U001313,2025-11-16,2,value,web,referral,2026-01-19,2,low,75
U001314,2025-12-05,2,value,web,organic,2025-12-29,1,low,56
U001315,2025-12-17,2,premium,web,search,2026-01-28,1,medium,44
U001316,2025-07-19,2,regular,mobile,email,2025-10-20,3,medium,195
U001317,2025-10-30,1,regular,web,search,2026-01-29,2,medium,92
U001318,2025-09-30,1,value,mobile,email,2026-01-24,4,medium,122
U001319,2025-08-25,2,value,mobile,organic,2026-01-29,5,medium,158
U001320,2025-08-12,3,regular,mobile,organic,2026-01-09,5,high,171
U001321,2025-06-02,1,value,mobile,search,2026-01-28,7,medium,242
U001322,2025-07-12,2,value,mobile,email,2025-11-11,4,medium,202
U001323,2025-09-19,3,regular,web,organic,2026-01-28,4,high,133
U001324,2025-12-13,3,regular,web,referral,2026-01-28,1,medium,48
U001325,2025-12-08,2,premium,web,organic,2026-01-02,0,low,53
U001326,2025-06-21,2,value,mobile,paid_social,2026-01-29,7,medium,223
U001327,2025-10-22,2,regular,mobile,search,2025-12-17,1,medium,100
U001328,2025-05-26,3,value,web,organic,2026-01-29,8,medium,249
U001329,2025-10-21,1,value,web,paid_social,2026-01-27,3,low,101
U001330,2025-07-29,3,regular,web,paid_social,2026-01-30,6,high,185
U001331,2025-08-25,1,value,web,search,2026-01-30,5,medium,158
U001332,2025-11-01,3,regular,mobile,organic,2026-01-29,2,medium,90
U001333,2025-08-19,1,regular,web,organic,2026-01-29,5,high,164
U001334,2025-11-23,1,value,mobile,email,2026-01-27,2,low,68
U001335,2025-09-15,1,premium,mobile,paid_social,2026-01-30,4,high,137
U001336,2026-01-10,2,regular,web,referral,2026-01-30,1,low,20
U001337,2025-10-12,2,regular,web,paid_social,2026-01-29,3,high,110
U001338,2025-07-18,1,regular,mobile,referral,2025-09-14,2,low,196
U001339,2025-11-15,2,premium,mobile,organic,2026-01-14,1,medium,76
U001340,2025-08-15,2,value,web,search,2026-01-30,4,medium,168
U001341,2025-09-16,3,regular,web,paid_social,2026-01-20,2,medium,136
U001342,2025-06-08,3,regular,mobile,organic,2026-01-30,7,high,236
U001343,2025-06-03,2,value,mobile,organic,2026-01-26,7,medium,241
U001344,2025-09-26,1,value,mobile,paid_social,2025-10-26,0,low,126
U001345,2025-06-20,2,premium,mobile,referral,2026-01-30,7,high,224
U001346,2026-01-10,3,regular,mobile,paid_social,2026-01-29,0,low,20
U001347,2025-12-05,1,regular,web,organic,2025-12-31,1,low,56
U001348,2025-10-27,2,regular,mobile,email,2026-01-29,3,medium,95
U001349,2025-11-05,3,regular,web,organic,2025-12-30,2,medium,86
U001350,2025-10-01,3,premium,mobile,organic,2026-01-30,3,high,121
U001351,2025-05-20,2,regular,mobile,email,2026-01-30,8,high,255
U001352,2025-08-11,2,value,mobile,paid_social,2026-01-30,5,medium,172
U001353,2025-09-06,2,value,web,email,2026-01-29,4,medium,146
U001354,2025-12-20,3,regular,mobile,referral,2026-01-28,0,low,41
U001355,2025-06-29,1,regular,mobile,paid_social,2026-01-30,7,high,215
U001356,2025-09-06,1,regular,mobile,organic,2026-01-30,4,medium,146
U001357,2025-07-30,2,value,mobile,organic,2026-01-01,4,medium,184
U001358,2025-06-07,1,value,web,email,2026-01-28,7,medium,237
U001359,2025-05-30,2,regular,web,referral,2026-01-30,8,high,245
U001360,2025-08-04,2,regular,mobile,search,2026-01-29,5,high,179
U001361,2025-05-25,3,value,mobile,search,2025-07-10,2,low,250
U001362,2025-05-21,3,regular,mobile,organic,2025-10-20,4,medium,254
U001363,2025-08-01,2,regular,mobile,organic,2026-01-28,5,high,182
U001364,2025-06-24,3,premium,web,referral,2026-01-29,7,high,220
U001365,2025-09-21,2,value,web,organic,2025-11-20,2,low,131
U001366,2025-05-09,2,premium,mobile,search,2026-01-29,7,high,266
U001367,2025-07-19,1,regular,web,email,2025-10-20,2,medium,195
U001368,2025-08-26,3,regular,mobile,search,2026-01-29,5,high,157
U001369,2026-01-01,3,value,mobile,search,2026-01-30,1,low,29
U001370,2025-10-11,3,regular,mobile,organic,2026-01-30,3,medium,111
U001371,2025-12-12,3,regular,web,organic,2026-01-27,1,low,49
U001372,2025-07-30,3,value,mobile,organic,2026-01-27,6,high,184
U001373,2025-08-25,1,regular,web,organic,2026-01-30,5,high,158
U001374,2025-08-18,3,regular,web,organic,2026-01-30,5,high,165
U001375,2025-12-13,2,regular,web,organic,2026-01-30,1,low,48
U001376,2025-12-31,2,value,web,organic,2026-01-21,1,low,30
U001377,2026-01-01,2,regular,mobile,organic,2026-01-18,1,low,29
U001378,2025-11-09,2,value,mobile,email,2026-01-29,2,low,82
U001379,2025-09-08,2,premium,web,organic,2026-01-28,3,high,144
U001380,2025-09-17,1,premium,mobile,search,2026-01-27,4,high,135
U001381,2026-01-06,1,value,web,referral,2026-01-29,1,low,24
U001382,2025-07-15,2,value,mobile,organic,2026-01-29,6,medium,199
U001383,2025-07-31,3,value,mobile,search,2026-01-26,5,medium,183
U001384,2025-12-16,2,regular,mobile,referral,2026-01-30,1,low,45
U001385,2025-08-09,2,premium,web,search,2026-01-30,5,high,174
U001386,2025-07-03,2,regular,web,organic,2026-01-26,5,high,211
U001387,2025-09-22,2,value,web,paid_social,2026-01-30,4,medium,130
U001388,2025-07-25,1,value,mobile,paid_social,2026-01-26,6,medium,189
U001389,2025-12-14,3,value,mobile,search,2026-01-30,1,low,47
U001390,2025-12-19,1,regular,web,organic,2026-01-28,1,low,42
U001391,2025-07-20,2,regular,web,organic,2025-11-13,3,high,194
U001392,2025-09-14,3,regular,mobile,referral,2026-01-29,4,high,138
U001393,2026-01-06,2,value,web,organic,2026-01-29,0,low,24
U001394,2025-11-07,3,premium,mobile,organic,2026-01-30,2,high,84
U001395,2025-06-28,2,value,mobile,search,2025-12-26,5,medium,216
U001396,2025-09-30,3,regular,web,email,2026-01-29,3,medium,122
U001397,2025-10-07,2,premium,web,organic,2026-01-29,2,high,115
U001398,2025-10-16,3,regular,web,organic,2025-12-15,2,medium,106
U001399,2025-05-11,2,premium,web,search,2026-01-30,7,high,264
U001400,2025-07-19,3,value,nan,paid_social,2025-11-11,2,medium,195
U001401,2025-12-05,3,regular,mobile,search,2026-01-02,0,low,56
U001402,2025-07-04,2,value,web,referral,2026-01-30,5,medium,210
U001403,2025-07-19,3,regular,web,organic,2026-01-29,6,high,195
U001404,2025-07-24,2,value,web,search,2025-12-27,4,medium,190
U001405,2025-06-18,2,value,web,search,2026-01-16,7,medium,226
U001406,2025-06-13,3,value,mobile,search,2026-01-27,7,medium,231
U001407,2025-07-31,2,value,mobile,search,2026-01-23,5,medium,183
U001408,2025-12-10,2,regular,mobile,referral,2026-01-30,1,medium,51
U001409,2025-05-05,1,regular,web,organic,2026-01-29,8,high,270
U001410,2025-07-15,1,value,mobile,paid_social,2025-08-05,1,low,199
U001411,2025-05-20,3,premium,web,organic,2025-12-20,6,high,255
U001412,2025-09-22,2,premium,mobile,search,2026-01-29,4,high,130
U001413,2025-07-06,2,value,mobile,search,2026-01-29,6,medium,208
U001414,2025-11-19,1,regular,mobile,search,2026-01-30,2,medium,72
U001415,2025-09-28,2,regular,web,organic,2026-01-29,3,high,124
U001416,2025-11-17,3,regular,web,email,2026-01-29,2,medium,74
U001417,2025-10-11,3,value,mobile,email,2026-01-26,3,low,111
U001418,2025-08-23,1,regular,web,referral,2026-01-28,5,high,160
U001419,2025-12-07,2,value,mobile,referral,2026-01-09,1,low,54
U001420,2025-09-01,2,value,web,organic,2026-01-28,4,medium,151
U001421,2025-12-29,2,regular,mobile,search,2026-01-27,1,low,32
U001422,2026-01-09,2,regular,web,organic,2026-01-29,0,low,21
U001423,2025-09-29,2,regular,mobile,referral,2026-01-30,3,high,123
U001424,2025-10-21,2,value,nan,organic,2026-01-29,3,low,101
U001425,2025-07-08,2,value,web,organic,2026-01-27,6,high,206
U001426,2025-11-25,2,value,web,paid_social,2025-12-28,0,low,66
U001427,2025-10-20,2,value,web,organic,2026-01-28,3,low,102
U001428,2025-12-17,3,value,mobile,paid_social,2026-01-29,1,low,44
U001429,2025-07-11,2,regular,mobile,organic,2026-01-26,4,high,203
U001430,2025-11-18,2,regular,mobile,paid_social,2026-01-29,2,medium,73
U001431,2025-08-31,3,regular,mobile,referral,2026-01-30,5,high,152
U001432,2025-06-20,3,regular,mobile,paid_social,2026-01-29,7,high,224
U001433,2025-06-16,1,value,web,organic,2026-01-30,7,medium,228
U001434,2025-09-23,2,regular,mobile,organic,2026-01-28,3,high,129
U001435,2025-07-24,2,value,web,organic,2026-01-23,6,medium,190
U001436,2025-05-30,2,premium,mobile,organic,2026-01-30,7,high,245
U001437,2025-08-20,1,value,web,search,2025-12-15,4,low,163
U001438,2025-10-15,2,regular,mobile,search,2026-01-29,3,medium,107
U001439,2025-07-24,2,premium,web,organic,2026-01-29,6,high,190
U001440,2025-12-30,2,regular,web,organic,2026-01-30,1,low,31
U001441,2025-11-16,3,regular,web,email,2026-01-13,2,low,75
U001442,2025-09-10,2,regular,web,organic,2026-01-23,4,high,142
U001443,2025-12-25,3,value,web,organic,2026-01-24,1,low,36
U001444,2025-08-21,3,regular,web,search,2025-11-17,3,medium,162
U001445,2025-06-09,3,premium,web,organic,2025-11-06,5,high,235
U001446,2025-05-13,1,premium,mobile,email,2026-01-30,8,high,262
U001447,2025-12-26,3,regular,web,organic,2026-01-30,1,low,35
U001448,2025-12-31,1,value,mobile,paid_social,2026-01-19,1,low,30
U001449,2025-11-06,2,regular,web,paid_social,2026-01-28,2,medium,85
U001450,2025-05-30,3,regular,mobile,referral,2026-01-30,7,high,245
U001451,2025-07-17,2,value,web,paid_social,2026-01-30,6,medium,197
U001452,2025-05-15,2,value,web,paid_social,2026-01-28,8,medium,260
U001453,2025-05-17,2,value,mobile,search,2026-01-29,7,medium,258
U001454,2025-07-05,3,regular,mobile,search,2026-01-29,6,high,209
U001455,2025-09-25,2,value,web,paid_social,2026-01-30,4,medium,127
U001456,2025-05-21,2,value,web,search,2026-01-12,8,medium,254
U001457,2026-01-07,3,value,web,search,2026-01-28,1,low,23
U001458,2025-08-27,1,premium,web,organic,2025-12-26,4,high,156
U001459,2025-07-10,1,value,web,organic,2026-01-30,6,medium,204
U001460,2025-09-11,2,value,mobile,search,2026-01-23,4,medium,141
U001461,2025-11-19,3,regular,web,organic,2026-01-28,2,medium,72
U001462,2025-07-22,1,value,mobile,search,2026-01-30,6,medium,192
U001463,2025-05-16,1,premium,web,organic,2026-01-30,8,high,259
U001464,2025-05-17,1,premium,web,search,2026-01-30,7,high,258
U001465,2025-12-04,3,regular,web,paid_social,2025-12-26,0,low,57
U001466,2025-06-02,1,regular,web,search,2026-01-30,7,high,242
U001467,2025-10-11,2,value,web,paid_social,2026-01-12,2,low,111
U001468,2025-08-09,3,value,mobile,organic,2026-01-06,5,medium,174
U001469,2025-11-16,1,value,mobile,organic,2026-01-30,1,low,75
U001470,2025-05-20,2,value,web,paid_social,2026-01-20,8,medium,255
U001471,2025-12-16,2,value,web,referral,2026-01-29,1,low,45
U001472,2025-10-27,3,regular,mobile,paid_social,2026-01-30,2,medium,95
U001473,2025-08-25,2,value,web,paid_social,2026-01-22,4,medium,158
U001474,2025-06-25,2,value,web,paid_social,2026-01-21,7,medium,219
U001475,2026-01-05,1,regular,mobile,paid_social,2026-01-30,0,low,25
U001476,2025-07-19,2,regular,web,paid_social,2026-01-30,6,high,195
U001477,2025-09-05,3,value,web,paid_social,2026-01-28,4,medium,147
U001478,2025-08-11,1,value,web,organic,2026-01-30,5,medium,172
U001479,2025-07-01,2,value,mobile,organic,2026-01-28,6,high,213
U001480,2025-08-17,3,value,web,search,2025-10-13,2,low,166
U001481,2025-06-12,1,regular,mobile,search,2026-01-23,7,high,232
U001482,2025-05-05,2,premium,web,paid_social,2026-01-29,7,high,270
U001483,2025-07-16,2,regular,web,organic,2026-01-30,6,high,198
U001484,2025-06-02,2,regular,web,organic,2026-01-30,8,high,242
U001485,2025-08-17,2,regular,mobile,referral,2026-01-30,5,high,166
U001486,2025-12-07,2,regular,web,organic,2026-01-04,1,low,54
U001487,2025-06-14,1,value,mobile,referral,2025-11-15,5,medium,230
U001488,2025-05-05,2,value,web,organic,2026-01-30,8,medium,270
U001489,2025-06-01,2,regular,web,search,,1,low,243
U001490,2025-09-09,2,regular,web,search,2025-12-31,3,high,143
U001491,2025-07-12,1,value,web,organic,2026-01-02,6,medium,202
U001492,2025-09-04,3,value,web,organic,2026-01-22,4,medium,148
U001493,2025-05-12,1,value,mobile,organic,2025-10-11,5,low,263
U001494,2025-07-27,3,value,mobile,organic,2026-01-21,6,medium,187
U001495,2025-08-15,2,regular,mobile,organic,2026-01-30,5,high,168
U001496,2025-08-21,3,regular,mobile,referral,2026-01-29,5,high,162
U001497,2025-09-20,1,regular,web,organic,2026-01-29,4,high,132
U001498,2025-11-16,1,value,mobile,search,2026-01-30,2,low,75
U001499,2025-08-30,2,value,web,organic,2026-01-25,5,medium,153
U001500,2025-12-02,1,regular,mobile,email,2026-01-29,1,medium,59
U001501,2025-09-14,1,regular,mobile,referral,2026-01-30,4,high,138
U001502,2025-07-09,2,value,web,email,2026-01-28,6,medium,205
U001503,2025-07-01,3,value,mobile,email,2026-01-21,7,medium,213
U001504,2025-07-24,1,regular,mobile,organic,2026-01-30,6,high,190
U001505,2025-10-01,3,regular,web,paid_social,2025-10-31,0,low,121
U001506,2025-07-04,3,premium,mobile,organic,2026-01-30,6,high,210
U001507,2025-12-20,3,regular,web,referral,2026-01-28,1,low,41
U001508,2025-09-02,2,regular,web,search,2026-01-27,4,high,150
U001509,2025-12-07,2,regular,web,search,2026-01-30,1,medium,54
U001510,2025-10-23,2,value,mobile,email,2025-12-16,2,low,99
U001511,2025-07-27,2,regular,web,referral,2026-01-30,6,high,187
U001512,2025-07-01,3,regular,mobile,email,2026-01-30,7,high,213
U001513,2025-11-07,1,value,web,organic,2026-01-30,2,low,84
U001514,2025-07-27,2,premium,web,organic,2026-01-29,6,high,187
U001515,2025-07-05,1,value,mobile,organic,2026-01-28,5,high,209
U001516,2025-12-24,3,value,web,search,2026-01-28,1,low,37
U001517,2025-09-03,2,value,mobile,search,2026-01-25,4,medium,149
U001518,2025-05-17,2,premium,web,organic,2026-01-28,8,high,258
U001519,2025-09-06,3,premium,mobile,referral,2026-01-30,3,high,146
U001520,2025-08-28,3,regular,mobile,organic,2026-01-28,4,medium,155
U001521,2025-12-07,1,premium,web,paid_social,2026-01-29,1,high,54
U001522,2025-10-30,3,premium,web,referral,2026-01-03,1,high,92
U001523,2025-06-22,3,regular,web,paid_social,2025-09-20,2,medium,222
U001524,2025-06-11,1,premium,mobile,search,2026-01-30,6,high,233
U001525,2025-10-03,3,regular,mobile,organic,2026-01-29,3,medium,119
U001526,2025-05-16,2,regular,web,organic,2026-01-29,8,high,259
U001527,2025-07-24,2,regular,web,paid_social,2025-11-13,4,high,190
U001528,2025-06-08,2,regular,mobile,search,2025-11-10,4,medium,236
U001529,2025-05-10,2,value,web,organic,2026-01-28,8,medium,265
U001530,2025-12-21,1,regular,mobile,email,2026-01-30,1,low,40
U001531,2025-05-27,1,premium,mobile,paid_social,2025-09-17,3,high,248
U001532,2025-05-07,1,value,web,referral,2025-08-07,2,low,268
U001533,2025-12-25,2,premium,web,search,2026-01-30,1,low,36
U001534,2025-06-21,2,value,web,email,2026-01-27,6,medium,223
U001535,2025-11-25,1,value,web,organic,2026-01-26,2,low,66
U001536,2025-05-12,2,value,mobile,organic,2026-01-22,8,medium,263
U001537,2025-06-12,2,regular,mobile,referral,2026-01-28,7,high,232
U001538,2025-06-01,2,regular,mobile,referral,2026-01-25,8,high,243
U001539,2025-10-29,3,value,web,search,2026-01-30,3,low,93
U001540,2025-10-07,2,regular,web,organic,2026-01-29,3,medium,115
U001541,2025-09-01,3,value,mobile,organic,2026-01-29,4,medium,151
U001542,2025-07-04,1,regular,web,paid_social,2026-01-29,5,high,210
U001543,2025-05-27,2,premium,web,referral,2026-01-30,7,high,248
U001544,2025-09-24,3,regular,web,search,2026-01-29,4,high,128
U001545,2025-07-01,3,regular,mobile,organic,2026-01-25,7,high,213
U001546,2025-09-30,2,regular,mobile,paid_social,2026-01-30,3,medium,122
U001547,2025-10-24,2,premium,web,paid_social,2026-01-28,3,high,98
U001548,2025-12-04,2,value,mobile,search,2026-01-30,1,low,57
U001549,2025-09-05,2,value,web,paid_social,2026-01-30,4,medium,147
U001550,2025-05-06,3,value,web,email,2026-01-30,8,medium,269
U001551,2025-07-14,3,regular,web,organic,2025-12-10,4,high,200
U001552,2025-12-05,2,regular,mobile,search,2026-01-03,1,low,56
U001553,2025-09-15,1,regular,web,paid_social,2026-01-28,4,high,137
U001554,2025-10-07,2,value,web,search,2025-12-05,2,low,115
U001555,2025-08-27,1,value,web,referral,2026-01-30,4,medium,156
U001556,2025-06-14,1,regular,mobile,paid_social,2026-01-29,7,high,230
U001557,2025-12-16,2,premium,mobile,search,2026-01-29,1,medium,45
U001558,2025-11-15,2,value,web,organic,2026-01-29,2,low,76
U001559,2026-01-09,1,value,mobile,paid_social,2026-01-27,0,low,21
U001560,2025-12-05,1,value,web,organic,2026-01-29,1,low,56
U001561,2025-07-17,1,regular,web,organic,2026-01-30,6,high,197
U001562,2025-07-07,3,value,mobile,search,2025-10-07,3,low,207
U001563,2025-07-06,2,value,mobile,search,2026-01-30,5,medium,208
U001564,2025-12-21,1,regular,web,email,2026-01-30,1,low,40
U001565,2025-09-21,1,value,mobile,paid_social,2026-01-30,4,medium,131
U001566,2025-08-27,2,regular,web,referral,2026-01-29,5,high,156
U001567,2026-01-03,2,value,mobile,search,2026-01-29,1,low,27
U001568,2025-10-03,2,premium,mobile,search,2025-10-31,1,low,119
U001569,2025-12-19,2,regular,mobile,email,2026-01-29,1,low,42
U001570,2026-01-07,3,value,web,search,2026-01-25,1,low,23
U001571,2025-05-24,2,value,mobile,referral,2026-01-18,7,medium,251
U001572,2025-08-03,2,regular,mobile,search,2025-09-02,1,low,180
U001573,2025-11-05,1,premium,web,organic,2026-01-28,2,high,86
U001574,2025-11-25,3,value,web,paid_social,2026-01-30,1,low,66
U001575,2025-06-11,3,value,mobile,organic,2026-01-30,7,medium,233
U001576,2025-07-23,2,value,web,organic,2026-01-30,6,medium,191
U001577,2025-09-19,2,regular,mobile,organic,2026-01-28,4,high,133
U001578,2025-11-21,1,premium,web,organic,2026-01-30,2,medium,70
U001579,2025-06-02,3,regular,mobile,search,2026-01-30,7,high,242
U001580,2025-10-02,2,value,web,referral,2025-10-24,0,low,120
U001581,2025-07-18,1,regular,mobile,search,2026-01-30,6,high,196
U001582,2025-06-28,2,regular,mobile,referral,2025-12-26,6,high,216
U001583,2025-09-11,2,value,web,search,2026-01-28,4,medium,141
U001584,2025-08-16,3,value,mobile,organic,2026-01-24,5,medium,167
U001585,2025-10-11,2,value,mobile,organic,2026-01-27,3,medium,111
U001586,2025-07-23,2,regular,web,email,2026-01-30,6,high,191
U001587,2025-11-27,2,regular,web,paid_social,2025-12-31,0,low,64
U001588,2025-05-24,2,regular,mobile,email,2026-01-29,8,high,251
U001589,2025-12-07,2,regular,mobile,organic,2026-01-30,1,low,54
U001590,2025-05-12,1,value,web,paid_social,2026-01-29,7,medium,263
U001591,2025-11-05,3,value,mobile,paid_social,2026-01-29,1,medium,86
U001592,2025-07-30,2,value,web,email,2026-01-30,5,medium,184
U001593,2025-08-09,2,premium,web,organic,2026-01-28,5,high,174
U001594,2025-05-09,1,regular,mobile,email,2026-01-28,8,high,266
U001595,2025-10-28,1,value,web,search,2026-01-27,2,low,94
U001596,2025-06-15,2,value,web,referral,2026-01-29,7,medium,229
U001597,2025-10-17,1,regular,web,search,2026-01-30,3,medium,105
U001598,2025-11-03,1,regular,web,search,2025-12-24,2,low,88
U001599,2025-12-03,3,regular,web,search,2026-01-04,1,low,58
U001600,2025-10-29,2,value,mobile,referral,2026-01-27,2,low,93
U001601,2025-07-19,2,premium,web,organic,2026-01-29,6,high,195
U001602,2025-11-06,2,regular,mobile,search,2026-01-30,2,medium,85
U001603,2025-11-28,3,regular,mobile,search,2026-01-26,2,medium,63
U001604,2025-07-23,2,regular,web,paid_social,2026-01-30,6,high,191
U001605,2025-06-05,3,premium,web,search,2026-01-29,7,high,239
U001606,2025-12-14,3,premium,mobile,paid_social,2026-01-30,1,medium,47
U001607,2025-06-11,2,regular,web,search,2026-01-30,7,high,233
U001608,2025-10-01,2,regular,web,paid_social,2026-01-29,3,medium,121
U001609,2025-07-03,2,value,mobile,paid_social,2026-01-29,6,high,211
U001610,2025-06-05,2,regular,mobile,paid_social,2026-01-30,7,high,239
U001611,2025-11-15,2,regular,mobile,referral,2026-01-30,2,medium,76
U001612,2025-06-10,2,value,web,search,2025-12-04,6,medium,234
U001613,2025-10-20,2,value,web,organic,2026-01-28,3,low,102
U001614,2025-10-25,1,premium,web,paid_social,2026-01-29,3,high,97
U001615,2025-05-20,2,premium,mobile,organic,2026-01-30,8,high,255
U001616,2025-06-17,1,premium,web,organic,2026-01-30,7,high,227
U001617,2025-11-20,2,regular,web,referral,2026-01-28,2,medium,71
U001618,2025-09-09,2,regular,web,search,2025-10-11,1,low,143
U001619,2025-06-04,3,regular,mobile,search,2026-01-04,7,high,240
U001620,2026-01-08,1,value,mobile,email,2026-01-30,1,low,22
U001621,2025-07-10,2,value,web,organic,2026-01-30,5,medium,204
U001622,2025-05-06,2,premium,web,organic,2026-01-29,7,high,269
U001623,2025-12-22,1,value,web,organic,2026-01-30,1,low,39
U001624,2025-05-09,1,regular,web,organic,2025-07-08,1,low,266
U001625,2025-09-20,1,regular,web,paid_social,2026-01-29,3,medium,132
U001626,2026-01-09,1,regular,web,paid_social,2026-01-30,1,low,21
U001627,2025-09-27,2,value,mobile,search,2026-01-29,3,low,125
U001628,2025-09-28,2,regular,mobile,organic,2026-01-30,4,medium,124
U001629,2025-08-10,2,value,mobile,search,2025-12-04,4,low,173
U001630,2025-06-05,1,regular,mobile,organic,2026-01-30,7,high,239
U001631,2025-09-25,1,value,web,paid_social,2025-12-20,3,low,127
U001632,2025-12-16,1,regular,web,paid_social,2026-01-29,1,low,45
U001633,2025-05-27,2,regular,web,organic,2026-01-28,6,high,248
U001634,2025-12-11,2,value,mobile,referral,2026-01-02,1,low,50
U001635,2025-08-17,2,value,web,paid_social,2026-01-26,5,medium,166
U001636,2025-09-16,1,regular,web,organic,2026-01-29,4,high,136
U001637,2025-06-15,1,value,web,paid_social,2025-08-18,1,low,229
U001638,2025-10-08,3,value,web,paid_social,2025-12-05,2,low,114
U001639,2025-06-19,1,regular,mobile,organic,2026-01-30,6,high,225
U001640,2025-07-12,1,premium,mobile,organic,2026-01-30,6,high,202
U001641,2025-11-02,1,regular,web,paid_social,2026-01-07,2,medium,89
U001642,2025-05-17,3,regular,mobile,email,2025-09-15,4,medium,258
U001643,2025-08-25,2,premium,web,search,2026-01-29,5,high,158
U001644,2025-10-01,2,regular,web,search,2025-11-29,2,low,121
U001645,2025-06-07,3,regular,web,paid_social,2026-01-30,7,high,237
U001646,2025-07-17,1,regular,mobile,search,2026-01-26,5,high,197
U001647,2025-07-30,3,value,mobile,organic,2026-01-28,5,medium,184
U001648,2025-10-18,1,value,web,search,2026-01-23,2,low,104
U001649,2026-01-05,2,regular,mobile,email,2026-01-30,1,low,25
U001650,2025-11-30,2,value,web,referral,2025-12-24,1,low,61
U001651,2025-06-21,2,regular,web,email,2026-01-29,7,high,223
U001652,2025-05-09,3,value,mobile,organic,2025-10-06,5,low,266
U001653,2025-05-18,1,regular,mobile,search,2026-01-30,8,high,257
U001654,2025-10-01,3,value,mobile,paid_social,2026-01-30,3,low,121
U001655,2025-06-13,2,regular,mobile,organic,2026-01-30,7,high,231
U001656,2025-07-02,2,regular,web,organic,2025-11-04,2,medium,212
U001657,2025-12-03,3,value,mobile,referral,2025-12-30,0,low,58
U001658,2025-12-10,1,value,mobile,paid_social,2026-01-26,1,low,51
U001659,2025-12-01,3,value,web,paid_social,2026-01-27,1,low,60
U001660,2025-07-07,2,regular,web,organic,2026-01-29,6,high,207
U001661,2025-10-07,2,value,mobile,search,2026-01-29,3,low,115
U001662,2025-10-05,1,regular,web,organic,2026-01-29,3,high,117
U001663,2025-06-20,2,value,web,organic,2026-01-28,7,medium,224
U001664,2025-09-20,2,value,mobile,search,2026-01-30,4,medium,132
U001665,2025-09-13,2,regular,mobile,organic,2026-01-30,4,high,139
U001666,2025-08-12,1,regular,mobile,email,2026-01-28,5,high,171
U001667,2025-11-09,1,value,mobile,search,2026-01-30,2,low,82
U001668,2025-10-22,3,premium,web,organic,2026-01-27,3,high,100
U001669,2025-09-15,1,value,mobile,organic,2025-10-12,1,low,137
U001670,2025-11-03,2,value,web,paid_social,2026-01-30,2,low,88
U001671,2025-11-12,3,regular,mobile,organic,2026-01-27,2,medium,79
U001672,2025-09-24,1,regular,web,organic,2025-10-11,1,low,128
U001673,2025-07-11,1,regular,mobile,search,2026-01-30,4,high,203
U001674,2025-11-11,2,value,mobile,organic,2026-01-09,1,low,80
U001675,2025-11-01,1,premium,mobile,paid_social,2026-01-30,2,high,90
U001676,2026-01-06,2,regular,web,search,2026-01-28,0,low,24
U001677,2025-06-11,2,premium,web,organic,2026-01-29,7,high,233
U001678,2025-08-18,2,regular,web,referral,2026-01-28,4,high,165
U001679,2025-12-22,2,premium,web,search,2026-01-13,1,low,39
U001680,2025-09-11,2,regular,mobile,paid_social,2025-11-07,1,medium,141
U001681,2025-12-27,2,value,web,organic,2026-01-28,1,low,34
U001682,2025-05-08,1,regular,mobile,paid_social,2026-01-30,8,high,267
U001683,2025-05-13,2,regular,web,organic,2025-08-14,3,low,262
U001684,2025-11-20,3,regular,web,search,2026-01-28,2,medium,71
U001685,2025-08-02,2,regular,mobile,organic,2026-01-30,5,high,181
U001686,2025-09-12,2,value,web,email,2026-01-13,3,medium,140
U001687,2025-08-20,2,regular,web,organic,2026-01-30,5,high,163
U001688,2025-08-15,1,value,web,email,2026-01-26,5,medium,168
U001689,2025-12-26,1,premium,web,email,2026-01-30,1,medium,35
U001690,2025-05-28,1,value,mobile,search,2026-01-30,8,medium,247
U001691,2025-11-14,3,value,web,organic,2026-01-26,2,low,77
U001692,2025-12-14,1,regular,web,search,2026-01-30,1,medium,47
U001693,2025-10-17,3,regular,mobile,email,2026-01-27,3,medium,105
U001694,2025-08-12,1,regular,web,paid_social,2026-01-30,5,high,171
U001695,2025-06-14,2,premium,mobile,search,2026-01-29,7,high,230
U001696,2025-10-23,2,value,nan,organic,2026-01-22,3,low,99
U001697,2025-08-30,2,regular,mobile,referral,2026-01-29,5,high,153
U001698,2025-06-11,3,value,web,organic,2025-07-10,1,low,233
U001699,2025-08-03,3,regular,web,organic,2026-01-29,4,high,180
U001700,2026-01-01,3,regular,mobile,organic,2026-01-30,1,low,29
U001701,2025-07-10,1,value,mobile,search,2025-09-05,1,low,204
U001702,2025-06-18,3,regular,mobile,referral,2026-01-30,7,high,226
U001703,2025-10-23,1,regular,mobile,referral,2026-01-30,3,medium,99
U001704,2025-06-24,3,value,web,organic,2026-01-30,7,medium,220
U001705,2025-12-21,2,premium,mobile,search,2026-01-28,1,medium,40
U001706,2025-12-06,2,regular,mobile,referral,2026-01-30,1,medium,55
U001707,2026-01-06,1,value,web,search,2026-01-28,1,low,24
U001708,2025-12-20,1,regular,web,organic,2026-01-30,1,medium,41
U001709,2025-07-05,1,value,web,search,2025-10-07,3,low,209
U001710,2025-06-27,3,value,mobile,paid_social,2026-01-29,6,medium,217
U001711,2025-07-30,3,regular,web,email,2026-01-30,6,high,184
U001712,2025-08-30,3,value,web,paid_social,2026-01-30,5,medium,153
U001713,2025-12-11,1,value,mobile,organic,2026-01-26,1,low,50
U001714,2025-11-05,2,regular,mobile,paid_social,2026-01-05,2,low,86
U001715,2025-10-13,2,value,web,organic,2026-01-29,3,low,109
U001716,2025-12-11,2,regular,mobile,referral,2026-01-10,0,low,50
U001717,2025-10-14,2,regular,web,search,2026-01-30,3,medium,108
U001718,2025-08-08,2,value,mobile,organic,2026-01-30,5,medium,175
U001719,2025-08-16,2,regular,web,search,2026-01-29,5,high,167
U001720,2025-09-11,1,value,web,organic,2025-10-16,1,low,141
U001721,2025-05-27,2,regular,mobile,organic,2026-01-30,7,high,248
U001722,2025-11-07,2,value,web,search,2026-01-02,2,low,84
U001723,2025-10-15,1,premium,web,paid_social,2026-01-29,2,high,107
U001724,2025-11-04,3,value,web,referral,2026-01-29,2,low,87
U001725,2025-09-16,2,regular,mobile,search,2026-01-29,4,high,136
U001726,2025-11-17,3,value,mobile,organic,2026-01-29,2,low,74
U001727,2025-12-29,2,value,mobile,search,2026-01-28,1,low,32
U001728,2025-09-25,2,regular,mobile,search,2026-01-27,4,medium,127
U001729,2025-08-24,2,regular,mobile,organic,2026-01-27,5,high,159
U001730,2025-05-31,3,premium,web,referral,2026-01-30,7,high,244
U001731,2025-11-16,2,value,web,email,2025-12-17,1,low,75
U001732,2025-12-17,2,value,mobile,organic,2026-01-27,1,low,44
U001733,2025-10-27,1,value,mobile,referral,2026-01-29,3,low,95
U001734,2025-12-08,2,value,mobile,paid_social,2026-01-29,1,low,53
U001735,2025-12-07,1,premium,mobile,organic,2026-01-30,1,medium,54
U001736,2025-11-21,1,premium,web,paid_social,2026-01-30,2,high,70
U001737,2025-09-08,1,premium,mobile,organic,2026-01-30,4,high,144
U001738,2025-05-30,2,value,mobile,organic,2026-01-30,8,medium,245
U001739,2025-05-05,1,regular,mobile,email,,1,low,270
U001740,2025-06-25,2,regular,mobile,paid_social,2026-01-20,6,high,219
U001741,2025-08-21,3,value,mobile,organic,2026-01-30,5,medium,162
U001742,2025-11-07,3,regular,mobile,search,2026-01-30,2,medium,84
U001743,2025-08-27,2,value,web,email,2026-01-20,5,medium,156
U001744,2025-05-10,2,value,mobile,search,2026-01-26,8,medium,265
U001745,2025-06-26,2,premium,web,email,2026-01-30,7,high,218
U001746,2026-01-05,2,value,web,referral,2026-01-30,1,low,25
U001747,2026-01-07,2,premium,web,search,2026-01-30,1,low,23
U001748,2025-08-07,1,value,web,paid_social,2026-01-30,5,medium,176
U001749,2025-11-23,3,value,web,paid_social,2026-01-15,1,low,68
U001750,2025-11-01,1,value,mobile,paid_social,2026-01-02,1,low,90
U001751,2025-12-24,3,value,mobile,search,2026-01-24,1,low,37
U001752,2025-12-13,2,regular,mobile,organic,2026-01-23,1,low,48
U001753,2025-10-09,1,value,web,organic,2026-01-29,3,low,113
U001754,2025-08-12,2,regular,web,paid_social,2025-10-07,1,low,171
U001755,2025-10-09,1,premium,mobile,paid_social,2026-01-30,3,high,113
U001756,2025-07-24,3,value,mobile,paid_social,2026-01-15,6,medium,190
U001757,2025-07-31,2,value,web,paid_social,2026-01-30,5,medium,183
U001758,2025-10-04,1,regular,mobile,organic,2026-01-30,3,high,118
U001759,2025-09-25,1,regular,mobile,organic,2026-01-30,4,medium,127
U001760,2025-09-27,3,regular,mobile,referral,2026-01-30,3,medium,125
U001761,2025-08-09,2,value,mobile,search,2026-01-29,5,medium,174
U001762,2025-08-15,3,regular,mobile,referral,2026-01-28,5,high,168
U001763,2025-05-07,3,regular,mobile,organic,2026-01-30,8,high,268
U001764,2025-10-03,2,value,web,search,2025-12-29,3,low,119
U001765,2025-09-26,2,value,web,email,2025-12-29,3,low,126
U001766,2025-12-25,2,premium,web,organic,2026-01-27,1,medium,36
U001767,2025-09-08,3,value,mobile,organic,2025-10-09,1,low,144
U001768,2025-08-30,1,value,mobile,paid_social,2025-10-30,1,low,153
U001769,2025-05-21,2,value,web,paid_social,2026-01-30,7,medium,254
U001770,2025-06-23,1,regular,mobile,email,2026-01-29,7,high,221
U001771,2025-07-28,2,regular,nan,email,2025-11-02,3,medium,186
U001772,2025-08-07,2,value,web,paid_social,2026-01-29,5,medium,176
U001773,2025-08-04,2,regular,mobile,organic,2025-12-27,5,high,179
U001774,2025-08-11,2,regular,web,search,2025-09-13,1,low,172
U001775,2025-11-13,2,value,web,referral,2026-01-26,2,low,78
U001776,2025-06-06,1,premium,web,search,2026-01-30,6,high,238
U001777,2025-07-27,2,value,web,email,2026-01-08,5,medium,187
U001778,2025-06-14,3,value,mobile,paid_social,2025-07-10,1,low,230
U001779,2025-07-21,2,premium,mobile,organic,2026-01-30,6,high,193
U001780,2025-10-23,2,regular,mobile,search,2026-01-30,3,medium,99
U001781,2025-05-16,3,value,mobile,paid_social,2026-01-30,8,medium,259
U001782,2025-07-29,1,regular,web,organic,2025-09-13,1,low,185
U001783,2025-05-10,2,regular,mobile,search,2026-01-28,7,high,265
U001784,2025-12-30,1,value,web,paid_social,2026-01-24,1,low,31
U001785,2025-11-03,3,regular,web,organic,2026-01-30,2,medium,88
U001786,2025-07-05,2,regular,mobile,search,2026-01-30,5,high,209
U001787,2025-06-23,2,value,web,paid_social,2025-09-24,3,low,221
U001788,2025-05-29,1,regular,web,paid_social,2025-07-27,2,low,246
U001789,2025-08-31,1,value,nan,search,2026-01-27,5,medium,152
U001790,2025-11-10,2,value,mobile,email,2026-01-15,2,low,81
U001791,2025-09-28,2,premium,web,email,2026-01-27,4,high,124
U001792,2025-12-12,3,regular,web,search,2026-01-30,1,low,49
U001793,2025-07-30,3,regular,mobile,organic,2026-01-30,6,high,184
U001794,2025-07-13,2,regular,web,paid_social,2025-11-08,4,medium,201
U001795,2025-09-01,2,regular,mobile,organic,2025-09-28,1,low,151
U001796,2025-06-24,3,value,web,referral,2025-12-21,5,medium,220
U001797,2026-01-04,2,premium,mobile,paid_social,2026-01-26,1,low,26
U001798,2025-06-20,2,regular,mobile,search,2026-01-30,6,high,224
U001799,2025-09-02,3,regular,web,search,2026-01-30,4,high,150
U001800,2025-09-13,1,regular,mobile,search,2026-01-30,4,high,139
U001801,2025-05-19,3,value,web,email,2026-01-30,8,medium,256
U001802,2025-08-30,1,value,mobile,organic,2026-01-29,4,medium,153
U001803,2025-08-27,2,value,mobile,email,2025-12-29,4,low,156
U001804,2025-07-09,3,value,mobile,organic,2026-01-30,5,medium,205
U001805,2025-06-06,2,regular,mobile,paid_social,2026-01-30,7,high,238
U001806,2025-05-16,2,premium,mobile,email,2026-01-29,7,high,259
U001807,2025-05-07,2,value,mobile,search,2026-01-19,7,medium,268
U001808,2025-09-02,1,value,web,organic,2026-01-28,3,low,150
U001809,2025-05-27,1,regular,mobile,referral,2026-01-30,8,high,248
U001810,2025-12-31,2,value,mobile,referral,2026-01-30,1,low,30
U001811,2025-07-05,2,premium,mobile,organic,2026-01-27,6,high,209
U001812,2025-10-15,2,value,web,search,2026-01-30,2,low,107
U001813,2025-10-21,1,value,web,referral,2026-01-29,3,low,101
U001814,2025-09-06,3,value,mobile,organic,2026-01-30,4,medium,146
U001815,2025-12-12,2,premium,mobile,paid_social,2026-01-29,1,medium,49
U001816,2025-06-01,2,value,web,search,2026-01-29,7,medium,243
U001817,2025-07-02,2,regular,web,organic,2026-01-30,6,high,212
U001818,2025-07-07,1,value,web,referral,2026-01-28,6,medium,207
U001819,2025-06-07,2,value,web,organic,2025-11-05,3,low,237
U001820,2025-07-17,2,premium,mobile,email,2026-01-30,6,high,197
U001821,2025-07-22,1,value,web,search,2026-01-27,6,medium,192
U001822,2025-11-12,3,value,web,search,2026-01-28,2,low,79
U001823,2025-07-19,3,regular,web,search,2026-01-28,6,high,195
U001824,2025-12-11,2,premium,web,search,2026-01-30,1,medium,50
U001825,2025-11-14,3,value,mobile,referral,2026-01-20,2,low,77
U001826,2025-12-17,3,value,web,paid_social,2026-01-16,1,low,44
U001827,2025-05-31,2,premium,web,paid_social,2026-01-28,8,high,244
U001828,2026-01-07,2,regular,web,search,2026-01-30,1,low,23
U001829,2025-10-06,2,premium,mobile,organic,2026-01-30,3,high,116
U001830,2026-01-06,2,regular,mobile,organic,2026-01-25,0,low,24
U001831,2025-08-02,1,regular,web,paid_social,2025-12-02,4,medium,181
U001832,2025-12-30,1,regular,mobile,search,2026-01-29,1,low,31
U001833,2025-09-29,2,value,web,search,2026-01-28,4,low,123
U001834,2025-05-23,3,regular,mobile,search,2026-01-30,7,high,252
U001835,2025-08-15,3,regular,web,search,2026-01-30,4,high,168
U001836,2025-06-08,2,premium,mobile,paid_social,2026-01-30,6,high,236
U001837,2025-12-27,1,regular,mobile,paid_social,2026-01-29,1,low,34
U001838,2025-07-20,2,value,web,email,2025-11-13,4,medium,194
U001839,2025-06-29,2,regular,web,organic,2026-01-30,7,high,215
U001840,2025-09-20,3,regular,web,search,2026-01-27,4,medium,132
U001841,2025-08-19,3,regular,web,organic,2026-01-29,5,high,164
U001842,2025-05-29,3,regular,web,referral,2026-01-29,8,high,246
U001843,2025-11-25,3,regular,web,paid_social,2026-01-29,2,medium,66
U001844,2025-12-03,3,value,mobile,search,2026-01-30,1,low,58
U001845,2025-11-07,2,regular,web,referral,2026-01-02,1,medium,84
U001846,2025-10-06,1,regular,mobile,search,2025-12-09,1,medium,116
U001847,2025-08-14,1,premium,web,organic,2026-01-29,5,high,169
U001848,2025-09-18,2,regular,web,search,2026-01-30,4,medium,134
U001849,2025-09-12,2,regular,web,organic,2025-10-08,1,low,140
U001850,2025-06-15,1,regular,mobile,referral,2025-09-14,2,medium,229
U001851,2025-05-25,3,regular,web,paid_social,2026-01-30,8,high,250
U001852,2025-07-07,1,value,web,paid_social,2026-01-30,6,medium,207
U001853,2025-08-27,3,premium,mobile,referral,2026-01-30,4,high,156
U001854,2025-06-14,3,premium,mobile,referral,2026-01-30,6,high,230
U001855,2025-05-31,2,regular,mobile,search,2026-01-30,7,high,244
U001856,2025-12-04,2,regular,web,organic,2026-01-29,1,medium,57
U001857,2025-08-07,2,value,web,search,2026-01-28,5,medium,176
U001858,2025-09-28,2,regular,mobile,email,2026-01-29,3,high,124
U001859,2025-09-13,1,regular,mobile,email,2026-01-30,4,high,139
U001860,2025-11-05,3,regular,mobile,paid_social,2026-01-29,1,medium,86
U001861,2025-11-06,2,value,web,organic,2026-01-29,2,low,85
U001862,2025-07-18,2,regular,web,organic,2026-01-29,6,high,196
U001863,2025-12-03,2,value,mobile,referral,2026-01-27,1,low,58
U001864,2025-08-06,2,regular,mobile,organic,2026-01-24,5,high,177
U001865,2025-11-30,2,regular,web,paid_social,2026-01-30,1,medium,61
U001866,2025-08-14,2,value,mobile,search,2026-01-30,5,medium,169
U001867,2025-06-01,1,regular,mobile,organic,2026-01-29,8,high,243
U001868,2025-11-11,2,regular,web,paid_social,2026-01-30,2,medium,80
U001869,2025-05-12,2,regular,web,email,2026-01-30,8,high,263
U001870,2025-11-14,2,value,mobile,paid_social,2026-01-30,2,low,77
U001871,2025-05-15,1,regular,web,search,2026-01-30,8,high,260
U001872,2025-06-25,2,value,mobile,search,2026-01-24,7,medium,219
U001873,2025-10-03,2,regular,mobile,email,2026-01-30,3,medium,119
U001874,2025-12-27,2,regular,web,search,2026-01-27,1,low,34
U001875,2025-08-15,1,value,mobile,search,2025-09-11,0,low,168
U001876,2025-06-04,1,regular,web,paid_social,2026-01-30,7,high,240
U001877,2025-07-02,2,regular,web,organic,2026-01-30,6,high,212
U001878,2025-12-15,1,regular,mobile,organic,2026-01-28,1,low,46
U001879,2025-11-03,2,value,mobile,referral,2026-01-30,2,low,88
U001880,2025-05-30,3,value,web,paid_social,2026-01-29,8,medium,245
U001881,2025-08-09,2,regular,mobile,organic,2026-01-30,5,high,174
U001882,2025-07-10,3,value,mobile,organic,2026-01-30,6,medium,204
U001883,2025-06-18,1,regular,mobile,email,2026-01-28,6,high,226
U001884,2025-12-03,1,value,mobile,paid_social,2026-01-30,1,low,58
U001885,2025-10-07,2,value,web,paid_social,2026-01-30,3,medium,115
U001886,2025-06-19,3,regular,web,organic,2025-12-17,5,high,225
U001887,2025-10-15,3,value,mobile,email,2026-01-30,3,low,107
U001888,2025-08-16,1,regular,web,referral,2025-10-15,0,low,167
U001889,2025-05-20,3,value,mobile,search,2025-08-19,3,low,255
U001890,2025-08-25,2,regular,web,organic,2026-01-27,5,high,158
U001891,2025-06-20,2,regular,web,paid_social,2025-10-25,4,medium,224
U001892,2025-07-05,1,regular,web,referral,2026-01-30,6,high,209
U001893,2025-12-11,3,regular,web,referral,2026-01-28,1,low,50
U001894,2025-10-30,1,value,web,email,2026-01-30,2,low,92
U001895,2025-06-07,3,regular,mobile,paid_social,2026-01-30,7,high,237
U001896,2025-12-04,2,value,mobile,organic,2026-01-25,1,low,57
U001897,2025-09-26,2,regular,web,search,2025-11-24,2,medium,126
U001898,2025-12-10,2,value,web,referral,2026-01-30,1,low,51
U001899,2025-11-08,3,regular,mobile,organic,2026-01-29,2,medium,83
U001900,2025-07-29,1,value,web,organic,2026-01-29,6,medium,185
U001901,2025-09-16,1,premium,web,paid_social,2026-01-30,4,high,136
U001902,2025-09-15,2,regular,web,search,2025-11-08,2,medium,137
U001903,2025-11-01,2,regular,mobile,referral,2026-01-30,2,medium,90
U001904,2025-07-06,1,value,mobile,organic,2026-01-29,6,medium,208
U001905,2025-07-27,1,value,mobile,organic,2026-01-30,5,medium,187
U001906,2025-07-05,2,value,mobile,organic,2026-01-22,6,medium,209
U001907,2025-07-18,1,premium,mobile,paid_social,2026-01-30,6,high,196
U001908,2025-06-14,1,regular,web,paid_social,2026-01-26,7,high,230
U001909,2025-05-14,3,value,web,search,2026-01-30,8,medium,261
U001910,2025-12-26,2,regular,web,search,2026-01-29,1,low,35
U001911,2025-05-23,3,regular,web,organic,2025-07-22,2,low,252
U001912,2025-12-13,3,value,mobile,paid_social,2026-01-30,1,low,48
U001913,2025-05-05,1,regular,web,email,2026-01-29,8,high,270
U001914,2025-11-16,2,value,web,paid_social,2026-01-22,2,low,75
U001915,2025-07-26,2,value,web,organic,2025-10-25,3,low,188
U001916,2025-09-11,2,regular,mobile,paid_social,2026-01-29,4,high,141
U001917,2025-07-14,1,value,mobile,organic,2025-12-31,6,medium,200
U001918,2025-09-05,1,premium,mobile,organic,2026-01-30,4,high,147
U001919,2025-08-26,1,regular,web,organic,2025-10-18,2,low,157
U001920,2025-09-14,2,regular,web,organic,2026-01-15,4,high,138
U001921,2025-08-11,3,regular,mobile,organic,2026-01-27,5,high,172
U001922,2025-09-16,2,premium,mobile,referral,2026-01-30,4,high,136
U001923,2025-11-28,2,value,mobile,organic,2026-01-28,1,low,63
U001924,2025-08-22,3,regular,web,paid_social,2025-11-17,3,medium,161
U001925,2025-08-03,2,regular,web,email,2026-01-27,5,high,180
U001926,2025-06-07,1,premium,mobile,search,2026-01-30,7,high,237
U001927,2025-08-03,3,value,mobile,search,2026-01-24,4,medium,180
U001928,2025-06-05,2,regular,nan,paid_social,2025-12-28,6,high,239
U001929,2025-06-19,1,regular,web,organic,2026-01-30,6,high,225
U001930,2025-12-30,2,value,web,search,2026-01-30,1,low,31
U001931,2025-05-27,3,premium,web,search,2026-01-29,8,high,248
U001932,2025-09-02,2,value,mobile,referral,2025-10-01,0,low,150
U001933,2025-11-30,2,value,web,referral,2026-01-26,1,low,61
U001934,2025-12-30,1,regular,web,referral,2026-01-30,1,low,31
U001935,2025-06-10,1,regular,nan,paid_social,2025-12-07,5,high,234
U001936,2025-06-15,1,value,mobile,search,2026-01-30,7,medium,229
U001937,2025-08-06,2,value,web,referral,2025-08-30,0,low,177
U001938,2025-09-21,3,value,web,referral,2026-01-22,4,medium,131
U001939,2025-12-31,1,regular,mobile,search,2026-01-30,0,low,30
U001940,2025-06-26,2,premium,mobile,email,2026-01-30,7,high,218
U001941,2025-06-15,1,regular,mobile,referral,2026-01-30,7,high,229
U001942,2025-07-07,1,value,nan,search,2025-10-08,2,low,207
U001943,2025-12-10,2,regular,web,organic,2026-01-28,1,low,51
U001944,2025-05-12,2,premium,mobile,organic,,1,low,263
U001945,2025-08-08,2,regular,mobile,paid_social,2026-01-23,4,high,175
U001946,2025-06-03,2,value,web,organic,2025-08-27,2,low,241
U001947,2025-06-13,2,value,mobile,search,2025-09-11,3,low,231
U001948,2025-12-21,1,premium,web,paid_social,2026-01-30,1,medium,40
U001949,2025-05-05,1,premium,web,referral,2026-01-30,6,high,270
U001950,2025-07-24,3,value,web,referral,2026-01-30,6,medium,190
U001951,2025-12-20,3,regular,web,paid_social,2026-01-29,1,low,41
U001952,2025-10-04,3,value,mobile,search,2025-12-08,2,low,118
U001953,2025-05-23,3,value,web,organic,2026-01-26,8,medium,252
U001954,2025-08-29,2,regular,mobile,paid_social,2026-01-30,4,high,154
U001955,2026-01-03,3,regular,web,organic,2026-01-30,1,low,27
U001956,2025-08-13,2,regular,web,search,2026-01-30,4,high,170
U001957,2025-09-14,1,premium,web,email,2026-01-30,4,high,138
U001958,2025-09-15,1,regular,web,search,2026-01-15,4,medium,137
U001959,2025-10-17,1,value,mobile,paid_social,2026-01-25,3,low,105
U001960,2025-06-20,1,regular,mobile,paid_social,2026-01-29,7,high,224
U001961,2025-12-01,2,regular,web,referral,2026-01-30,1,medium,60
U001962,2026-01-08,2,regular,mobile,search,2026-01-30,1,low,22
U001963,2025-06-09,3,premium,mobile,search,2026-01-28,6,high,235
U001964,2025-11-26,2,regular,mobile,organic,2026-01-29,2,medium,65
U001965,2025-11-26,1,value,web,paid_social,2026-01-23,2,low,65
U001966,2025-11-07,2,value,web,organic,2026-01-02,1,low,84
U001967,2025-08-06,2,regular,mobile,search,2026-01-30,5,high,177
U001968,2025-08-30,1,premium,mobile,paid_social,2026-01-29,5,high,153
U001969,2025-12-01,2,value,web,organic,2026-01-30,1,low,60
U001970,2025-06-12,2,value,mobile,search,2026-01-05,6,medium,232
U001971,2025-11-29,2,regular,web,organic,2026-01-30,1,medium,62
U001972,2025-12-22,3,value,mobile,organic,2026-01-25,1,low,39
U001973,2025-10-23,3,value,web,organic,2026-01-27,3,low,99
U001974,2025-07-29,2,premium,mobile,organic,2025-12-27,5,high,185
U001975,2025-09-22,1,regular,web,email,2026-01-30,4,high,130
U001976,2025-05-17,3,premium,web,email,2026-01-30,8,high,258
U001977,2025-12-24,2,regular,mobile,paid_social,2026-01-30,1,low,37
U001978,2025-07-29,1,value,web,paid_social,2026-01-30,5,medium,185
U001979,2025-05-19,2,premium,mobile,paid_social,2026-01-30,8,high,256
U001980,2025-11-20,2,value,mobile,referral,2026-01-13,1,low,71
U001981,2025-10-17,2,value,web,search,2026-01-30,3,low,105
U001982,2025-10-08,1,premium,web,organic,2026-01-30,3,high,114
U001983,2025-05-18,2,regular,mobile,paid_social,2026-01-30,8,high,257
U001984,2025-11-09,1,premium,mobile,email,2026-01-30,2,medium,82
U001985,2025-10-11,1,value,mobile,organic,2026-01-28,3,low,111
U001986,2025-11-20,1,premium,web,search,2026-01-15,2,medium,71
U001987,2025-11-28,3,regular,mobile,search,2026-01-30,1,medium,63
U001988,2025-06-27,2,regular,web,search,2026-01-29,6,high,217
U001989,2025-06-26,2,premium,nan,paid_social,2026-01-30,7,high,218
U001990,2025-12-22,2,regular,web,search,2026-01-29,1,low,39
U001991,2025-09-15,3,regular,web,email,2026-01-10,3,medium,137
U001992,2025-08-22,2,regular,mobile,referral,2025-10-23,2,low,161
U001993,2025-07-16,3,regular,mobile,organic,2026-01-30,6,high,198
U001994,2025-10-12,2,premium,web,referral,2026-01-30,3,high,110
U001995,2025-11-10,1,regular,mobile,paid_social,2026-01-29,2,medium,81
U001996,2025-05-05,2,value,web,search,2026-01-30,8,medium,270
U001997,2025-09-20,2,value,web,search,2025-12-15,2,low,132
U001998,2026-01-09,3,premium,web,referral,2026-01-30,1,low,21
U001999,2025-07-14,3,premium,web,search,2026-01-30,6,high,200
U002000,2025-07-14,2,premium,web,organic,2026-01-30,6,high,200
U002001,2025-12-11,3,value,web,organic,2026-01-30,1,low,50
U002002,2025-05-20,2,regular,web,organic,2025-12-15,5,high,255
U002003,2025-08-12,2,regular,mobile,paid_social,2026-01-28,5,high,171
U002004,2025-08-28,2,regular,mobile,organic,2026-01-30,5,high,155
U002005,2025-11-21,1,value,mobile,paid_social,2025-12-20,1,low,70
U002006,2025-06-06,3,regular,web,search,2026-01-30,5,high,238
U002007,2025-08-21,1,value,mobile,referral,2025-10-13,2,low,162
U002008,2025-06-12,2,regular,web,search,2026-01-30,7,high,232
U002009,2025-11-18,2,value,mobile,email,2026-01-06,1,low,73
U002010,2025-10-10,1,value,mobile,email,2026-01-25,3,low,112
U002011,2025-09-06,1,value,web,organic,2026-01-30,4,medium,146
U002012,2025-08-11,2,premium,web,paid_social,2025-09-14,0,low,172
U002013,2025-06-12,1,regular,mobile,organic,2025-08-14,1,low,232
U002014,2025-12-22,2,premium,mobile,referral,2026-01-20,1,low,39
U002015,2025-10-14,2,regular,mobile,paid_social,2025-12-08,1,medium,108
U002016,2025-07-24,1,regular,mobile,organic,2026-01-28,6,high,190
U002017,2025-08-16,1,value,mobile,organic,2026-01-26,5,medium,167
U002018,2025-11-03,3,regular,web,search,2025-12-03,0,low,88
U002019,2025-11-01,3,value,mobile,referral,2026-01-02,2,low,90
U002020,2025-08-28,1,regular,web,referral,2026-01-29,5,high,155
U002021,2025-07-20,3,regular,web,organic,2026-01-29,6,high,194
U002022,2025-10-17,2,premium,web,organic,2026-01-30,3,high,105
U002023,2025-10-17,2,value,mobile,search,2025-11-21,1,low,105
U002024,2025-10-02,2,regular,mobile,paid_social,2026-01-29,3,medium,120
U002025,2025-05-23,2,value,web,organic,2026-01-30,8,medium,252
U002026,2025-08-31,3,value,web,organic,2026-01-30,5,medium,152
U002027,2025-10-06,2,regular,web,referral,2025-11-06,0,low,116
U002028,2025-12-29,2,regular,mobile,search,2026-01-26,1,low,32
U002029,2025-09-13,2,regular,mobile,paid_social,2026-01-30,4,high,139
U002030,2025-07-30,1,value,web,search,2026-01-27,5,medium,184
U002031,2025-09-21,2,premium,web,search,2025-12-19,3,high,131
U002032,2025-06-18,1,premium,mobile,paid_social,2025-10-23,4,high,226
U002033,2025-05-27,2,regular,web,organic,2025-08-27,3,low,248
U002034,2025-10-22,1,premium,web,organic,2026-01-27,3,high,100
U002035,2026-01-07,1,value,web,email,2026-01-29,0,low,23
U002036,2025-12-03,2,regular,web,referral,2026-01-30,1,medium,58
U002037,2025-09-28,2,premium,web,paid_social,2026-01-30,3,high,124
U002038,2025-05-15,2,regular,mobile,organic,2025-12-13,7,high,260
U002039,2026-01-07,1,regular,web,organic,2026-01-24,1,low,23
U002040,2025-08-25,2,regular,web,organic,2026-01-30,5,high,158
U002041,2025-07-16,2,regular,mobile,email,2026-01-30,6,high,198
U002042,2025-12-15,2,regular,mobile,referral,2026-01-15,1,low,46
U002043,2025-11-08,2,value,web,search,2026-01-30,2,low,83
U002044,2025-11-09,2,value,web,email,2026-01-29,2,low,82
U002045,2025-07-13,2,regular,mobile,organic,2026-01-28,6,high,201
U002046,2026-01-08,3,regular,web,search,2026-01-30,1,low,22
U002047,2025-08-26,3,regular,mobile,organic,2026-01-30,5,high,157
U002048,2025-09-15,2,premium,web,organic,2026-01-30,4,high,137
U002049,2025-11-09,2,regular,web,email,2026-01-30,2,medium,82
U002050,2025-10-17,1,regular,web,referral,2026-01-27,3,medium,105
U002051,2025-06-17,3,regular,mobile,organic,2026-01-30,6,high,227
U002052,2025-07-19,2,regular,web,organic,2026-01-28,6,high,195
U002053,2025-08-03,2,regular,web,paid_social,2026-01-30,5,high,180
U002054,2025-12-28,3,regular,web,organic,2026-01-24,1,low,33
U002055,2025-10-31,2,regular,mobile,search,2026-01-30,2,medium,91
U002056,2025-08-04,1,regular,web,paid_social,2026-01-28,5,high,179
U002057,2025-11-05,1,regular,mobile,organic,2026-01-30,2,medium,86
U002058,2025-11-06,1,regular,mobile,organic,2026-01-28,2,medium,85
U002059,2025-08-11,2,value,web,organic,2025-12-05,3,low,172
U002060,2025-08-14,1,regular,mobile,email,2026-01-28,5,high,169
U002061,2025-12-15,3,regular,mobile,search,2026-01-29,1,medium,46
U002062,2025-09-23,3,value,web,paid_social,2025-10-24,1,low,129
U002063,2025-06-11,2,regular,web,organic,2026-01-29,7,high,233
U002064,2025-11-01,2,regular,web,paid_social,2025-12-04,0,low,90
U002065,2025-09-29,2,regular,web,organic,2025-12-03,2,medium,123
U002066,2025-09-09,1,regular,web,organic,2025-10-04,1,low,143
U002067,2025-11-03,2,value,mobile,paid_social,2026-01-27,2,low,88
U002068,2025-12-18,1,value,mobile,paid_social,2026-01-30,1,low,43
U002069,2025-07-26,1,value,web,organic,2025-11-16,3,medium,188
U002070,2025-08-18,2,regular,web,search,2026-01-30,4,high,165
U002071,2025-06-21,1,regular,web,email,2026-01-29,7,high,223
U002072,2025-10-14,2,regular,web,organic,2026-01-30,3,medium,108
U002073,2025-08-14,2,regular,web,organic,2026-01-13,5,high,169
U002074,2025-07-29,3,value,mobile,search,2026-01-30,5,medium,185
U002075,2025-10-26,2,value,mobile,organic,2026-01-29,3,low,96
U002076,2025-08-15,3,value,web,paid_social,2026-01-29,5,medium,168
U002077,2025-08-29,2,regular,mobile,paid_social,2026-01-30,4,high,154
U002078,2025-08-23,3,value,mobile,search,2025-10-24,2,low,160
U002079,2025-07-08,2,regular,mobile,paid_social,2026-01-30,6,high,206
U002080,2025-06-05,1,regular,web,search,2026-01-30,7,high,239
U002081,2025-11-28,3,regular,web,paid_social,2026-01-30,1,medium,63
U002082,2025-05-28,2,value,mobile,organic,2026-01-30,7,medium,247
U002083,2025-07-25,1,value,web,organic,2025-08-26,1,low,189
U002084,2025-10-19,1,regular,mobile,paid_social,2026-01-30,3,medium,103
U002085,2025-06-06,2,regular,web,organic,2026-01-29,7,high,238
U002086,2025-10-16,2,value,mobile,organic,2026-01-30,3,low,106
U002087,2025-11-04,2,premium,mobile,search,2026-01-29,2,high,87
U002088,2025-10-18,3,regular,web,paid_social,2026-01-29,3,medium,104
U002089,2025-07-20,2,regular,web,organic,2026-01-29,6,high,194
U002090,2025-05-09,2,value,mobile,paid_social,2026-01-26,8,medium,266
U002091,2025-12-13,2,value,web,paid_social,2026-01-28,1,low,48
U002092,2025-07-25,3,value,mobile,paid_social,2026-01-30,5,medium,189
U002093,2025-11-23,1,value,mobile,organic,2026-01-08,1,low,68
U002094,2025-06-23,1,regular,web,referral,2026-01-30,6,high,221
U002095,2025-06-14,2,regular,mobile,organic,2026-01-27,7,high,230
U002096,2025-11-16,2,premium,web,email,2026-01-28,2,medium,75
U002097,2025-12-26,3,premium,mobile,paid_social,2026-01-29,1,low,35
U002098,2025-12-07,2,value,web,organic,2026-01-26,1,low,54
U002099,2025-11-09,3,value,web,referral,2026-01-26,1,low,82
U002100,2025-07-05,2,regular,web,search,2026-01-30,6,high,209
U002101,2025-12-20,1,premium,mobile,search,2026-01-30,1,medium,41
U002102,2025-10-19,1,premium,mobile,search,2026-01-30,3,high,103
U002103,2025-06-17,1,value,mobile,paid_social,2026-01-29,6,medium,227
U002104,2025-06-06,2,value,web,paid_social,2026-01-30,7,medium,238
U002105,2025-12-09,2,value,web,referral,2026-01-30,1,low,52
U002106,2025-07-13,2,regular,mobile,organic,2026-01-29,6,high,201
U002107,2025-11-13,2,regular,mobile,paid_social,2026-01-14,1,medium,78
U002108,2025-06-08,2,regular,web,paid_social,2025-08-29,3,medium,236
U002109,2025-07-14,2,regular,mobile,paid_social,2025-10-18,3,medium,200
U002110,2025-07-15,2,value,web,search,2025-09-11,2,low,199
U002111,2025-07-14,2,regular,web,search,2026-01-29,6,high,200
U002112,2025-10-21,2,value,mobile,paid_social,2026-01-29,2,low,101
U002113,2025-12-20,2,regular,web,organic,2026-01-12,1,low,41
U002114,2025-12-19,2,regular,web,organic,2026-01-30,1,low,42
U002115,2025-11-07,2,regular,mobile,search,2026-01-29,2,medium,84
U002116,2025-06-24,2,value,mobile,organic,2025-12-19,6,medium,220
U002117,2026-01-01,2,regular,web,organic,2026-01-30,1,low,29
U002118,2025-09-18,2,regular,mobile,organic,2025-11-14,1,medium,134
U002119,2025-09-19,1,value,web,paid_social,2026-01-30,4,medium,133
U002120,2025-10-28,2,value,web,email,2026-01-30,3,low,94
U002121,2025-11-14,3,regular,web,search,2026-01-29,2,medium,77
U002122,2025-12-30,1,value,web,organic,2026-01-30,1,low,31
U002123,2025-09-28,3,value,web,referral,2026-01-01,3,low,124
U002124,2025-10-05,1,value,web,organic,2025-10-18,1,low,117
U002125,2025-11-08,2,value,mobile,email,2026-01-02,1,low,83
U002126,2025-07-08,2,regular,mobile,search,2026-01-29,6,high,206
U002127,2025-07-21,1,regular,mobile,organic,2026-01-28,5,high,193
U002128,2025-10-08,3,value,mobile,search,2026-01-29,2,low,114
U002129,2025-05-21,2,regular,web,organic,2026-01-28,8,high,254
U002130,2025-07-24,3,value,web,paid_social,2025-08-22,0,low,190
U002131,2025-11-01,2,value,web,organic,2026-01-30,3,low,90
U002132,2026-01-05,3,value,mobile,referral,2026-01-29,1,low,25
U002133,2025-09-12,3,regular,web,paid_social,2026-01-30,4,high,140
U002134,2025-08-13,2,premium,web,referral,2026-01-30,5,high,170
U002135,2025-08-23,1,regular,web,referral,2026-01-30,5,high,160
U002136,2025-10-24,2,value,web,organic,2025-12-20,1,low,98
U002137,2025-09-18,2,value,mobile,search,2026-01-30,4,medium,134
U002138,2025-05-10,3,value,mobile,referral,2026-01-05,7,medium,265
U002139,2025-09-17,2,regular,web,search,2026-01-30,4,high,135
U002140,2025-08-13,2,value,mobile,organic,2026-01-29,5,medium,170
U002141,2025-10-27,1,premium,mobile,organic,2026-01-27,3,high,95
U002142,2025-12-10,2,regular,web,organic,2026-01-30,1,medium,51
U002143,2026-01-01,3,regular,web,referral,2026-01-26,1,low,29
U002144,2025-10-05,1,regular,mobile,search,2025-12-28,3,medium,117
U002145,2025-08-04,2,value,web,paid_social,2026-01-30,5,medium,179
U002146,2025-08-24,3,regular,web,email,2026-01-30,5,high,159
U002147,2025-06-18,1,value,web,organic,2026-01-29,6,medium,226
U002148,2025-12-25,1,regular,mobile,paid_social,2026-01-30,1,medium,36
U002149,2025-12-03,2,regular,mobile,organic,2026-01-29,0,medium,58
U002150,2025-12-05,2,value,mobile,organic,2026-01-29,1,low,56
U002151,2025-07-26,1,regular,web,organic,2026-01-28,6,high,188
U002152,2025-07-24,3,value,web,organic,2026-01-30,6,medium,190
U002153,2025-12-06,2,value,mobile,search,2026-01-05,0,low,55
U002154,2025-09-18,3,regular,mobile,search,2025-11-19,1,low,134
U002155,2025-10-28,3,regular,mobile,organic,2026-01-30,3,medium,94
U002156,2025-09-04,3,premium,mobile,organic,2026-01-29,4,high,148
U002157,2025-08-24,2,regular,web,paid_social,2026-01-30,4,high,159
U002158,2025-10-10,2,regular,mobile,organic,2026-01-15,3,medium,112
U002159,2025-11-25,2,value,mobile,referral,2026-01-22,2,low,66
U002160,2025-07-27,1,value,mobile,email,2026-01-30,6,medium,187
U002161,2025-11-24,2,premium,mobile,paid_social,2026-01-30,2,medium,67
U002162,2025-07-05,1,value,web,paid_social,2026-01-27,6,medium,209
U002163,2025-08-14,2,regular,mobile,paid_social,2026-01-30,5,high,169
U002164,2025-12-20,1,value,web,paid_social,2026-01-29,1,low,41
U002165,2025-12-30,2,value,web,email,2026-01-30,0,low,31
U002166,2025-12-22,1,regular,mobile,email,2026-01-30,1,low,39
U002167,2025-07-23,2,regular,mobile,search,2026-01-29,6,high,191
U002168,2025-12-02,3,regular,nan,paid_social,2026-01-28,1,medium,59
U002169,2025-12-25,1,premium,web,referral,2026-01-29,1,medium,36
U002170,2026-01-05,3,value,web,organic,2026-01-30,1,low,25
U002171,2025-05-10,3,regular,web,search,2026-01-30,8,high,265
U002172,2025-11-07,2,value,mobile,paid_social,2026-01-04,1,low,84
U002173,2026-01-10,2,regular,mobile,paid_social,2026-01-30,1,low,20
U002174,2025-11-12,2,value,mobile,search,2026-01-30,2,low,79
U002175,2025-07-02,1,regular,web,organic,2026-01-29,6,high,212
U002176,2025-11-12,2,value,mobile,organic,2026-01-30,2,low,79
U002177,2025-05-31,1,regular,mobile,search,2026-01-29,8,high,244
U002178,2025-09-02,3,regular,web,email,2026-01-30,4,high,150
U002179,2025-10-09,3,premium,mobile,referral,2025-11-15,1,medium,113
U002180,2025-08-27,3,value,mobile,search,2026-01-28,5,medium,156
U002181,2025-10-27,2,premium,web,organic,2026-01-29,3,high,95
U002182,2025-07-04,2,value,web,referral,2025-11-29,4,medium,210
U002183,2025-10-04,3,value,mobile,paid_social,2026-01-28,3,medium,118
U002184,2025-10-13,1,value,mobile,search,2026-01-14,3,low,109
U002185,2025-10-11,1,value,mobile,search,2025-12-07,1,low,111
U002186,2025-07-16,2,regular,mobile,organic,2026-01-29,6,high,198
U002187,2025-07-20,2,value,web,referral,2026-01-30,6,medium,194
U002188,2025-07-08,2,regular,mobile,paid_social,2026-01-30,6,high,206
U002189,2025-08-28,1,regular,mobile,search,2025-12-24,4,medium,155
U002190,2025-09-29,2,regular,web,email,2026-01-30,4,high,123
U002191,2025-08-03,2,regular,mobile,paid_social,2025-10-02,1,medium,180
U002192,2025-08-15,1,regular,web,email,2026-01-29,5,high,168
U002193,2025-07-15,1,value,web,search,2025-10-16,3,medium,199
U002194,2025-06-28,2,regular,web,search,2026-01-29,7,high,216
U002195,2025-10-17,3,value,mobile,email,2026-01-29,3,low,105
U002196,2025-11-25,2,value,nan,email,2026-01-28,2,low,66
U002197,2025-07-16,2,value,web,email,2026-01-24,6,medium,198
U002198,2025-12-07,3,regular,mobile,referral,2026-01-30,1,medium,54
U002199,2025-09-25,2,value,web,search,2025-12-21,2,low,127
U002200,2025-06-16,3,regular,mobile,organic,2026-01-26,5,high,228
U002201,2025-08-04,2,value,mobile,search,2026-01-30,5,medium,179
U002202,2025-05-06,2,regular,web,email,2026-01-30,8,high,269
U002203,2025-05-14,1,regular,web,search,2025-10-12,5,medium,261
U002204,2025-07-28,1,value,mobile,paid_social,2026-01-30,6,medium,186
U002205,2025-08-27,3,regular,web,email,2025-12-24,4,high,156
U002206,2025-11-21,3,regular,web,email,2026-01-30,2,medium,70
U002207,2025-06-07,3,regular,mobile,email,2026-01-02,7,high,237
U002208,2025-12-01,3,value,mobile,search,2026-01-28,1,low,60
U002209,2025-07-02,1,regular,mobile,search,2026-01-29,5,high,212
U002210,2025-06-08,3,value,mobile,email,2026-01-26,6,medium,236
U002211,2025-10-27,2,value,mobile,organic,2026-01-27,3,low,95
U002212,2025-11-15,3,value,mobile,organic,2026-01-29,2,low,76
U002213,2025-10-03,1,regular,mobile,email,2026-01-28,2,high,119
U002214,2025-06-03,2,value,mobile,paid_social,2025-07-06,1,low,241
U002215,2025-06-02,3,regular,mobile,search,2026-01-28,8,high,242
U002216,2025-08-10,3,value,web,organic,2026-01-29,5,medium,173
U002217,2025-08-26,2,regular,web,search,2025-09-29,0,low,157
U002218,2026-01-10,2,value,web,email,2026-01-28,1,low,20
U002219,2025-07-15,2,regular,web,paid_social,2026-01-29,6,high,199
U002220,2025-06-22,3,regular,web,search,2026-01-26,7,high,222
U002221,2025-12-28,2,regular,web,search,2026-01-30,1,medium,33
U002222,2025-06-12,2,value,mobile,referral,2025-09-06,3,low,232
U002223,2025-05-11,2,regular,web,email,2025-09-10,3,medium,264
U002224,2025-08-19,2,premium,web,search,2026-01-30,5,high,164
U002225,2025-08-13,2,premium,web,paid_social,2026-01-30,5,high,170
U002226,2025-10-07,2,value,web,organic,2025-12-08,2,low,115
U002227,2025-12-11,3,regular,mobile,search,2026-01-30,1,low,50
U002228,2025-12-25,3,value,web,organic,2026-01-25,1,low,36
U002229,2025-07-16,3,value,web,search,2026-01-30,6,medium,198
U002230,2026-01-06,2,regular,mobile,search,2026-01-29,1,low,24
U002231,2025-10-10,2,regular,web,organic,2026-01-30,3,medium,112
U002232,2025-05-22,2,regular,web,organic,,0,low,253
U002233,2025-12-26,3,regular,mobile,organic,2026-01-29,1,low,35
U002234,2025-06-08,2,value,mobile,organic,2026-01-28,7,medium,236
U002235,2025-09-29,2,regular,mobile,paid_social,2026-01-29,4,high,123
U002236,2025-11-19,2,value,mobile,organic,2025-12-06,0,low,72
U002237,2025-07-06,2,value,mobile,organic,2025-10-06,3,low,208
U002238,2025-07-11,2,value,web,email,2026-01-28,6,medium,203
U002239,2025-09-01,1,premium,mobile,organic,2026-01-28,5,high,151
U002240,2025-12-13,2,regular,mobile,referral,2026-01-30,0,low,48
U002241,2025-06-30,2,value,web,paid_social,2025-10-26,3,low,214
U002242,2025-10-18,1,regular,mobile,paid_social,2026-01-17,3,medium,104
U002243,2025-08-26,3,premium,web,search,2026-01-29,5,high,157
U002244,2025-06-02,2,premium,mobile,organic,2026-01-28,7,high,242
U002245,2025-10-30,1,regular,mobile,referral,2026-01-30,1,medium,92
U002246,2025-11-29,3,value,web,referral,2026-01-29,1,low,62
U002247,2025-09-26,2,regular,web,search,2026-01-30,3,high,126
U002248,2025-06-18,3,regular,mobile,paid_social,2025-09-16,2,medium,226
U002249,2025-06-13,2,premium,mobile,search,2026-01-30,7,high,231
U002250,2025-08-19,3,regular,web,email,2026-01-30,5,high,164
U002251,2025-09-09,2,regular,web,referral,2026-01-29,3,high,143
U002252,2025-09-20,2,value,mobile,organic,2026-01-29,4,low,132
U002253,2025-07-05,1,regular,web,referral,2026-01-26,6,high,209
U002254,2025-09-07,2,value,mobile,email,2025-11-11,2,low,145
U002255,2025-07-18,2,value,mobile,paid_social,2026-01-12,6,medium,196
U002256,2025-10-24,2,regular,web,organic,2025-11-26,1,low,98
U002257,2025-11-20,2,regular,mobile,referral,2026-01-30,2,medium,71
U002258,2025-10-15,3,premium,web,paid_social,2026-01-30,3,high,107
U002259,2025-05-05,2,regular,mobile,organic,2026-01-28,7,high,270
U002260,2026-01-09,2,premium,mobile,referral,2026-01-30,1,low,21
U002261,2025-05-10,3,regular,web,search,,0,low,265
U002262,2026-01-10,2,regular,web,referral,2026-01-25,1,low,20
U002263,2025-05-12,3,value,web,paid_social,2026-01-30,8,medium,263
U002264,2025-09-11,3,regular,mobile,organic,2026-01-30,4,high,141
U002265,2025-05-31,3,value,web,email,2025-12-25,7,medium,244
U002266,2025-05-28,3,value,mobile,search,2026-01-30,7,medium,247
U002267,2025-10-23,2,value,mobile,search,2026-01-24,3,low,99
U002268,2025-11-03,1,regular,web,search,2026-01-30,2,medium,88
U002269,2025-06-03,2,regular,mobile,organic,2026-01-29,7,high,241
U002270,2026-01-05,3,premium,web,paid_social,2026-01-30,1,medium,25
U002271,2025-07-24,2,premium,mobile,search,2026-01-30,6,high,190
U002272,2025-07-23,3,premium,web,email,2026-01-30,5,high,191
U002273,2025-07-18,1,value,mobile,email,2026-01-29,6,medium,196
U002274,2025-08-28,2,premium,web,paid_social,2026-01-26,5,high,155
U002275,2025-06-18,2,regular,web,organic,2026-01-27,7,high,226
U002276,2025-08-19,2,premium,mobile,paid_social,2025-11-18,3,high,164
U002277,2025-06-26,1,value,mobile,organic,2026-01-30,7,medium,218
U002278,2025-05-17,1,value,mobile,referral,2026-01-25,8,medium,258
U002279,2025-08-05,3,premium,mobile,search,2026-01-30,5,high,178
U002280,2025-10-20,2,value,web,email,2026-01-28,3,medium,102
U002281,2025-11-12,1,value,mobile,search,2026-01-29,2,low,79
U002282,2025-08-01,1,regular,web,organic,2026-01-26,5,high,182
U002283,2025-07-25,2,value,web,email,2026-01-28,6,medium,189
U002284,2025-11-18,1,value,mobile,search,2026-01-30,2,low,73
U002285,2025-10-22,2,premium,mobile,referral,2026-01-28,3,high,100
U002286,2025-11-29,3,premium,web,email,2026-01-30,1,medium,62
U002287,2025-12-18,1,premium,web,search,2026-01-30,1,medium,43
U002288,2025-11-27,2,value,mobile,search,2025-12-25,1,low,64
U002289,2025-12-26,1,value,web,search,2026-01-30,1,low,35
U002290,2025-08-17,2,regular,web,referral,2026-01-30,5,high,166
U002291,2025-08-12,3,regular,web,email,2026-01-30,5,high,171
U002292,2025-07-24,2,value,web,organic,2026-01-28,6,medium,190
U002293,2025-07-03,3,regular,web,paid_social,2026-01-30,7,high,211
U002294,2025-11-08,1,premium,mobile,organic,2026-01-30,2,medium,83
U002295,2025-10-31,2,regular,web,paid_social,2025-12-29,2,low,91
U002296,2025-11-22,2,regular,web,referral,2026-01-30,2,medium,69
U002297,2025-06-16,2,regular,mobile,referral,2026-01-30,6,high,228
U002298,2025-09-05,3,value,mobile,search,2025-11-01,2,low,147
U002299,2025-06-29,1,value,mobile,search,2026-01-29,7,medium,215
U002300,2025-12-15,3,regular,mobile,organic,2026-01-30,1,low,46
U002301,2025-07-11,3,regular,mobile,organic,2025-12-08,5,medium,203
U002302,2025-06-10,2,regular,mobile,search,2026-01-29,6,high,234
U002303,2025-09-25,2,regular,mobile,referral,2026-01-28,4,medium,127
U002304,2025-12-11,2,value,mobile,search,2026-01-30,0,low,50
U002305,2025-12-20,2,value,mobile,organic,2026-01-16,1,low,41
U002306,2025-05-29,3,value,web,paid_social,2025-09-02,3,low,246
U002307,2025-07-25,2,value,mobile,organic,2026-01-28,6,medium,189
U002308,2025-06-12,3,regular,mobile,organic,2026-01-30,7,high,232
U002309,2025-07-21,2,regular,web,email,2026-01-30,6,high,193
U002310,2025-09-15,2,premium,mobile,organic,2025-12-19,3,high,137
U002311,2025-07-14,2,regular,web,search,2026-01-27,6,high,200
U002312,2025-05-21,2,regular,web,search,2026-01-27,7,high,254
U002313,2025-09-10,3,value,mobile,organic,2026-01-29,4,medium,142
U002314,2025-05-18,1,regular,web,organic,2026-01-28,8,high,257
U002315,2025-06-30,3,value,web,organic,2026-01-29,6,medium,214
U002316,2025-05-05,3,premium,web,search,2026-01-28,9,high,270
U002317,2025-05-26,3,regular,mobile,referral,2026-01-30,7,high,249
U002318,2025-08-22,2,value,web,search,2026-01-28,5,medium,161
U002319,2025-12-04,3,value,mobile,search,2025-12-30,0,low,57
U002320,2025-11-15,2,value,mobile,search,2026-01-30,2,low,76
U002321,2025-05-29,3,premium,mobile,email,2026-01-30,8,high,246
U002322,2025-05-13,1,value,mobile,organic,2025-11-03,6,low,262
U002323,2025-07-28,2,value,mobile,referral,2026-01-26,6,medium,186
U002324,2025-10-15,2,value,web,organic,2025-11-12,1,low,107
U002325,2025-11-08,2,regular,mobile,email,2025-12-02,0,low,83
U002326,2025-11-27,2,regular,web,organic,2026-01-27,2,medium,64
U002327,2025-07-29,3,regular,web,organic,2025-10-02,2,medium,185
U002328,2025-06-16,2,value,web,search,2026-01-25,7,medium,228
U002329,2025-05-11,2,value,mobile,organic,,0,low,264
U002330,2025-06-10,1,premium,web,paid_social,2026-01-29,6,high,234
U002331,2025-05-21,3,value,mobile,paid_social,2026-01-30,8,medium,254
U002332,2025-12-07,3,value,web,paid_social,2026-01-02,1,low,54
U002333,2025-07-11,2,regular,web,organic,2026-01-29,6,high,203
U002334,2025-11-27,2,value,web,paid_social,2026-01-30,2,low,64
U002335,2025-09-20,3,value,mobile,organic,2025-11-23,1,low,132
U002336,2025-09-17,3,regular,web,email,2026-01-30,4,high,135
U002337,2025-08-27,2,regular,web,paid_social,2026-01-29,5,high,156
U002338,2025-11-26,2,value,web,paid_social,2026-01-29,2,low,65
U002339,2025-05-15,3,value,web,referral,2025-09-12,4,low,260
U002340,2025-05-28,2,regular,mobile,paid_social,2025-09-20,3,medium,247
U002341,2025-08-19,3,value,web,search,2026-01-25,5,medium,164
U002342,2025-08-12,2,value,web,organic,2025-12-11,3,low,171
U002343,2025-09-18,3,regular,mobile,paid_social,2026-01-29,4,high,134
U002344,2025-11-06,1,regular,web,search,2026-01-27,2,medium,85
U002345,2025-09-29,1,premium,web,organic,2026-01-29,4,high,123
U002346,2025-07-08,3,value,mobile,referral,2026-01-30,5,medium,206
U002347,2025-07-26,3,value,mobile,organic,2026-01-30,6,medium,188
U002348,2025-11-09,3,regular,mobile,paid_social,2026-01-30,2,medium,82
U002349,2025-06-24,3,regular,web,organic,2025-11-13,4,medium,220
U002350,2025-09-08,2,value,web,search,2025-11-04,2,low,144
U002351,2025-09-17,2,regular,web,referral,2025-11-18,2,medium,135
U002352,2025-11-09,1,value,web,organic,2026-01-28,2,low,82
U002353,2025-10-31,2,regular,web,paid_social,2026-01-29,2,medium,91
U002354,2025-08-29,1,regular,mobile,paid_social,2026-01-28,4,high,154
U002355,2025-07-21,3,regular,mobile,referral,2026-01-30,6,high,193
U002356,2025-08-05,1,premium,web,organic,2026-01-30,5,high,178
U002357,2025-08-16,1,premium,web,referral,2026-01-30,5,high,167
U002358,2025-06-29,1,value,mobile,search,2026-01-22,6,medium,215
U002359,2025-10-08,1,value,web,search,2026-01-30,3,medium,114
U002360,2025-06-26,1,regular,web,search,2026-01-29,6,high,218
U002361,2025-10-14,2,value,web,search,2025-12-13,2,low,108
U002362,2025-11-09,2,regular,mobile,search,2026-01-07,2,medium,82
U002363,2026-01-01,2,value,mobile,organic,2026-01-29,1,low,29
U002364,2025-06-03,3,premium,web,search,2026-01-30,7,high,241
U002365,2025-11-11,2,regular,web,paid_social,2026-01-30,2,medium,80
U002366,2025-05-26,2,regular,mobile,search,2026-01-30,8,high,249
U002367,2025-07-28,2,regular,mobile,organic,2026-01-30,6,high,186
U002368,2025-06-18,1,value,mobile,search,2026-01-18,7,medium,226
U002369,2025-06-14,2,premium,web,search,2026-01-30,6,high,230
U002370,2025-06-18,3,value,mobile,paid_social,2026-01-29,7,medium,226
U002371,2025-05-16,2,value,mobile,email,2026-01-30,8,medium,259
U002372,2025-11-27,2,value,mobile,search,2026-01-23,1,low,64
U002373,2025-05-20,2,regular,web,paid_social,2026-01-28,8,high,255
U002374,2025-08-13,3,value,mobile,organic,2025-09-16,1,low,170
U002375,2025-10-27,2,value,web,email,2026-01-29,2,low,95
U002376,2026-01-08,2,value,web,organic,2026-01-25,1,low,22
U002377,2025-12-05,3,value,web,search,2026-01-30,1,low,56
U002378,2025-06-08,2,value,mobile,organic,2025-09-02,3,low,236
U002379,2026-01-07,2,regular,web,organic,2026-01-30,1,low,23
U002380,2025-10-16,1,value,mobile,referral,2026-01-30,3,low,106
U002381,2025-06-19,1,value,web,organic,2026-01-30,7,medium,225
U002382,2025-08-25,3,regular,web,organic,2025-10-21,2,medium,158
U002383,2025-12-21,2,regular,web,organic,2026-01-25,1,low,40
U002384,2025-08-11,2,value,mobile,email,2025-10-12,2,low,172
U002385,2025-06-20,2,value,web,referral,2026-01-30,7,medium,224
U002386,2025-12-10,1,value,web,email,2026-01-29,1,low,51
U002387,2025-12-30,3,premium,web,referral,2026-01-30,1,medium,31
U002388,2026-01-04,1,value,web,email,2026-01-30,1,low,26
U002389,2025-12-30,3,value,web,search,2026-01-23,1,low,31
U002390,2025-12-10,2,regular,web,organic,2026-01-29,1,low,51
U002391,2025-08-27,2,value,web,organic,2026-01-24,5,medium,156
U002392,2025-06-22,1,value,mobile,organic,2025-12-23,4,medium,222
U002393,2025-10-06,3,value,web,paid_social,2026-01-28,3,medium,116
U002394,2025-06-29,1,regular,web,organic,2026-01-30,7,high,215
U002395,2025-08-31,1,regular,web,organic,2026-01-30,4,high,152
U002396,2025-10-16,3,regular,web,paid_social,2026-01-30,3,medium,106
U002397,2025-12-28,2,regular,mobile,organic,2026-01-26,1,low,33
U002398,2025-07-16,2,value,web,organic,2026-01-30,6,medium,198
U002399,2025-07-07,1,premium,web,organic,2026-01-30,6,high,207
U002400,2025-11-05,3,regular,mobile,paid_social,2025-12-29,1,medium,86
U002401,2025-05-06,2,regular,web,organic,2026-01-29,8,high,269
U002402,2025-09-24,1,regular,mobile,organic,2026-01-29,4,high,128
U002403,2025-11-08,2,value,mobile,organic,2026-01-30,2,low,83
U002404,2025-09-20,1,value,web,paid_social,2026-01-22,4,medium,132
U002405,2025-08-09,2,regular,web,organic,2026-01-03,5,high,174
U002406,2025-11-28,1,value,web,organic,2025-12-29,1,low,63
U002407,2025-08-06,1,regular,web,email,2026-01-29,5,high,177
U002408,2025-10-30,2,value,web,referral,2026-01-30,2,low,92
U002409,2025-08-29,3,value,mobile,organic,2026-01-28,4,medium,154
U002410,2025-05-11,1,premium,web,organic,2026-01-30,8,high,264
U002411,2025-09-15,1,regular,web,organic,2026-01-29,4,high,137
U002412,2025-05-17,3,regular,web,paid_social,2026-01-29,7,high,258
U002413,2025-12-24,3,value,mobile,organic,2026-01-29,1,low,37
U002414,2025-10-02,2,regular,mobile,email,2025-10-29,0,low,120
U002415,2025-08-06,1,premium,web,referral,2026-01-30,5,high,177
U002416,2025-09-04,2,regular,mobile,paid_social,2026-01-29,4,high,148
U002417,2025-10-07,1,regular,web,organic,2026-01-30,3,medium,115
U002418,2025-07-09,1,regular,mobile,referral,2026-01-28,5,high,205
U002419,2025-07-16,2,value,mobile,paid_social,2026-01-30,6,medium,198
U002420,2025-08-18,2,regular,mobile,referral,2026-01-30,5,high,165
U002421,2025-07-08,2,premium,web,organic,2026-01-30,6,high,206
U002422,2025-11-11,2,regular,web,paid_social,2026-01-27,2,medium,80
U002423,2025-05-31,2,regular,mobile,referral,2026-01-30,7,high,244
U002424,2025-11-28,2,regular,web,email,2026-01-27,2,medium,63
U002425,2025-07-31,3,regular,web,paid_social,2025-12-19,5,high,183
U002426,2025-09-22,3,premium,mobile,search,2026-01-30,3,high,130
U002427,2025-06-13,2,regular,mobile,search,2025-11-15,5,medium,231
U002428,2025-08-09,2,value,mobile,paid_social,2025-12-11,3,medium,174
U002429,2025-11-10,2,value,mobile,email,2026-01-30,2,low,81
U002430,2025-07-11,1,regular,mobile,paid_social,2026-01-30,6,high,203
U002431,2025-06-07,2,value,web,organic,2026-01-21,7,medium,237
U002432,2025-09-13,1,regular,mobile,organic,2026-01-30,4,high,139
U002433,2025-06-14,2,regular,mobile,paid_social,2025-08-12,1,low,230
U002434,2025-07-23,2,regular,mobile,referral,2025-10-20,3,medium,191
U002435,2025-08-26,1,value,web,organic,2026-01-30,5,medium,157
U002436,2025-09-23,1,regular,web,search,2026-01-30,4,high,129
U002437,2025-10-12,2,regular,mobile,email,2025-11-05,0,low,110
U002438,2025-10-21,3,value,web,search,2026-01-20,2,low,101
U002439,2025-12-02,2,regular,web,organic,2026-01-30,1,medium,59
U002440,2025-05-21,2,regular,mobile,search,2025-11-11,5,high,254
U002441,2025-08-03,1,regular,web,search,2026-01-30,4,high,180
U002442,2025-05-05,2,value,web,organic,2025-11-20,6,medium,270
U002443,2025-05-07,1,value,web,paid_social,2026-01-29,8,medium,268
U002444,2025-06-27,2,regular,web,paid_social,2026-01-29,7,high,217
U002445,2025-10-02,3,value,mobile,paid_social,2026-01-27,2,medium,120
U002446,2025-12-15,2,regular,web,paid_social,2026-01-28,1,low,46
U002447,2025-11-15,2,regular,web,organic,2026-01-25,2,medium,76
U002448,2025-10-14,1,value,web,organic,2026-01-20,2,low,108
U002449,2025-11-16,1,regular,web,organic,2026-01-30,2,medium,75
U002450,2025-06-17,2,premium,web,organic,2026-01-22,7,high,227
U002451,2025-12-01,3,regular,web,paid_social,2026-01-30,1,low,60
U002452,2025-12-14,1,regular,web,organic,2026-01-30,1,low,47
U002453,2025-05-28,2,regular,web,paid_social,2026-01-30,7,high,247
U002454,2025-08-30,2,value,web,organic,2026-01-28,4,medium,153
U002455,2025-11-29,1,value,web,organic,2025-12-31,1,low,62
U002456,2025-09-01,1,regular,web,organic,2026-01-29,5,high,151
U002457,2025-12-01,2,regular,web,search,2026-01-06,1,low,60
U002458,2025-12-25,2,value,web,paid_social,2026-01-21,1,low,36
U002459,2025-09-01,2,value,web,referral,2025-12-31,4,medium,151
U002460,2025-05-19,2,regular,web,organic,2026-01-18,7,high,256
U002461,2025-07-29,3,value,mobile,paid_social,2026-01-30,5,medium,185
U002462,2025-06-28,3,regular,web,paid_social,2026-01-26,6,high,216
U002463,2025-09-01,3,regular,mobile,organic,2026-01-30,4,high,151
U002464,2025-09-29,3,regular,mobile,organic,2026-01-30,4,high,123
U002465,2025-08-29,3,value,web,organic,2026-01-26,5,medium,154
U002466,2025-06-23,3,value,web,organic,2025-12-24,6,medium,221
U002467,2025-07-19,2,regular,web,referral,2026-01-29,6,high,195
U002468,2025-10-22,3,regular,web,search,2026-01-29,2,medium,100
U002469,2025-05-11,3,value,web,search,2026-01-28,8,medium,264
U002470,2025-06-27,2,regular,web,paid_social,2026-01-29,6,high,217
U002471,2025-12-14,2,regular,mobile,search,2026-01-30,1,low,47
U002472,2025-05-29,2,value,web,paid_social,2026-01-30,8,medium,246
U002473,2025-08-17,3,regular,mobile,organic,2025-12-13,4,medium,166
U002474,2025-06-25,2,value,mobile,search,2025-09-25,2,low,219
U002475,2025-05-31,3,regular,web,organic,2026-01-29,8,high,244
U002476,2025-08-19,3,value,mobile,organic,2026-01-22,4,medium,164
U002477,2025-09-12,3,regular,mobile,organic,2026-01-29,4,high,140
U002478,2025-06-18,1,value,web,paid_social,2025-08-20,2,low,226
U002479,2025-05-24,2,regular,web,paid_social,2026-01-25,6,high,251
U002480,2025-06-07,3,regular,web,paid_social,2026-01-30,7,high,237
U002481,2025-10-15,3,premium,web,organic,2026-01-28,3,high,107
U002482,2025-12-06,3,regular,web,email,2026-01-30,1,medium,55
U002483,2025-06-19,2,regular,web,organic,2026-01-29,7,high,225
U002484,2025-07-24,2,value,web,referral,2026-01-30,6,medium,190
U002485,2025-07-30,1,value,mobile,paid_social,2025-11-23,3,medium,184
U002486,2025-08-03,3,value,web,paid_social,2026-01-27,5,medium,180
U002487,2025-07-05,2,regular,web,search,2026-01-25,6,high,209
U002488,2025-05-18,2,regular,web,paid_social,2025-07-14,1,low,257
U002489,2025-09-13,3,regular,mobile,paid_social,2026-01-30,4,high,139
U002490,2025-08-02,2,regular,mobile,organic,2026-01-30,6,high,181
U002491,2025-07-29,1,regular,web,referral,2026-01-29,6,high,185
U002492,2025-07-10,1,value,mobile,organic,2026-01-29,6,high,204
U002493,2025-12-24,3,value,web,search,2026-01-30,1,low,37
U002494,2025-10-05,2,regular,mobile,paid_social,2026-01-30,3,medium,117
U002495,2025-08-18,1,value,mobile,referral,2026-01-30,5,medium,165
U002496,2025-06-25,2,value,web,search,2025-09-23,2,low,219
U002497,2025-11-22,2,premium,mobile,organic,2026-01-29,2,medium,69
U002498,2025-12-13,3,premium,mobile,search,2026-01-28,1,medium,48
U002499,2025-05-13,2,regular,mobile,organic,2026-01-30,8,high,262
U002500,2025-12-24,1,value,web,search,2026-01-22,0,low,37
