user_id,avg_minutes_4w,last_week_minutes,payment_failures_4w,active_days_4w,usage_trend,signup_date,city_tier,segment,preferred_device,acquisition_channel,last_active_date,lifetime_paid_months,engagement_band,tenure_days,will_churn_14d,days_since_last_activity
U000001,0.0,0.0,0.0,6.6,,2025-05-27,1,value,mobile,paid_social,2025-10-14,5,low,248,0,104.0
U000002,90.362,53.22,0.0,6.4,0.5889643876850889,2025-11-15,1,regular,web,search,2026-01-30,2,medium,76,1,-4.0
U000003,59.382000000000005,0.0,0.0,6.6,0.0,2025-10-16,1,regular,web,referral,2026-01-09,2,medium,106,0,17.0
U000004,172.334,139.19,0.0,6.6,0.8076757923567026,2025-08-23,2,regular,web,referral,2026-01-29,5,high,160,1,-3.0
U000005,121.322,96.74,0.0,6.6,0.7973821730601209,2025-08-21,1,regular,mobile,organic,2026-01-29,5,high,162,1,-3.0
U000006,55.32000000000001,33.910000000000004,0.0,6.4,0.6129790310918294,2025-12-06,3,value,mobile,organic,2026-01-29,1,low,55,1,-3.0
U000007,58.605999999999995,18.84,0.0,6.6,0.32146879159130465,2025-05-26,3,value,mobile,organic,2026-01-26,7,medium,249,1,0.0
U000008,47.958,46.55,1.0,6.6,0.9706409775219984,2025-10-27,3,value,web,organic,2026-01-29,3,low,95,1,-3.0
U000009,201.376,90.28999999999999,0.0,6.6,0.4483652470999523,2025-06-24,2,premium,web,search,2026-01-30,7,high,220,1,-4.0
U000010,43.029999999999994,15.75,0.0,6.4,0.3660237043922845,2025-05-28,3,value,web,organic,2026-01-28,7,medium,247,1,-2.0
U000011,208.654,117.63,0.0,6.6,0.5637562663548267,2025-09-14,1,premium,mobile,paid_social,2026-01-30,4,high,138,1,-4.0
U000012,33.886,0.0,0.0,5.4,0.0,2026-01-04,2,value,web,organic,2026-01-25,1,low,26,1,1.0
U000013,58.864,64.25,0.0,6.4,1.0914990486545257,2025-11-05,2,value,web,organic,2026-01-26,2,low,86,1,0.0
U000014,19.27,0.0,0.0,6.4,0.0,2025-11-12,3,value,mobile,paid_social,2026-01-09,2,low,79,0,17.0
U000015,4.976,0.0,0.0,6.4,0.0,2025-11-01,2,value,web,search,2025-12-29,2,low,90,0,28.0
U000016,114.71399999999998,140.71,0.0,6.6,1.2266157574489602,2025-11-18,3,regular,mobile,search,2026-01-30,2,medium,73,1,-4.0
U000017,90.614,16.71,0.0,6.6,0.18440859028406206,2025-09-10,1,regular,web,referral,2026-01-30,3,high,142,1,-4.0
U000018,48.827999999999996,12.95,0.0,6.6,0.26521667895469814,2025-06-06,3,value,nan,email,2026-01-30,6,medium,238,1,-4.0
U000019,127.124,76.48,0.0,6.6,0.6016173185236463,2025-12-01,2,regular,web,search,2026-01-28,1,medium,60,1,-2.0
U000020,84.99199999999999,154.07999999999998,0.0,6.6,1.8128765060240963,2025-08-26,2,regular,web,organic,2026-01-30,5,medium,157,1,-4.0
U000021,159.88,0.0,0.0,6.6,0.0,2025-09-07,3,premium,web,organic,2026-01-25,4,high,145,1,1.0
U000022,192.226,39.2,0.0,6.4,0.20392662803158784,2025-08-06,2,premium,web,email,2026-01-30,5,high,177,1,-4.0
U000023,0.0,0.0,0.0,6.6,,2025-06-19,2,regular,mobile,paid_social,2025-11-16,5,medium,225,0,71.0
U000024,111.85799999999999,60.66,0.0,6.4,0.542294695059808,2025-12-23,2,regular,web,paid_social,2026-01-30,1,low,38,1,-4.0
U000025,114.638,55.36,0.0,6.2,0.4829114255308013,2025-11-17,1,regular,web,paid_social,2026-01-30,2,medium,74,1,-4.0
U000026,0.0,0.0,0.0,6.4,,2025-10-13,2,regular,mobile,organic,2025-12-12,2,medium,109,0,45.0
U000027,0.0,0.0,0.0,6.6,,2025-08-14,1,regular,web,search,2025-11-10,3,medium,169,0,77.0
U000028,5.752,0.0,0.0,6.6,0.0,2025-11-27,1,value,mobile,referral,2025-12-31,0,low,64,0,26.0
U000029,122.894,142.35,0.0,6.4,1.1583152961088417,2025-09-18,3,regular,mobile,referral,2026-01-30,4,high,134,1,-4.0
U000030,145.494,160.64,0.0,6.6,1.1041005127359202,2025-08-24,2,premium,web,organic,2026-01-30,5,high,159,1,-4.0
U000031,67.5,38.36,0.0,6.6,0.5682962962962963,2025-08-26,2,value,mobile,paid_social,2026-01-30,5,medium,157,1,-4.0
U000032,0.0,0.0,0.0,6.6,,2025-07-01,2,regular,web,organic,2025-11-21,5,high,213,0,66.0
U000033,0.0,0.0,0.0,6.4,,2025-05-28,2,premium,web,email,,0,low,247,0,
U000034,0.0,0.0,0.0,6.4,,2025-09-21,2,value,web,organic,2025-12-21,3,low,131,0,36.0
U000035,92.75999999999999,0.0,0.0,6.6,0.0,2025-12-13,3,regular,mobile,paid_social,2026-01-25,1,low,48,1,1.0
U000036,0.0,0.0,0.0,6.4,,2025-05-21,3,premium,mobile,organic,2025-08-25,2,medium,254,0,154.0
U000037,174.454,209.97,0.0,6.4,1.2035837527371112,2025-12-06,2,premium,web,paid_social,2026-01-30,1,medium,55,1,-4.0
U000038,22.336000000000002,0.0,0.0,6.4,0.0,2025-11-28,2,value,mobile,paid_social,2026-01-25,2,low,63,1,1.0
U000039,66.562,119.37,0.0,6.6,1.793365583966828,2025-07-13,2,value,web,organic,2026-01-30,6,medium,201,1,-4.0
U000040,109.86800000000001,44.59,0.0,6.6,0.405850657152219,2025-10-10,2,regular,mobile,referral,2026-01-30,3,medium,112,1,-4.0
U000041,78.354,73.27,0.0,6.6,0.9351149909385609,2025-06-15,2,value,mobile,referral,2026-01-29,7,medium,229,1,-3.0
U000042,0.0,0.0,0.0,6.4,,2025-11-11,2,value,mobile,referral,2025-12-05,1,low,80,0,52.0
U000043,78.86,41.95,1.0,6.6,0.5319553639360893,2025-10-27,2,value,mobile,organic,2026-01-29,3,medium,95,1,-3.0
U000044,0.0,0.0,0.0,6.4,,2025-08-01,2,value,mobile,paid_social,2025-08-22,1,low,182,0,157.0
U000045,122.202,56.92,0.0,6.6,0.4657861573460336,2025-05-22,2,regular,web,search,2026-01-29,8,high,253,1,-3.0
U000046,109.94000000000001,17.49,0.0,5.6,0.1590867746043296,2026-01-03,2,regular,mobile,paid_social,2026-01-27,1,low,27,1,-1.0
U000047,251.1990502993312,91.53,1.0,6.6,0.36437239667479626,2025-08-24,1,regular,mobile,search,2026-01-29,5,high,159,1,-3.0
U000048,47.06,0.0,0.0,6.6,0.0,2025-12-15,1,regular,mobile,paid_social,2026-01-18,1,low,46,1,8.0
U000049,97.366,86.21,0.0,6.6,0.8854220158987737,2025-10-22,2,regular,web,organic,2026-01-29,3,medium,100,1,-3.0
U000050,0.0,0.0,0.0,6.6,,2025-11-16,2,value,mobile,search,2025-12-19,0,low,75,0,38.0
U000051,48.342,56.79,0.0,6.6,1.1747548715402756,2025-11-11,1,value,web,organic,2026-01-30,2,low,80,1,-4.0
U000052,41.321999999999996,10.82,0.0,6.6,0.26184599002952424,2025-06-22,2,value,web,organic,2026-01-28,5,medium,222,1,-2.0
U000053,0.0,0.0,0.0,6.6,,2025-08-04,3,value,web,organic,2025-10-04,1,low,179,0,114.0
U000054,0.0,0.0,0.0,6.4,,2025-08-30,2,value,web,organic,2025-10-30,2,low,153,0,88.0
U000055,0.0,0.0,0.0,6.4,,2025-09-06,3,value,mobile,referral,2025-11-05,2,low,146,0,82.0
U000056,46.964,73.93,0.0,6.6,1.5741844817306876,2025-05-15,3,value,web,search,2026-01-28,8,medium,260,1,-2.0
U000057,133.52,141.46,0.0,6.6,1.0594667465548233,2025-09-19,2,regular,mobile,organic,2026-01-29,3,high,133,1,-3.0
U000058,0.0,0.0,0.0,6.6,,2025-06-12,2,regular,mobile,referral,2025-12-10,6,high,232,0,47.0
U000059,0.0,0.0,0.0,6.6,,2025-11-07,1,premium,web,email,2025-12-07,1,low,84,0,50.0
U000060,138.296,107.45,0.0,6.4,0.7769566726441836,2025-10-23,3,regular,mobile,referral,2026-01-29,3,medium,99,1,-3.0
U000061,85.724,96.34,0.0,6.6,1.123839298212869,2025-12-22,2,regular,web,referral,2026-01-30,1,low,39,1,-4.0
U000062,28.270000000000003,0.0,0.0,6.4,0.0,2025-11-07,3,value,mobile,email,2026-01-20,2,low,84,1,6.0
U000063,118.34,143.28,0.0,6.6,1.2107486902146358,2025-08-05,2,regular,mobile,paid_social,2026-01-30,5,high,178,1,-4.0
U000064,28.133999999999997,0.0,0.0,5.8,0.0,2026-01-02,1,value,web,email,2026-01-20,1,low,28,1,6.0
U000065,136.988,86.06,0.0,6.4,0.6282302099453967,2025-08-16,1,regular,mobile,email,2026-01-29,5,high,167,1,-3.0
U000066,83.878,35.82,0.0,6.4,0.42704880898447745,2025-07-25,2,regular,web,organic,2026-01-29,6,high,189,1,-3.0
U000067,123.72200000000001,175.14,0.0,6.6,1.4155930230678455,2025-12-18,2,regular,web,referral,2026-01-29,0,low,43,1,-3.0
U000068,68.944,51.06999999999999,0.0,6.6,0.7407461127871895,2025-08-05,1,value,mobile,referral,2026-01-30,5,medium,178,1,-4.0
U000069,0.0,0.0,0.0,6.4,,2025-05-24,2,regular,web,paid_social,2025-12-27,6,high,251,0,30.0
U000070,0.0,0.0,0.0,6.6,,2025-08-30,3,regular,mobile,referral,2025-10-04,1,low,153,0,114.0
U000071,0.0,0.0,0.0,6.4,,2025-11-20,2,regular,web,search,2025-12-22,1,low,71,0,35.0
U000072,122.332,103.01,0.0,6.6,0.84205277441716,2025-06-21,2,regular,web,search,2026-01-28,7,high,223,1,-2.0
U000073,95.386,65.67,0.0,6.4,0.6884658125930431,2025-08-29,1,regular,mobile,paid_social,2026-01-30,4,high,154,1,-4.0
U000074,55.641999999999996,22.06,0.0,6.6,0.39646310341109237,2025-06-06,3,value,web,paid_social,2026-01-29,7,medium,238,1,-3.0
U000075,104.96399999999998,64.21000000000001,0.0,6.6,0.6117335467398348,2025-10-24,2,regular,mobile,referral,2026-01-30,3,medium,98,1,-4.0
U000076,114.46,105.16,0.0,6.6,0.918748907915429,2025-09-01,3,regular,web,referral,2026-01-30,3,high,151,1,-4.0
U000077,13.198000000000002,0.0,0.0,6.4,0.0,2025-07-26,2,value,mobile,paid_social,2026-01-08,6,medium,188,1,18.0
U000078,0.0,0.0,0.0,6.6,,2025-06-30,2,value,mobile,email,2025-10-26,4,medium,214,0,92.0
U000079,151.332,50.27,0.0,6.6,0.33218354346734336,2025-09-23,2,premium,web,organic,2026-01-30,4,high,129,1,-4.0
U000080,131.812,36.45,0.0,6.6,0.27653020969259245,2025-10-20,1,regular,web,email,2026-01-29,3,medium,102,1,-3.0
U000081,147.01,91.41,0.0,6.6,0.6217944357526699,2025-12-27,3,regular,web,organic,2026-01-30,1,low,34,1,-4.0
U000082,143.852,150.04999999999998,0.0,6.6,1.0430859494480438,2025-08-22,2,regular,mobile,search,2026-01-30,5,high,161,1,-4.0
U000083,0.0,0.0,0.0,6.4,,2025-06-14,2,regular,web,organic,2025-12-07,6,high,230,0,50.0
U000084,20.522,0.0,0.0,6.6,0.0,2025-11-30,3,regular,web,search,2026-01-03,0,low,61,0,23.0
U000085,29.532,42.08,0.0,6.6,1.4248950291209534,2025-10-10,3,value,mobile,search,2026-01-28,3,low,112,1,-2.0
U000086,126.144,152.49,0.0,6.6,1.2088565449010655,2025-10-27,3,regular,web,organic,2026-01-29,3,medium,95,1,-3.0
U000087,145.08599999999998,73.88,0.0,6.6,0.5092152240739976,2025-05-29,1,regular,web,paid_social,2026-01-28,8,high,246,1,-2.0
U000088,0.0,0.0,0.0,6.6,,2025-07-22,2,value,web,paid_social,2025-10-10,3,low,192,0,108.0
U000089,95.974,68.86,0.0,6.6,0.7174859857878175,2025-11-13,3,regular,web,organic,2026-01-29,2,medium,78,1,-3.0
U000090,29.958,14.95,0.0,6.6,0.4990319781026771,2025-11-29,2,value,mobile,paid_social,2026-01-28,1,low,62,1,-2.0
U000091,109.394,98.97,0.0,6.4,0.9047114101321827,2025-08-22,1,regular,mobile,organic,2026-01-28,5,high,161,1,-2.0
U000092,101.47999999999999,55.15,0.0,6.6,0.5434568387859677,2025-11-22,3,regular,mobile,organic,2026-01-28,1,medium,69,1,-2.0
U000093,134.372,29.41,0.0,6.2,0.21887000267912957,2025-12-02,2,regular,mobile,organic,2026-01-26,1,medium,59,1,0.0
U000094,113.782,79.04,0.0,6.6,0.6946617215376774,2025-08-10,2,regular,web,paid_social,2026-01-30,4,high,173,1,-4.0
U000095,198.582,194.95,0.0,6.6,0.981710326212849,2025-12-16,3,premium,web,paid_social,2026-01-30,1,medium,45,1,-4.0
U000096,141.56199999999998,86.1,0.0,6.4,0.6082140687472627,2025-07-16,2,regular,mobile,paid_social,2026-01-30,6,high,198,1,-4.0
U000097,93.738,76.7,0.0,6.6,0.8182380678060125,2025-07-04,2,regular,mobile,referral,2026-01-30,6,high,210,1,-4.0
U000098,68.134,0.0,0.0,6.6,0.0,2025-10-23,2,regular,mobile,paid_social,2026-01-19,3,medium,99,1,7.0
U000099,52.628,41.97,0.0,6.6,0.7974842289275671,2025-10-11,2,value,web,referral,2026-01-28,3,low,111,1,-2.0
U000100,43.148,6.84,0.0,6.6,0.1585241494391397,2025-06-09,1,value,mobile,email,2026-01-26,7,medium,235,1,0.0
U000101,133.02937543790134,69.09,0.0,6.6,0.5193589744563711,2025-11-30,3,regular,mobile,search,2026-01-30,1,medium,61,1,-4.0
U000102,0.0,0.0,0.0,6.6,,2025-06-24,3,value,mobile,organic,2025-12-12,5,medium,220,0,45.0
U000103,0.0,0.0,0.0,6.4,,2025-11-23,2,value,mobile,organic,2025-12-23,1,low,68,0,34.0
U000104,113.46399999999998,29.98,0.0,6.6,0.26422477614044987,2025-05-06,2,regular,web,paid_social,2026-01-27,6,high,269,1,-1.0
U000105,70.212,43.36,0.0,6.6,0.6175582521506295,2025-11-21,3,regular,web,search,2026-01-30,2,medium,70,1,-4.0
U000106,25.658000000000005,0.0,0.0,6.6,0.0,2025-11-18,1,value,web,organic,2026-01-17,2,low,73,0,9.0
U000107,0.0,0.0,0.0,6.2,,2025-11-16,2,regular,web,referral,2025-12-19,1,low,75,0,38.0
U000108,0.0,0.0,0.0,6.6,,2025-10-18,2,regular,mobile,email,2025-11-17,1,low,104,0,70.0
U000109,94.638,18.33,0.0,6.6,0.19368541177962337,2025-08-31,2,regular,web,organic,2026-01-29,5,high,152,1,-3.0
U000110,0.0,0.0,0.0,6.6,,2025-10-28,1,value,web,organic,2025-11-23,1,low,94,0,64.0
U000111,82.33399999999999,56.28,0.0,6.4,0.6835572181601769,2025-07-13,2,regular,web,organic,2026-01-30,5,high,201,1,-4.0
U000112,57.838,35.32,0.0,6.6,0.6106711850340606,2025-11-16,2,value,mobile,search,2026-01-30,2,low,75,1,-4.0
U000113,46.372,0.0,0.0,6.6,0.0,2025-09-21,2,regular,web,referral,2026-01-20,4,medium,131,1,6.0
U000114,45.546,68.03,0.0,6.4,1.4936547666095816,2025-08-28,1,value,web,paid_social,2026-01-30,5,medium,155,1,-4.0
U000115,0.0,0.0,0.0,6.4,,2025-09-08,2,premium,mobile,organic,2025-10-08,1,low,144,0,110.0
U000116,66.526,108.84,0.0,6.6,1.6360520698674204,2025-09-24,2,value,web,search,2026-01-30,4,medium,128,1,-4.0
U000117,129.96,131.59,0.0,6.6,1.0125423207140658,2025-05-14,1,regular,web,organic,2026-01-30,7,high,261,1,-4.0
U000118,44.958,14.53,0.0,6.4,0.3231905333867165,2025-06-09,1,value,web,search,2026-01-26,7,medium,235,1,0.0
U000119,0.0,0.0,0.0,6.6,,2025-07-05,1,regular,mobile,search,2025-10-03,3,medium,209,0,115.0
U000120,131.67000000000002,79.88,0.0,6.6,0.6066681856155539,2025-06-02,2,regular,mobile,paid_social,2026-01-30,7,high,242,1,-4.0
U000121,55.588,59.79,0.0,6.6,1.0755918543570555,2025-08-23,1,value,mobile,search,2026-01-29,5,medium,160,1,-3.0
U000122,36.266,31.4,0.0,6.4,0.8658247394253571,2025-10-19,3,value,web,referral,2026-01-29,3,low,103,1,-3.0
U000123,65.47999999999999,67.42,0.0,6.6,1.0296273671350031,2025-10-16,2,value,mobile,organic,2026-01-30,3,low,106,1,-4.0
U000124,43.552,39.31,0.0,6.6,0.9025991917707569,2025-08-31,3,value,mobile,paid_social,2026-01-30,4,medium,152,1,-4.0
U000125,256.828,104.5,0.0,6.4,0.4068870995374336,2025-12-05,3,premium,web,organic,2026-01-29,1,medium,56,1,-3.0
U000126,106.506,128.07,0.0,6.6,1.2024674666215986,2025-09-23,1,regular,nan,organic,2026-01-30,4,medium,129,1,-4.0
U000127,92.26037954589917,27.39,0.0,6.6,0.2968771658518225,2025-05-24,2,value,web,referral,2026-01-28,8,medium,251,1,-2.0
U000128,153.342,72.71,0.0,6.6,0.47416885132579456,2025-11-13,3,premium,mobile,paid_social,2026-01-27,2,medium,78,1,-1.0
U000129,11.294,0.0,0.0,6.4,0.0,2025-09-26,2,value,web,organic,2026-01-16,4,low,126,1,10.0
U000130,0.0,0.0,0.0,6.4,,2025-10-11,2,regular,web,search,2025-11-09,1,low,111,0,78.0
U000131,125.402,64.75,0.0,6.6,0.5163394523213346,2025-09-23,2,regular,mobile,paid_social,2026-01-29,4,high,129,1,-3.0
U000132,179.958,159.54000000000002,0.0,6.6,0.8865401927116329,2025-09-20,1,premium,mobile,email,2026-01-30,4,high,132,1,-4.0
U000133,81.548,18.84,0.0,6.6,0.2310295776720459,2025-05-27,2,regular,mobile,paid_social,2026-01-29,8,high,248,1,-3.0
U000134,0.0,0.0,0.0,6.6,,2025-09-22,3,regular,mobile,organic,2025-10-29,1,low,130,0,89.0
U000135,201.22,182.91000000000003,0.0,6.2,0.9090050690786206,2025-11-20,3,premium,web,search,2026-01-30,2,medium,71,1,-4.0
U000136,0.0,0.0,0.0,6.6,,2025-07-20,1,value,mobile,organic,2025-09-18,1,low,194,0,130.0
U000137,173.31,157.59,0.0,6.6,0.9092954820841267,2025-10-03,2,premium,nan,organic,2026-01-29,3,high,119,1,-3.0
U000138,142.22799999999998,44.31,0.0,6.6,0.3115420311049864,2025-05-12,2,regular,web,paid_social,2026-01-28,8,high,263,1,-2.0
U000139,227.13400000000001,185.87,0.0,6.4,0.8183275071103401,2025-07-31,3,premium,mobile,paid_social,2026-01-29,5,high,183,1,-3.0
U000140,62.70399999999999,7.48,0.0,6.6,0.11929063536616485,2025-08-22,1,value,web,organic,2026-01-26,5,medium,161,1,0.0
U000141,49.817499999999995,78.78,0.0,6.25,1.5813720078285745,2026-01-06,3,value,web,referral,2026-01-28,1,low,24,1,-2.0
U000142,101.924,73.03,0.0,6.4,0.71651426553118,2025-06-27,3,regular,mobile,paid_social,2026-01-29,6,high,217,1,-3.0
U000143,238.8213175891032,719.4165879455157,0.0,6.6,3.0123633652473445,2025-07-13,1,regular,web,paid_social,2026-01-30,6,high,201,1,-4.0
U000144,105.776,59.980000000000004,0.0,6.2,0.5670473453335351,2025-08-15,1,regular,web,organic,2026-01-30,5,high,168,1,-4.0
U000145,131.34,59.84,0.0,5.25,0.4556113902847571,2026-01-09,3,premium,mobile,search,2026-01-29,1,low,21,1,-3.0
U000146,24.660000000000004,0.0,0.0,6.6,0.0,2025-12-05,1,regular,mobile,organic,2026-01-06,1,low,56,0,20.0
U000147,0.0,0.0,0.0,6.2,,2025-05-13,2,value,mobile,organic,2025-12-13,7,medium,262,0,44.0
U000148,0.0,0.0,0.0,6.4,,2025-07-02,3,regular,web,organic,2025-11-29,4,high,212,0,58.0
U000149,41.733999999999995,0.0,1.0,6.6,0.0,2025-11-27,2,value,mobile,organic,2026-01-20,1,low,64,1,6.0
U000150,55.001999999999995,27.869999999999997,0.0,6.6,0.5067088469510199,2025-05-19,2,value,mobile,organic,2026-01-28,7,medium,256,1,-2.0
U000151,58.822,50.49,0.0,6.6,0.8583523171602462,2025-12-05,2,value,web,organic,2026-01-29,1,low,56,1,-3.0
U000152,108.94800000000001,84.45,0.0,6.6,0.7751404339684987,2025-07-14,1,regular,web,email,2026-01-30,5,high,200,1,-4.0
U000153,140.674,218.96,0.0,6.6,1.5565065328347811,2025-12-21,3,regular,web,referral,2026-01-30,1,low,40,1,-4.0
U000154,0.0,0.0,0.0,6.6,,2025-07-17,2,regular,web,search,2025-09-18,2,medium,197,0,130.0
U000155,0.0,0.0,0.0,6.4,,2025-08-22,1,value,web,email,2025-12-25,3,medium,161,0,32.0
U000156,106.23999999999998,45.9,0.0,6.4,0.4320406626506025,2025-10-18,2,regular,mobile,organic,2026-01-28,2,medium,104,1,-2.0
U000157,112.122,35.980000000000004,0.0,6.4,0.3209004477265836,2025-06-05,3,regular,mobile,search,2026-01-29,7,high,239,1,-3.0
U000158,156.39000000000001,112.35,0.0,6.6,0.7183963169000575,2025-09-21,1,premium,web,referral,2026-01-29,4,high,131,1,-3.0
U000159,0.0,0.0,0.0,6.6,,2025-09-08,3,regular,mobile,search,2025-10-11,1,low,144,0,107.0
U000160,50.361999999999995,0.0,0.0,6.6,0.0,2025-11-17,2,regular,web,organic,2026-01-15,2,low,74,0,11.0
U000161,57.9775,58.769999999999996,0.0,5.25,1.0136690957699106,2026-01-10,3,regular,web,search,2026-01-29,1,low,20,1,-3.0
U000162,0.0,0.0,0.0,6.6,,2025-10-18,3,regular,mobile,search,2025-11-13,1,low,104,0,74.0
U000163,119.75399999999999,230.53,0.0,6.6,1.9250296441037462,2025-08-15,3,premium,web,paid_social,2026-01-30,4,high,168,1,-4.0
U000164,117.824,49.489999999999995,0.0,6.4,0.42003326996197715,2025-08-15,3,regular,mobile,search,2026-01-30,3,high,168,1,-4.0
U000165,134.726,176.82,0.0,6.6,1.312441548030818,2025-08-17,1,regular,web,search,2026-01-29,5,high,166,1,-3.0
U000166,9.943999999999999,0.0,0.0,6.6,0.0,2025-11-25,3,value,web,organic,2026-01-11,1,low,66,1,15.0
U000167,144.83800000000002,151.93,0.0,6.4,1.0489650506082657,2025-07-24,2,regular,web,search,2026-01-29,6,high,190,1,-3.0
U000168,0.0,0.0,0.0,6.6,,2025-06-15,2,regular,web,organic,2025-07-16,0,low,229,0,194.0
U000169,104.296,61.29,0.0,6.6,0.5876543683362736,2025-07-27,3,regular,mobile,referral,2026-01-29,5,high,187,1,-3.0
U000170,113.19200000000001,67.71000000000001,0.0,6.6,0.5981871510354089,2025-05-10,3,regular,mobile,paid_social,2026-01-27,8,high,265,1,-1.0
U000171,38.604,45.66,0.0,6.6,1.1827789866335094,2025-05-31,2,value,web,search,2026-01-30,8,medium,244,1,-4.0
U000172,178.388,159.62,0.0,6.6,0.8947911294481692,2025-05-27,2,premium,web,paid_social,2026-01-30,8,high,248,1,-4.0
U000173,53.288,0.0,0.0,6.6,0.0,2025-11-14,2,value,mobile,organic,2026-01-25,2,low,77,1,1.0
U000174,170.514,115.86,0.0,6.6,0.6794749991203068,2025-11-02,2,premium,mobile,search,2026-01-30,2,medium,89,1,-4.0
U000175,28.994,15.08,0.0,6.4,0.5201076084707181,2025-10-26,2,value,web,search,2026-01-26,3,low,96,1,0.0
U000176,108.28,148.6,0.0,6.6,1.3723679349833764,2025-08-28,2,regular,web,search,2026-01-30,5,high,155,1,-4.0
U000177,96.384,141.42000000000002,0.0,6.6,1.4672559760956176,2025-10-31,1,regular,web,paid_social,2026-01-30,2,medium,91,1,-4.0
U000178,140.192,59.980000000000004,0.0,6.4,0.4278418169367724,2025-06-14,1,regular,web,email,2026-01-30,7,high,230,1,-4.0
U000179,61.51800000000001,46.44,0.0,6.6,0.7549010045840241,2025-12-17,3,value,web,search,2026-01-30,1,low,44,1,-4.0
U000180,204.948,206.74,0.0,6.6,1.0087436813240431,2025-09-07,2,premium,web,search,2026-01-30,4,high,145,1,-4.0
U000181,122.606,64.72,0.0,6.6,0.5278697616756113,2025-12-26,3,regular,web,paid_social,2026-01-30,1,low,35,1,-4.0
U000182,6.3180000000000005,0.0,0.0,6.6,0.0,2025-06-12,2,regular,web,organic,2026-01-07,7,high,232,0,19.0
U000183,94.49,28.200000000000003,0.0,6.4,0.2984442798179702,2025-09-06,1,regular,web,organic,2026-01-27,2,high,146,1,-1.0
U000184,32.888,28.29,0.0,6.6,0.8601921673558746,2025-10-26,1,value,mobile,email,2026-01-30,3,low,96,1,-4.0
U000185,123.68799999999999,107.19,0.0,6.6,0.8666160015522929,2025-09-06,1,regular,mobile,referral,2026-01-30,4,high,146,1,-4.0
U000186,30.291999999999994,13.56,0.0,6.2,0.4476429420308993,2025-08-24,3,value,web,email,2026-01-28,5,medium,159,1,-2.0
U000187,46.228,17.87,0.0,6.6,0.3865622566409968,2025-06-15,1,value,web,organic,2026-01-28,7,medium,229,1,-2.0
U000188,0.0,0.0,0.0,6.6,,2025-08-08,2,regular,web,organic,2025-10-07,2,medium,175,0,111.0
U000189,76.63,115.91,0.0,6.6,1.512592979250946,2025-07-03,3,regular,mobile,search,2026-01-30,7,high,211,1,-4.0
U000190,0.0,0.0,0.0,6.6,,2025-07-19,3,value,mobile,email,2025-12-11,5,medium,195,0,46.0
U000191,62.08,85.16,0.0,6.6,1.371778350515464,2025-10-23,1,value,web,organic,2026-01-30,3,low,99,1,-4.0
U000192,87.56400000000001,92.4,0.0,6.6,1.0552281759627244,2025-10-10,1,value,mobile,organic,2026-01-30,3,medium,112,1,-4.0
U000193,58.791999999999994,22.52,0.0,6.6,0.3830453122873861,2025-10-04,1,value,mobile,organic,2026-01-29,2,medium,118,1,-3.0
U000194,145.012,0.0,0.0,6.6,0.0,2025-08-03,1,regular,mobile,paid_social,2026-01-25,5,high,180,1,1.0
U000195,48.8,0.0,0.0,6.2,0.0,2025-12-31,1,value,web,referral,2026-01-24,1,low,30,1,2.0
U000196,208.848,81.14,0.0,6.6,0.3885122194131617,2025-05-27,2,premium,web,paid_social,2026-01-28,8,high,248,1,-2.0
U000197,31.947999999999997,15.92,0.0,6.6,0.4983097533491925,2025-07-29,3,value,mobile,organic,2026-01-30,6,medium,185,1,-4.0
U000198,61.35999999999999,59.519999999999996,0.0,6.4,0.970013037809648,2025-06-03,2,value,web,paid_social,2026-01-30,8,medium,241,1,-4.0
U000199,206.42000000000002,142.61,0.0,6.6,0.6908729774246681,2025-07-29,2,premium,mobile,search,2026-01-30,6,high,185,1,-4.0
U000200,45.28,0.0,0.0,6.0,0.0,2026-01-01,1,value,mobile,organic,2026-01-25,1,low,29,1,1.0
U000201,106.056,115.61999999999999,0.0,6.4,1.0901787734781625,2025-08-04,3,regular,web,organic,2026-01-30,5,high,179,1,-4.0
U000202,203.92799999999997,187.32999999999998,0.0,6.4,0.9186085285002551,2025-12-19,2,premium,web,search,2026-01-29,1,medium,42,1,-3.0
U000203,167.49200000000002,137.48000000000002,0.0,6.6,0.8208153225228668,2025-09-06,3,premium,web,organic,2026-01-30,4,high,146,1,-4.0
U000204,4.576,0.0,0.0,6.6,0.0,2025-10-27,3,regular,web,email,2025-12-30,2,medium,95,0,27.0
U000205,46.12,0.0,0.0,6.6,0.0,2025-08-27,2,value,mobile,search,2026-01-25,4,medium,156,1,1.0
U000206,111.74600000000001,75.84,0.0,6.6,0.6786820109892077,2025-07-10,1,regular,mobile,search,2026-01-29,6,high,204,1,-3.0
U000207,254.654,114.72,0.0,6.6,0.45049361093876394,2025-11-12,1,premium,web,paid_social,2026-01-30,2,high,79,1,-4.0
U000208,199.598,293.77,0.0,5.6,1.471808334752853,2026-01-03,2,premium,mobile,paid_social,2026-01-30,1,medium,27,1,-4.0
U000209,69.892,32.3,0.0,6.6,0.4621415898815315,2025-07-10,3,value,web,organic,2026-01-28,6,medium,204,1,-2.0
U000210,104.76399999999998,62.040000000000006,0.0,6.4,0.5921881562368754,2025-11-16,2,regular,mobile,paid_social,2026-01-30,2,medium,75,1,-4.0
U000211,69.188,0.0,0.0,6.6,0.0,2025-07-09,3,value,web,organic,2026-01-25,6,medium,205,1,1.0
U000212,56.976,18.88,0.0,6.4,0.3313675933726481,2025-10-31,2,value,mobile,search,2026-01-28,2,low,91,1,-2.0
U000213,109.71599999999998,105.06,0.0,6.6,0.9575631630755771,2025-11-19,1,regular,mobile,paid_social,2026-01-30,2,medium,72,1,-4.0
U000214,20.107999999999997,0.0,0.0,6.6,0.0,2025-08-25,2,value,web,search,2026-01-25,5,medium,158,1,1.0
U000215,44.839999999999996,27.43,0.0,6.4,0.6117305976806423,2025-11-05,2,value,mobile,search,2026-01-30,2,low,86,1,-4.0
U000216,55.592,13.78,0.0,6.6,0.24787739243056553,2025-07-12,2,value,mobile,organic,2026-01-28,6,medium,202,1,-2.0
U000217,134.626,85.47,0.0,6.6,0.6348699359707635,2025-05-24,2,regular,web,search,2026-01-30,8,high,251,1,-4.0
U000218,73.088,81.95,0.0,6.6,1.1212510945709284,2025-05-29,1,value,mobile,organic,2026-01-30,8,high,246,1,-4.0
U000219,157.578,137.82,0.0,6.6,0.87461447664014,2025-08-25,2,regular,mobile,email,2026-01-30,4,high,158,1,-4.0
U000220,58.67999999999999,37.19,0.0,6.4,0.6337764144512611,2025-12-17,1,value,mobile,search,2026-01-28,1,low,44,1,-2.0
U000221,0.0,0.0,0.0,6.4,,2025-06-06,3,premium,web,referral,2025-08-08,2,medium,238,0,171.0
U000222,54.834,54.690000000000005,0.0,6.6,0.9973738921107342,2025-08-27,1,value,nan,search,2026-01-30,5,medium,156,1,-4.0
U000223,94.702,107.26,0.0,6.6,1.13260543599924,2025-10-28,1,regular,mobile,referral,2026-01-30,2,medium,94,1,-4.0
U000224,44.608,9.99,0.0,6.6,0.22395086083213775,2025-06-24,2,value,mobile,organic,2026-01-27,6,medium,220,1,-1.0
U000225,98.006,17.19,0.0,6.6,0.17539742464747057,2025-11-02,2,value,web,organic,2026-01-30,2,low,89,1,-4.0
U000226,46.524,18.6,0.0,6.2,0.3997936548877999,2025-07-20,2,value,web,organic,2026-01-26,6,medium,194,1,0.0
U000227,0.0,0.0,0.0,6.6,,2025-11-23,2,value,mobile,organic,2025-12-16,0,low,68,0,41.0
U000228,0.0,0.0,0.0,6.2,,2025-09-27,3,value,web,email,2025-11-25,1,low,125,0,62.0
U000229,166.98200000000003,149.14,0.0,6.4,0.8931501598974737,2025-09-19,2,regular,web,paid_social,2026-01-30,4,high,133,1,-4.0
U000230,0.0,0.0,0.0,6.2,,2025-06-18,2,regular,web,paid_social,2025-11-17,4,high,226,0,70.0
U000231,0.0,0.0,0.0,6.6,,2025-08-29,2,value,mobile,search,2025-09-29,1,low,154,0,119.0
U000232,166.03799999999998,139.94,0.0,6.6,0.8428191136968647,2025-12-06,1,regular,web,search,2026-01-28,0,medium,55,1,-2.0
U000233,0.0,0.0,0.0,6.6,,2025-05-09,2,regular,mobile,paid_social,2025-09-10,4,low,266,0,138.0
U000234,7.6579999999999995,0.0,0.0,6.4,0.0,2025-11-11,1,value,mobile,referral,2026-01-05,2,low,80,0,21.0
U000235,64.178,82.98,0.0,6.6,1.2929664370968246,2025-09-05,2,value,mobile,paid_social,2026-01-30,3,medium,147,1,-4.0
U000236,0.0,0.0,0.0,6.6,,2025-11-01,1,value,mobile,paid_social,2025-12-02,1,low,90,0,55.0
U000237,62.848,0.0,0.0,6.4,0.0,2025-10-18,3,value,web,organic,2026-01-25,3,medium,104,1,1.0
U000238,116.98800000000001,123.57,0.0,6.6,1.0562621807364856,2025-08-21,2,regular,mobile,email,2026-01-29,5,high,162,1,-3.0
U000239,97.8,0.0,0.0,6.6,0.0,2025-07-21,3,premium,web,organic,2026-01-18,5,high,193,0,8.0
U000240,218.53400000000002,158.51999999999998,0.0,6.6,0.7253791172083061,2025-10-09,2,premium,mobile,search,2026-01-30,3,high,113,1,-4.0
U000241,23.05,0.0,0.0,6.6,0.0,2025-06-09,1,premium,web,referral,2026-01-05,6,high,235,0,21.0
U000242,0.0,0.0,0.0,6.6,,2025-09-28,3,regular,mobile,organic,2025-11-29,1,medium,124,0,58.0
U000243,0.0,0.0,0.0,6.6,,2025-05-28,2,value,mobile,organic,2025-10-28,5,low,247,0,90.0
U000244,0.0,0.0,0.0,6.6,,2025-10-15,3,value,web,search,2025-12-17,2,low,107,0,40.0
U000245,47.942,15.31,0.0,6.6,0.3193442075841642,2025-10-09,2,value,mobile,search,2026-01-27,3,low,113,1,-1.0
U000246,0.0,0.0,0.0,6.2,,2025-05-26,2,value,web,email,2025-09-25,3,low,249,0,123.0
U000247,41.751999999999995,0.0,0.0,6.6,0.0,2025-11-11,3,value,web,referral,2026-01-11,1,low,80,0,15.0
U000248,156.522,273.56,0.0,6.6,1.747741531541892,2025-08-17,2,regular,web,search,2026-01-30,5,high,166,1,-4.0
U000249,35.230000000000004,16.82,0.0,6.4,0.4774340051092818,2025-11-18,2,value,web,email,2026-01-29,2,low,73,1,-3.0
U000250,0.0,0.0,0.0,6.4,,2025-05-15,2,value,mobile,paid_social,,0,low,260,0,
U000251,87.798,128.12,0.0,6.6,1.4592587530467664,2025-06-19,2,regular,mobile,referral,2026-01-30,7,high,225,1,-4.0
U000252,71.72200000000001,6.16,0.0,6.6,0.08588717548311535,2025-09-05,3,value,web,organic,2026-01-26,4,medium,147,1,0.0
U000253,214.92,233.82,0.0,6.6,1.0879396984924623,2025-06-21,2,premium,mobile,search,2026-01-28,7,high,223,1,-2.0
U000254,63.486000000000004,48.19,0.0,6.6,0.7590649907066124,2025-07-26,2,value,mobile,organic,2026-01-29,6,medium,188,1,-3.0
U000255,162.65875112514414,92.24,0.0,6.6,0.567076774916547,2025-10-17,3,regular,mobile,organic,2026-01-30,3,medium,105,1,-4.0
U000256,0.0,0.0,0.0,6.4,,2025-06-10,2,value,web,paid_social,2025-07-11,0,low,234,0,199.0
U000257,136.952,121.62,0.0,6.6,0.8880483673111748,2025-10-22,2,regular,mobile,organic,2026-01-30,3,medium,100,1,-4.0
U000258,47.81,43.77,0.0,6.6,0.9154988496130517,2025-05-30,2,value,web,search,2026-01-29,8,medium,245,1,-3.0
U000259,51.562,43.519999999999996,0.0,6.4,0.84403242698111,2025-06-17,1,value,mobile,paid_social,2026-01-30,6,medium,227,1,-4.0
U000260,126.352,78.29,0.0,6.6,0.6196182094466254,2025-09-29,2,regular,mobile,organic,2026-01-30,3,high,123,1,-4.0
U000261,61.826,15.86,0.0,6.4,0.2565263804871737,2025-11-20,1,value,mobile,search,2026-01-26,2,low,71,1,0.0
U000262,58.784000000000006,43.870000000000005,0.0,6.4,0.7462915078933043,2025-06-16,1,value,web,paid_social,2026-01-29,6,medium,228,1,-3.0
U000263,264.402,65.7,0.0,6.6,0.24848526107971955,2025-07-19,2,premium,web,referral,2026-01-30,6,high,195,1,-4.0
U000264,20.817999999999998,0.0,0.0,6.6,0.0,2025-12-23,2,value,mobile,organic,2026-01-16,1,low,38,1,10.0
U000265,116.5325,41.599999999999994,0.0,5.5,0.3569819578229249,2026-01-08,3,regular,web,email,2026-01-29,1,low,22,1,-3.0
U000266,5.13,0.0,0.0,6.6,0.0,2025-09-27,2,regular,web,referral,2025-12-29,3,medium,125,0,28.0
U000267,49.036,64.35,0.0,6.6,1.3123011664899256,2025-08-25,1,value,mobile,paid_social,2026-01-30,5,medium,158,1,-4.0
U000268,113.65,100.45,0.0,6.6,0.8838539375274966,2025-07-31,3,regular,mobile,search,2026-01-30,5,high,183,1,-4.0
U000269,33.614,69.52000000000001,0.0,6.6,2.068185874933064,2025-10-05,1,value,web,paid_social,2026-01-30,3,low,117,1,-4.0
U000270,98.08,28.75,0.0,6.6,0.29312805872756936,2025-09-30,1,regular,web,referral,2026-01-26,4,medium,122,1,0.0
U000271,70.01599999999999,22.41,0.0,6.6,0.3200696983546618,2025-07-17,2,value,mobile,organic,2026-01-26,5,medium,197,1,0.0
U000272,0.0,0.0,0.0,6.6,,2025-05-10,2,value,web,email,2025-08-07,3,low,265,0,172.0
U000273,58.77,46.75,0.0,6.6,0.795473881231921,2025-06-12,3,value,web,email,2026-01-30,7,medium,232,1,-4.0
U000274,198.614,138.28,0.0,6.2,0.6962248381282287,2025-12-31,3,premium,web,search,2026-01-30,1,medium,30,1,-4.0
U000275,137.39000000000001,106.8,0.0,6.6,0.7773491520489118,2025-08-17,2,regular,web,paid_social,2026-01-29,5,high,166,1,-3.0
U000276,160.702,140.26,0.0,6.4,0.8727956092643526,2025-09-03,1,premium,mobile,search,2026-01-30,4,high,149,1,-4.0
U000277,0.0,0.0,0.0,6.6,,2025-08-30,2,regular,web,paid_social,2025-11-24,2,medium,153,0,63.0
U000278,99.96600000000001,37.76,0.0,6.6,0.3777284276654062,2025-11-17,2,regular,web,referral,2026-01-28,2,medium,74,1,-2.0
U000279,0.0,0.0,0.0,6.6,,2025-05-21,1,regular,web,organic,2025-11-17,6,medium,254,0,70.0
U000280,189.89,64.33,0.0,6.4,0.338775080309653,2025-05-25,2,premium,web,organic,2026-01-27,7,high,250,1,-1.0
U000281,144.874,99.08,0.0,6.6,0.683904634371937,2025-07-13,2,regular,web,organic,2026-01-28,6,high,201,1,-2.0
U000282,57.25,0.0,0.0,6.6,0.0,2025-09-04,1,value,mobile,email,2026-01-25,4,medium,148,1,1.0
U000283,156.6199204760049,303.6296023800245,0.0,6.6,1.9386397429983522,2025-10-20,2,regular,mobile,search,2026-01-29,2,medium,102,1,-3.0
U000284,23.241999999999997,0.0,0.0,6.4,0.0,2025-09-05,2,regular,web,referral,2026-01-07,4,high,147,0,19.0
U000285,41.602,0.0,0.0,6.4,0.0,2025-08-23,1,value,web,search,2026-01-22,5,medium,160,1,4.0
U000286,50.48,28.53,0.0,6.6,0.5651743264659271,2025-12-26,2,regular,web,organic,2026-01-26,0,low,35,1,0.0
U000287,85.47281111797727,24.53,0.0,6.4,0.2869918478069182,2025-06-14,3,value,web,email,2026-01-29,7,medium,230,1,-3.0
U000288,88.45,143.6,0.0,6.6,1.6235161107970604,2025-09-25,2,regular,mobile,search,2026-01-30,4,high,127,1,-4.0
U000289,0.0,0.0,0.0,6.6,,2025-09-18,3,value,web,search,2025-10-17,1,low,134,0,101.0
U000290,94.77000000000001,91.82,0.0,6.6,0.9688720059090428,2025-08-31,2,regular,mobile,organic,2026-01-29,4,high,152,1,-3.0
U000291,0.0,0.0,0.0,6.6,,2025-11-23,3,regular,mobile,organic,2025-12-21,0,low,68,0,36.0
U000292,149.774,94.19,0.0,6.6,0.6288808471430288,2025-07-11,1,regular,web,organic,2026-01-30,6,high,203,1,-4.0
U000293,52.25,0.0,0.0,6.4,0.0,2025-12-30,2,value,mobile,search,2026-01-21,1,low,31,1,5.0
U000294,271.632,141.45,0.0,6.6,0.5207412970489486,2025-07-27,1,premium,web,paid_social,2026-01-28,6,high,187,1,-2.0
U000295,108.576,66.71000000000001,0.0,6.6,0.6144083407014442,2025-09-18,2,regular,web,organic,2026-01-29,4,medium,134,1,-3.0
U000296,53.724000000000004,40.15,0.0,6.4,0.7473382473382473,2025-09-12,2,value,mobile,organic,2026-01-28,4,medium,140,1,-2.0
U000297,28.012,8.35,0.0,6.6,0.29808653434242466,2025-12-04,1,value,web,organic,2026-01-28,1,low,57,1,-2.0
U000298,0.0,0.0,0.0,6.6,,2025-08-23,3,value,mobile,search,2025-10-28,2,low,160,0,90.0
U000299,66.20599999999999,11.42,0.0,6.6,0.17249191916140533,2025-07-15,2,value,mobile,email,2026-01-30,6,medium,199,1,-4.0
U000300,88.81,43.379999999999995,0.0,6.6,0.4884585069248958,2025-05-10,2,regular,web,search,2026-01-29,8,high,265,1,-3.0
U000301,144.422,68.46,0.0,6.6,0.47402750273504035,2025-08-04,1,premium,mobile,organic,2026-01-28,5,high,179,1,-2.0
U000302,84.256,171.75,0.0,6.4,2.038430497531333,2025-11-28,2,regular,web,paid_social,2026-01-30,1,low,63,1,-4.0
U000303,168.102,82.18,0.0,6.6,0.48886985282745005,2025-05-07,2,regular,mobile,email,2026-01-28,8,high,268,1,-2.0
U000304,107.84,64.23,0.0,6.6,0.5956045994065282,2025-12-15,2,regular,web,referral,2026-01-30,1,low,46,1,-4.0
U000305,135.824,33.27,0.0,6.6,0.24494934621274592,2025-09-18,1,regular,web,referral,2026-01-27,4,high,134,1,-1.0
U000306,150.0,222.15,0.0,6.4,1.481,2025-06-09,3,regular,web,email,2026-01-29,6,high,235,1,-3.0
U000307,37.268,0.0,0.0,6.6,0.0,2025-07-19,3,value,mobile,paid_social,2026-01-21,6,medium,195,1,5.0
U000308,171.7,102.72,0.0,6.6,0.598252766453116,2025-09-21,2,premium,web,email,2026-01-29,4,high,131,1,-3.0
U000309,0.0,0.0,0.0,6.6,,2025-07-23,2,regular,mobile,organic,2025-12-22,5,high,191,0,35.0
U000310,142.64,66.11,0.0,6.6,0.4634744812114414,2025-06-01,3,regular,web,referral,2026-01-30,6,high,243,1,-4.0
U000311,193.43,107.28999999999999,0.0,6.6,0.5546709403918729,2025-10-19,3,premium,web,referral,2026-01-30,3,high,103,1,-4.0
U000312,0.0,0.0,0.0,6.6,,2025-10-20,2,regular,web,email,2025-11-13,1,low,102,0,74.0
U000313,44.704,13.66,0.0,6.2,0.30556549749463136,2025-06-03,3,value,web,search,2026-01-29,7,medium,241,1,-3.0
U000314,21.332,0.0,0.0,6.6,0.0,2025-07-14,3,regular,mobile,referral,2026-01-13,6,high,200,0,13.0
U000315,58.760000000000005,57.82,0.0,6.6,0.984002722940776,2025-07-05,3,value,web,organic,2026-01-30,6,medium,209,1,-4.0
U000316,72.968,83.3,0.0,6.4,1.1415963161933997,2025-10-17,2,regular,mobile,paid_social,2026-01-27,3,medium,105,1,-1.0
U000317,0.0,0.0,0.0,6.6,,2025-11-04,1,value,mobile,search,2025-12-11,0,low,87,0,46.0
U000318,120.258,118.03,0.0,6.6,0.9814731660263767,2025-11-03,1,regular,web,paid_social,2026-01-30,2,medium,88,1,-4.0
U000319,186.03199999999998,167.42000000000002,0.0,6.4,0.8999526963103124,2025-12-26,2,premium,mobile,paid_social,2026-01-30,1,low,35,1,-4.0
U000320,25.605999999999995,0.0,0.0,6.6,0.0,2025-11-13,2,value,mobile,search,2026-01-10,1,low,78,0,16.0
U000321,0.0,0.0,0.0,6.4,,2025-07-24,2,regular,mobile,organic,2025-10-13,2,medium,190,0,105.0
U000322,144.652,29.97,0.0,6.6,0.20718690374139315,2025-06-01,2,regular,web,organic,2026-01-30,7,high,243,1,-4.0
U000323,111.352,85.39,0.0,6.4,0.7668474746749048,2025-10-06,2,regular,mobile,paid_social,2026-01-29,3,medium,116,1,-3.0
U000324,51.260000000000005,0.0,0.0,6.6,0.0,2025-12-20,3,value,mobile,paid_social,2026-01-22,0,low,41,1,4.0
U000325,30.178000000000004,20.2,0.0,5.4,0.6693617867320564,2026-01-04,1,value,web,paid_social,2026-01-26,1,low,26,1,0.0
U000326,8.394,0.0,0.0,6.6,0.0,2025-07-01,1,regular,mobile,organic,2026-01-01,6,high,213,0,25.0
U000327,147.072,67.84,0.0,6.6,0.46127067014795475,2025-07-03,3,regular,web,referral,2026-01-27,7,high,211,1,-1.0
U000328,130.996,112.58000000000001,0.0,6.6,0.8594155546734252,2025-05-14,3,regular,mobile,paid_social,2026-01-30,8,high,261,1,-4.0
U000329,1.6039999999999999,0.0,0.0,6.4,0.0,2025-06-09,3,value,mobile,organic,2025-12-30,5,medium,235,0,27.0
U000330,105.566,85.66,0.0,6.6,0.8114355000663092,2025-09-21,3,regular,mobile,organic,2026-01-28,3,high,131,1,-2.0
U000331,61.59400000000001,69.6,0.0,6.4,1.1299801928759292,2025-09-19,3,value,mobile,search,2026-01-30,4,medium,133,1,-4.0
U000332,0.0,0.0,0.0,6.4,,2025-08-06,2,value,mobile,search,2025-10-05,1,low,177,0,113.0
U000333,94.832,61.120000000000005,0.0,6.6,0.644508182891851,2025-07-21,2,regular,mobile,organic,2026-01-28,5,high,193,1,-2.0
U000334,74.954,49.61,0.0,6.6,0.6618726152039919,2025-11-29,2,value,web,organic,2026-01-27,1,low,62,1,-1.0
U000335,0.0,0.0,0.0,6.6,,2025-08-28,2,regular,web,organic,2025-10-29,2,medium,155,0,89.0
U000336,173.122,112.86999999999999,0.0,6.6,0.6519679763403842,2025-11-23,3,premium,web,organic,2026-01-29,1,medium,68,1,-3.0
U000337,142.446,124.66999999999999,0.0,6.0,0.8752088510733892,2026-01-01,2,regular,web,organic,2026-01-30,1,low,29,1,-4.0
U000338,148.3,48.1,0.0,6.6,0.3243425488873904,2025-07-23,2,regular,mobile,referral,2026-01-27,6,high,191,1,-1.0
U000339,53.612,30.369999999999997,0.0,6.4,0.5664776542565096,2025-06-24,2,value,mobile,search,2026-01-30,7,medium,220,1,-4.0
U000340,52.788,54.67999999999999,0.0,6.2,1.0358414791240433,2025-12-30,1,value,web,search,2026-01-30,1,low,31,1,-4.0
U000341,71.21000000000001,36.89,0.0,6.2,0.5180452183682067,2025-10-11,1,value,web,paid_social,2026-01-30,3,medium,111,1,-4.0
U000342,77.296,63.92,0.0,6.4,0.8269509418339888,2025-07-17,1,regular,mobile,search,2026-01-28,6,high,197,1,-2.0
U000343,149.18800000000002,139.92000000000002,0.0,6.6,0.9378770410488779,2025-10-08,3,regular,web,organic,2026-01-30,3,high,114,1,-4.0
U000344,83.086,13.14,0.0,6.6,0.15814938738174905,2025-09-11,2,value,mobile,organic,2026-01-27,3,medium,141,1,-1.0
U000345,25.734,0.0,0.0,6.6,0.0,2025-12-18,3,value,mobile,organic,2026-01-09,1,low,43,0,17.0
U000346,61.488,98.46000000000001,0.0,6.6,1.6012880562060892,2025-07-08,2,value,web,paid_social,2026-01-30,6,medium,206,1,-4.0
U000347,114.00999999999999,75.28999999999999,1.0,5.5,0.6603806683624244,2026-01-08,1,regular,web,search,2026-01-28,1,low,22,1,-2.0
U000348,99.08000000000001,0.0,0.0,6.6,0.0,2025-12-25,1,regular,web,search,2026-01-23,1,low,36,1,3.0
U000349,51.066,55.36,0.0,6.6,1.0840872596247992,2025-06-19,3,regular,web,search,2026-01-28,7,high,225,1,-2.0
U000350,124.596,65.53,0.0,6.6,0.5259398375549776,2025-06-15,2,premium,web,email,2026-01-30,7,high,229,1,-4.0
U000351,70.98599999999999,37.64,0.0,6.6,0.5302454005015074,2025-09-15,3,value,web,organic,2026-01-29,4,medium,137,1,-3.0
U000352,0.0,0.0,0.0,6.6,,2025-05-16,1,regular,web,search,2025-09-16,4,medium,259,0,132.0
U000353,133.85399999999998,158.69,0.0,6.4,1.18554544503713,2025-07-18,2,regular,web,search,2026-01-29,6,high,196,1,-3.0
U000354,44.006,26.6,0.0,6.6,0.6044630277689407,2025-08-22,3,value,web,paid_social,2026-01-29,5,medium,161,1,-3.0
U000355,208.08599999999996,88.31,0.0,5.6,0.4243918379900619,2026-01-03,1,premium,mobile,paid_social,2026-01-30,1,medium,27,1,-4.0
U000356,46.86,30.26,0.0,5.5,0.6457533077251387,2026-01-09,2,value,web,paid_social,2026-01-29,1,low,21,1,-3.0
U000357,0.0,0.0,0.0,6.6,,2025-06-12,3,regular,mobile,organic,2025-09-11,3,medium,232,0,137.0
U000358,132.10999999999999,26.4,0.0,6.6,0.19983347210657787,2025-12-14,2,regular,web,search,2026-01-29,1,low,47,1,-3.0
U000359,203.658,228.65,0.0,6.6,1.1227155329032006,2025-05-27,2,premium,web,referral,2026-01-30,8,high,248,1,-4.0
U000360,76.7,68.05,0.0,6.4,0.8872229465449804,2025-11-08,2,regular,web,search,2026-01-30,2,medium,83,1,-4.0
U000361,8.708,0.0,0.0,6.6,0.0,2025-12-03,2,value,mobile,email,2025-12-30,1,low,58,0,27.0
U000362,50.898,0.0,0.0,6.6,0.0,2025-12-14,3,regular,web,search,2026-01-13,0,low,47,0,13.0
U000363,132.164,0.0,0.0,6.6,0.0,2025-06-30,3,regular,web,search,2026-01-22,7,high,214,1,4.0
U000364,122.90599999999999,35.410000000000004,0.0,6.4,0.28810635770426185,2025-12-15,2,regular,web,search,2026-01-29,0,low,46,1,-3.0
U000365,115.728,103.58,0.0,6.6,0.895029724872114,2025-06-03,3,regular,mobile,search,2026-01-29,7,high,241,1,-3.0
U000366,42.408,48.21,0.0,6.6,1.1368138087153368,2025-09-12,1,value,web,referral,2026-01-30,4,low,140,1,-4.0
U000367,121.49600000000001,135.38,0.0,6.6,1.1142753670902745,2025-08-30,1,regular,web,organic,2026-01-29,4,high,153,1,-3.0
U000368,223.11999999999998,113.47,0.0,6.2,0.5085604159196845,2025-07-23,2,premium,mobile,search,2026-01-30,6,high,191,1,-4.0
U000369,62.152,125.44,0.0,6.6,2.01827777062685,2025-05-10,3,value,web,paid_social,2026-01-30,8,medium,265,1,-4.0
U000370,93.78999999999999,109.99999999999999,0.0,6.6,1.1728329246188292,2025-11-14,1,regular,web,referral,2026-01-28,2,medium,77,1,-2.0
U000371,208.56800000000004,33.88,0.0,6.6,0.16244102642783168,2025-07-28,1,premium,mobile,paid_social,2026-01-29,6,high,186,1,-3.0
U000372,94.32000000000001,93.91,0.0,6.4,0.9956530958439355,2025-10-18,2,regular,web,email,2026-01-30,3,medium,104,1,-4.0
U000373,219.254,205.78,0.0,6.4,0.9385461610734582,2025-08-15,3,premium,web,referral,2026-01-30,5,high,168,1,-4.0
U000374,18.856,0.0,0.0,6.6,0.0,2025-08-06,1,regular,web,search,2026-01-09,5,high,177,0,17.0
U000375,235.16199999999998,148.88,0.0,6.6,0.6330954831137684,2025-12-13,2,premium,web,referral,2026-01-30,1,medium,48,1,-4.0
U000376,55.534000000000006,28.48,0.0,6.6,0.5128389815248315,2025-05-28,2,value,mobile,email,2026-01-30,8,medium,247,1,-4.0
U000377,29.866000000000003,0.0,0.0,6.6,0.0,2025-11-05,2,regular,mobile,organic,2026-01-08,2,medium,86,0,18.0
U000378,135.81,83.18,0.0,6.6,0.612473308298358,2025-11-08,1,regular,mobile,paid_social,2026-01-30,2,medium,83,1,-4.0
U000379,118.16,62.79,0.0,6.6,0.5313981042654029,2025-08-08,1,regular,web,organic,2026-01-27,5,high,175,1,-1.0
U000380,199.778,52.54,0.0,6.6,0.2629919210323459,2025-07-09,2,premium,mobile,paid_social,2026-01-28,4,high,205,1,-2.0
U000381,158.55599999999998,13.54,0.0,6.6,0.08539569615782437,2025-05-06,2,regular,mobile,organic,2026-01-26,8,high,269,1,0.0
U000382,66.822,36.99,0.0,6.2,0.5535602047229954,2025-12-26,3,regular,web,paid_social,2026-01-26,1,low,35,1,0.0
U000383,85.208,120.22999999999999,0.0,6.4,1.4110177448126935,2025-12-28,2,regular,mobile,search,2026-01-28,1,low,33,1,-2.0
U000384,0.0,0.0,0.0,6.4,,2025-07-04,2,regular,mobile,paid_social,2025-12-07,5,high,210,0,50.0
U000385,151.48,132.68,0.0,6.6,0.8758912067599685,2025-05-13,3,regular,mobile,organic,2026-01-30,7,high,262,1,-4.0
U000386,0.0,0.0,0.0,6.6,,2025-06-04,2,value,web,paid_social,2025-07-10,1,low,240,0,200.0
U000387,209.01799999999997,115.8,0.0,6.4,0.5540192710675637,2025-05-21,2,regular,web,search,2026-01-30,8,high,254,1,-4.0
U000388,252.58200000000002,111.66,0.0,6.6,0.4420742570729505,2025-11-29,3,premium,mobile,paid_social,2026-01-30,1,high,62,1,-4.0
U000389,82.964,34.25,0.0,6.6,0.4128296610578082,2025-12-14,1,regular,mobile,organic,2026-01-28,1,low,47,1,-2.0
U000390,114.43199999999999,79.46000000000001,0.0,6.6,0.6943861856823268,2025-06-12,2,regular,web,organic,2026-01-30,7,high,232,1,-4.0
U000391,75.084,69.24,0.0,6.0,0.9221671727665014,2025-11-08,3,regular,web,search,2026-01-30,2,medium,83,1,-4.0
U000392,119.44200000000001,152.65,0.0,6.6,1.2780261549538687,2025-06-18,1,regular,mobile,email,2026-01-30,6,high,226,1,-4.0
U000393,0.0,0.0,0.0,6.6,,2025-08-05,2,value,web,organic,2025-09-09,0,low,178,0,139.0
U000394,0.0,0.0,0.0,6.6,,2025-10-02,1,regular,web,paid_social,2025-11-03,1,low,120,0,84.0
U000395,5.85,0.0,0.0,6.4,0.0,2025-11-01,1,regular,mobile,organic,2025-12-31,2,low,90,0,26.0
U000396,61.614,104.14,0.0,6.6,1.6902002791573345,2025-12-10,2,value,web,paid_social,2026-01-30,0,low,51,1,-4.0
U000397,54.016000000000005,35.91,0.0,6.6,0.6648030213270141,2025-05-16,2,value,web,organic,2026-01-28,8,medium,259,1,-2.0
U000398,117.02799999999999,103.33,0.0,6.4,0.8829510886283625,2025-06-23,3,regular,web,search,2026-01-29,7,high,221,1,-3.0
U000399,94.18199999999999,84.28,0.0,6.6,0.8948631373298508,2025-07-14,3,regular,mobile,search,2026-01-30,6,high,200,1,-4.0
U000400,0.0,0.0,0.0,6.4,,2025-07-21,3,regular,web,organic,2025-11-24,4,high,193,0,63.0
U000401,15.7225,0.0,0.0,5.25,0.0,2026-01-10,2,value,mobile,search,2026-01-15,1,low,20,1,11.0
U000402,140.81,70.41,0.0,6.6,0.5000355088417016,2025-11-16,2,regular,mobile,search,2026-01-30,2,medium,75,1,-4.0
U000403,113.524,33.42,0.0,6.6,0.29438708995454704,2025-07-24,2,regular,mobile,search,2026-01-29,6,high,190,1,-3.0
U000404,63.242,0.0,1.0,5.4,0.0,2026-01-03,1,regular,web,email,2026-01-25,0,low,27,1,1.0
U000405,100.98800000000001,30.28,0.0,6.6,0.2998376044678575,2025-09-07,3,regular,web,search,2026-01-30,3,high,145,1,-4.0
U000406,0.0,0.0,0.0,6.6,,2025-09-07,2,value,web,email,2025-12-07,3,low,145,0,50.0
U000407,0.0,0.0,0.0,6.6,,2025-08-21,1,premium,mobile,search,2025-12-16,4,high,162,0,41.0
U000408,51.412,76.41,0.0,6.2,1.4862288959775927,2025-06-10,3,value,mobile,organic,2026-01-28,7,medium,234,1,-2.0
U000409,117.3,83.71000000000001,0.0,6.4,0.7136402387041774,2025-12-25,2,regular,mobile,organic,2026-01-29,1,low,36,1,-3.0
U000410,0.0,0.0,0.0,6.6,,2025-05-08,1,value,web,search,2025-12-25,8,medium,267,0,32.0
U000411,136.35999999999999,136.88,0.0,6.6,1.0038134350249341,2025-06-17,1,regular,web,organic,2026-01-30,7,high,227,1,-4.0
U000412,25.363999999999997,35.879999999999995,0.0,6.4,1.414603374862009,2025-07-01,2,value,mobile,referral,2026-01-28,7,medium,213,1,-2.0
U000413,0.0,0.0,0.0,6.6,,2025-07-14,3,premium,web,paid_social,2025-11-15,4,high,200,0,72.0
U000414,176.6659104909265,98.45,0.0,6.6,0.5572665361779365,2025-06-07,1,regular,mobile,search,2026-01-30,7,high,237,1,-4.0
U000415,76.88,82.0,0.0,6.6,1.0665972944849116,2025-05-09,3,regular,web,search,2026-01-30,8,high,266,1,-4.0
U000416,38.044,16.33,0.0,6.4,0.42923982756807905,2025-10-22,3,value,mobile,search,2026-01-27,3,low,100,1,-1.0
U000417,60.548,128.39,0.0,5.6,2.120466406817731,2026-01-03,3,value,mobile,paid_social,2026-01-30,1,low,27,1,-4.0
U000418,128.028,17.26,0.0,6.6,0.13481425938076047,2025-06-04,1,regular,web,organic,2026-01-26,6,high,240,1,0.0
U000419,174.32,26.55,0.0,6.6,0.15230610371730152,2025-07-18,1,regular,web,organic,2026-01-28,6,high,196,1,-2.0
U000420,0.0,0.0,0.0,6.6,,2025-09-09,3,regular,mobile,organic,2025-12-13,3,medium,143,0,44.0
U000421,273.662,289.28999999999996,0.0,6.6,1.0571069421403043,2025-12-23,2,premium,web,organic,2026-01-30,1,medium,38,1,-4.0
U000422,235.00539861903977,122.58,0.0,6.6,0.5216050385238629,2025-10-26,2,regular,web,paid_social,2026-01-30,3,high,96,1,-4.0
U000423,168.274,36.72,0.0,6.6,0.21821552943413716,2025-11-13,3,premium,web,organic,2026-01-30,2,high,78,1,-4.0
U000424,0.0,0.0,0.0,6.6,,2025-09-27,1,value,web,organic,2025-11-27,1,low,125,0,60.0
U000425,152.624,72.4,0.0,6.6,0.47436838243002416,2025-08-17,3,regular,mobile,email,2026-01-29,5,high,166,1,-3.0
U000426,105.35999999999999,116.89999999999999,0.0,6.6,1.109529233105543,2025-06-24,3,regular,web,email,2026-01-28,7,high,220,1,-2.0
U000427,128.156,50.63,0.0,6.6,0.39506538905708666,2025-12-07,2,regular,web,search,2026-01-28,1,medium,54,1,-2.0
U000428,199.9,298.75,0.0,6.6,1.4944972486243122,2025-11-22,2,premium,mobile,search,2026-01-29,2,medium,69,1,-3.0
U000429,92.572,85.92,0.0,6.6,0.9281424188739575,2025-05-11,3,regular,web,paid_social,2026-01-30,8,high,264,1,-4.0
U000430,255.59,75.67,0.0,6.4,0.29606009624789703,2025-10-31,2,premium,web,organic,2026-01-30,2,high,91,1,-4.0
U000431,112.026,88.92,0.0,6.6,0.7937443093567565,2025-05-26,2,regular,mobile,search,2026-01-30,8,high,249,1,-4.0
U000432,55.705999999999996,35.04,0.0,6.6,0.6290166229849568,2025-11-06,3,value,mobile,organic,2026-01-26,2,low,85,1,0.0
U000433,112.724,157.88,0.0,6.6,1.4005890493594975,2025-11-28,2,regular,mobile,search,2026-01-29,2,low,63,1,-3.0
U000434,92.25,64.13,0.0,6.6,0.6951761517615176,2025-06-06,2,regular,mobile,email,2026-01-27,7,high,238,1,-1.0
U000435,174.17199999999997,0.0,0.0,6.4,0.0,2025-08-21,1,premium,web,paid_social,2026-01-25,5,high,162,1,1.0
U000436,113.33399999999999,111.25,0.0,6.6,0.9816118728713361,2025-06-05,1,regular,web,email,2026-01-30,5,high,239,1,-4.0
U000437,43.56,33.47,1.0,6.6,0.7683654729109274,2025-09-24,2,value,mobile,paid_social,2026-01-29,3,low,128,1,-3.0
U000438,89.63199999999999,107.61,1.0,6.6,1.200575687254552,2025-12-23,2,value,mobile,paid_social,2026-01-30,0,low,38,1,-4.0
U000439,43.024,25.57,0.0,6.6,0.5943194496095202,2025-05-25,2,value,mobile,paid_social,2026-01-28,8,high,250,1,-2.0
U000440,143.868,71.91,0.0,6.6,0.4998331804153808,2025-08-12,2,regular,web,paid_social,2026-01-30,5,high,171,1,-4.0
U000441,14.924000000000001,13.34,1.0,5.2,0.8938622353256499,2026-01-04,3,value,web,search,2026-01-30,0,low,26,1,-4.0
U000442,101.006,63.49,0.0,6.6,0.6285765202067204,2025-07-19,3,regular,web,organic,2026-01-29,5,high,195,1,-3.0
U000443,100.52799999999999,63.18000000000001,0.0,6.6,0.6284816170619132,2025-06-07,1,regular,mobile,search,2026-01-30,6,high,237,1,-4.0
U000444,73.148,104.17,0.0,6.6,1.4240990867829606,2025-09-04,2,regular,mobile,organic,2026-01-29,4,medium,148,1,-3.0
U000445,74.692,5.04,0.0,6.6,0.067477105981899,2025-09-09,2,value,web,search,2026-01-28,3,medium,143,1,-2.0
U000446,96.44,86.16,0.0,6.4,0.8934052260472832,2025-10-18,2,regular,web,organic,2026-01-30,3,medium,104,1,-4.0
U000447,62.686,35.57,0.0,6.6,0.5674313243786492,2025-07-22,1,value,web,search,2026-01-30,6,medium,192,1,-4.0
U000448,208.30599999999998,65.43,0.0,6.4,0.3141052106036313,2025-12-30,3,premium,web,organic,2026-01-28,1,medium,31,1,-2.0
U000449,55.827999999999996,42.35,0.0,6.4,0.7585799240524469,2025-09-12,3,value,mobile,organic,2026-01-30,4,medium,140,1,-4.0
U000450,0.0,0.0,0.0,6.6,,2025-07-15,2,value,mobile,search,2025-09-14,1,low,199,0,134.0
U000451,48.064,28.96,0.0,6.0,0.6025299600532623,2026-01-01,3,value,web,organic,2026-01-30,1,low,29,1,-4.0
U000452,101.58599999999998,77.12,0.0,6.4,0.7591597267339989,2025-12-23,3,regular,mobile,email,2026-01-27,1,low,38,1,-1.0
U000453,64.378,38.02,0.0,6.6,0.5905744198328622,2025-09-07,2,value,mobile,search,2026-01-29,4,medium,145,1,-3.0
U000454,109.18800000000002,55.26,0.0,6.2,0.5060995713814704,2025-05-11,2,regular,web,search,2026-01-30,7,high,264,1,-4.0
U000455,61.794000000000004,17.31,0.0,6.4,0.2801242839110593,2025-10-01,2,regular,web,organic,2026-01-28,2,medium,121,1,-2.0
U000456,78.828,0.0,0.0,6.6,0.0,2025-09-21,3,regular,web,referral,2026-01-21,3,medium,131,1,5.0
U000457,0.0,0.0,0.0,6.6,,2025-06-11,1,value,web,paid_social,2025-11-06,5,low,233,0,81.0
U000458,78.912,52.540000000000006,0.0,6.4,0.6658049472830495,2025-10-11,2,value,web,search,2026-01-30,3,medium,111,1,-4.0
U000459,133.99200000000002,186.51,0.0,6.4,1.391948773061078,2025-12-02,3,regular,mobile,organic,2026-01-30,1,medium,59,1,-4.0
U000460,53.072,70.78999999999999,0.0,6.6,1.33384835694905,2025-05-31,2,value,web,paid_social,2026-01-28,8,medium,244,1,-2.0
U000461,103.41000000000001,84.28,0.0,6.0,0.8150082197079586,2025-11-02,3,regular,web,email,2026-01-29,2,medium,89,1,-3.0
U000462,36.852,32.03,0.0,6.6,0.8691522848149356,2025-06-09,2,value,mobile,search,2026-01-27,7,medium,235,1,-1.0
U000463,93.268,63.910000000000004,0.0,6.4,0.6852296607625338,2025-11-08,3,regular,web,organic,2026-01-28,2,medium,83,1,-2.0
U000464,27.845999999999997,0.0,0.0,6.6,0.0,2025-08-18,3,value,mobile,organic,2026-01-10,3,medium,165,0,16.0
U000465,122.20599999999999,99.83,0.0,6.6,0.816899333911592,2025-05-06,2,regular,mobile,organic,2026-01-30,8,high,269,1,-4.0
U000466,41.910000000000004,0.0,0.0,5.8,0.0,2026-01-02,3,value,mobile,paid_social,2026-01-25,1,low,28,1,1.0
U000467,152.228,165.82,0.0,6.6,1.089287121948656,2025-06-15,2,regular,mobile,email,2026-01-30,7,high,229,1,-4.0
U000468,0.0,0.0,0.0,6.6,,2025-10-01,2,value,mobile,email,2025-10-26,1,low,121,0,92.0
U000469,202.206,232.51,0.0,6.6,1.149866967350128,2025-06-19,2,premium,mobile,referral,2026-01-30,7,high,225,1,-4.0
U000470,123.072,64.23,0.0,6.6,0.5218896255850234,2025-12-25,3,regular,web,organic,2026-01-30,1,low,36,1,-4.0
U000471,49.784,43.55,0.0,6.6,0.8747790454764582,2025-11-06,1,value,web,email,2026-01-30,2,low,85,1,-4.0
U000472,89.776,30.38,0.0,6.4,0.3383977900552486,2025-11-22,1,value,web,organic,2026-01-30,2,low,69,1,-4.0
U000473,21.188,22.55,0.0,6.6,1.0642816688691714,2025-08-21,2,value,web,organic,2026-01-26,5,low,162,1,0.0
U000474,47.446,19.87,0.0,6.6,0.41879188972726894,2025-08-30,2,value,web,paid_social,2026-01-26,4,medium,153,1,0.0
U000475,35.576,23.130000000000003,0.0,6.6,0.6501574094895436,2025-10-11,2,value,web,organic,2026-01-29,3,low,111,1,-3.0
U000476,249.31,80.62,0.0,6.6,0.3233725081224179,2025-11-17,1,premium,web,referral,2026-01-30,2,high,74,1,-4.0
U000477,0.0,0.0,0.0,6.6,,2025-12-03,2,regular,web,email,2025-12-28,1,low,58,0,29.0
U000478,0.0,0.0,0.0,6.2,,2025-05-09,3,value,web,paid_social,2025-11-26,7,medium,266,0,61.0
U000479,90.026,84.42,0.0,6.6,0.937729100482083,2025-10-18,1,regular,mobile,referral,2026-01-29,2,medium,104,1,-3.0
U000480,65.66,22.65,1.0,6.6,0.3449588790740177,2025-06-01,2,value,mobile,search,2026-01-26,7,medium,243,1,0.0
U000481,0.0,0.0,0.0,6.6,,2025-07-16,3,premium,mobile,organic,2025-09-20,2,medium,198,0,128.0
U000482,8.128,0.0,0.0,6.6,0.0,2025-11-29,1,value,web,referral,2026-01-02,0,low,62,0,24.0
U000483,154.67800000000003,95.43,0.0,6.6,0.6169591021347574,2025-07-06,2,regular,mobile,paid_social,2026-01-30,5,high,208,1,-4.0
U000484,0.0,0.0,0.0,6.6,,2025-11-21,2,regular,mobile,email,2025-12-17,0,low,70,0,40.0
U000485,42.238,19.08,0.0,6.6,0.45172593399308675,2025-08-29,3,value,web,organic,2026-01-28,4,medium,154,1,-2.0
U000486,59.274,74.11,0.0,6.6,1.250295239059284,2025-07-02,2,value,mobile,organic,2026-01-30,6,medium,212,1,-4.0
U000487,136.792,87.42999999999999,0.0,6.6,0.6391455640680741,2025-07-27,3,regular,web,search,2026-01-30,6,high,187,1,-4.0
U000488,179.17800000000003,166.2,0.0,6.6,0.9275692328299231,2025-09-15,1,premium,mobile,paid_social,2026-01-30,3,high,137,1,-4.0
U000489,38.215999999999994,0.0,0.0,6.6,0.0,2025-11-13,2,regular,mobile,referral,2026-01-09,2,low,78,0,17.0
U000490,138.524,86.66,0.0,6.4,0.6255955646674944,2025-10-04,3,regular,web,email,2026-01-30,3,high,118,1,-4.0
U000491,119.306,22.68,0.0,6.6,0.19009940824434648,2025-12-25,1,regular,mobile,organic,2026-01-30,1,low,36,1,-4.0
U000492,148.196,25.27,0.0,6.6,0.1705174228724122,2025-12-08,1,regular,web,search,2026-01-28,1,medium,53,1,-2.0
U000493,117.114,102.28,0.0,6.2,0.8733370903564048,2025-11-10,1,regular,web,organic,2026-01-29,2,medium,81,1,-3.0
U000494,130.86999999999998,73.47999999999999,0.0,6.4,0.5614732176969512,2025-10-03,3,regular,web,organic,2026-01-29,3,medium,119,1,-3.0
U000495,109.10999999999999,31.810000000000002,0.0,6.6,0.29154064705343236,2025-07-16,2,regular,web,search,2026-01-30,6,high,198,1,-4.0
U000496,0.0,0.0,0.0,6.6,,2025-08-16,2,value,web,paid_social,2025-11-15,2,low,167,0,72.0
U000497,0.0,0.0,0.0,6.4,,2025-06-03,2,premium,nan,search,2025-10-03,4,high,241,0,115.0
U000498,69.29400000000001,69.02000000000001,0.0,6.2,0.9960458336941149,2025-08-06,2,value,web,search,2026-01-29,4,medium,177,1,-3.0
U000499,29.014,0.0,0.0,6.6,0.0,2025-12-23,2,value,web,paid_social,2026-01-16,1,low,38,1,10.0
U000500,0.0,0.0,0.0,6.6,,2025-08-19,2,regular,mobile,referral,2025-10-20,2,low,164,0,98.0
U000501,0.0,0.0,0.0,6.6,,2025-06-02,2,value,web,organic,2025-10-31,3,low,242,0,87.0
U000502,38.612,0.0,0.0,6.6,0.0,2025-10-15,1,value,web,search,2026-01-18,3,low,107,0,8.0
U000503,140.954479083172,31.66,0.0,6.0,0.22461152143536078,2026-01-01,3,value,mobile,paid_social,2026-01-26,1,low,29,1,0.0
U000504,13.036000000000001,0.0,0.0,6.6,0.0,2025-12-08,3,regular,mobile,paid_social,2026-01-04,1,low,53,0,22.0
U000505,101.388,85.04,0.0,6.6,0.8387580384266383,2025-07-12,2,regular,web,referral,2026-01-30,6,high,202,1,-4.0
U000506,41.471999999999994,17.06,0.0,6.6,0.4113618827160494,2025-08-26,2,value,web,organic,2026-01-28,4,medium,157,1,-2.0
U000507,55.336,107.83000000000001,0.0,6.6,1.9486410293479834,2025-09-15,1,value,mobile,search,2026-01-30,4,medium,137,1,-4.0
U000508,122.72999999999999,42.84,0.0,6.6,0.34905890980200444,2025-07-06,3,regular,mobile,email,2026-01-30,6,high,208,1,-4.0
U000509,248.93800000000002,173.15,0.0,6.6,0.6955547164354177,2025-07-11,3,premium,web,search,2026-01-30,6,high,203,1,-4.0
U000510,0.0,0.0,0.0,6.6,,2025-07-03,3,value,web,search,2025-09-03,2,low,211,0,145.0
U000511,190.57999999999998,187.57999999999998,0.0,5.5,0.9842585790744044,2026-01-09,2,premium,web,email,2026-01-30,1,low,21,1,-4.0
U000512,116.9,44.41,0.0,6.4,0.37989734816082116,2025-11-08,1,premium,mobile,organic,2026-01-30,2,medium,83,1,-4.0
U000513,40.058,0.0,0.0,6.6,0.0,2025-12-02,1,value,mobile,paid_social,2026-01-25,1,low,59,1,1.0
U000514,106.346,28.810000000000002,0.0,6.6,0.27090816767908527,2025-11-25,1,regular,mobile,referral,2026-01-29,1,medium,66,1,-3.0
U000515,79.97200000000001,31.28,0.0,6.2,0.39113689791427,2025-12-31,1,regular,web,organic,2026-01-27,1,low,30,1,-1.0
U000516,101.748,113.75999999999999,0.0,6.4,1.118056374572473,2025-05-31,1,regular,mobile,paid_social,2026-01-30,8,high,244,1,-4.0
U000517,8.169999999999998,0.0,0.0,6.2,0.0,2025-12-12,3,regular,mobile,search,2026-01-08,1,low,49,0,18.0
U000518,95.3,161.15,0.0,6.4,1.6909758656873033,2025-05-21,1,regular,web,referral,2026-01-30,6,high,254,1,-4.0
U000519,99.19000000000001,64.27000000000001,1.0,6.6,0.647948381893336,2025-09-01,1,regular,mobile,email,2026-01-30,4,high,151,1,-4.0
U000520,119.652,67.39,0.0,6.6,0.5632166616521245,2025-10-01,3,regular,web,referral,2026-01-28,3,medium,121,1,-2.0
U000521,153.664,143.0,0.0,6.4,0.9306018325697627,2025-08-02,2,premium,web,organic,2026-01-30,5,high,181,1,-4.0
U000522,120.24000000000001,117.71000000000001,0.0,6.4,0.97895874916833,2025-06-10,3,regular,mobile,paid_social,2026-01-30,7,high,234,1,-4.0
U000523,98.786,120.98,0.0,6.6,1.22466746300083,2025-06-22,2,regular,web,email,2026-01-30,7,high,222,1,-4.0
U000524,0.0,0.0,0.0,6.2,,2025-11-27,3,premium,mobile,paid_social,2025-12-22,0,low,64,0,35.0
U000525,0.0,0.0,0.0,6.6,,2025-07-23,2,value,web,paid_social,2025-09-19,1,low,191,0,129.0
U000526,53.61600000000001,65.95,0.0,6.6,1.230043270665473,2025-07-21,2,value,web,organic,2026-01-29,6,medium,193,1,-3.0
U000527,78.54400000000001,33.81,0.0,6.6,0.4304593603585251,2025-12-22,2,regular,web,referral,2026-01-26,1,low,39,1,0.0
U000528,171.496,175.87,0.0,6.6,1.0255049680459019,2025-06-10,2,premium,web,organic,2026-01-29,7,high,234,1,-3.0
U000529,26.312,0.0,0.0,6.6,0.0,2025-12-20,2,value,web,organic,2026-01-17,0,low,41,1,9.0
U000530,98.4,115.01,0.0,6.6,1.16880081300813,2025-12-22,2,regular,mobile,email,2026-01-30,1,low,39,1,-4.0
U000531,26.139999999999997,19.57,0.0,6.6,0.7486610558530988,2025-10-02,1,value,web,email,2026-01-28,4,medium,120,1,-2.0
U000532,51.867999999999995,12.21,0.0,6.6,0.23540525950489707,2025-06-15,3,value,web,email,2026-01-30,7,medium,229,1,-4.0
U000533,0.0,0.0,0.0,6.4,,2025-06-13,2,regular,mobile,search,2025-10-07,4,medium,231,0,111.0
U000534,54.416,35.16,0.0,6.6,0.6461334901499559,2025-07-15,1,value,web,organic,2026-01-29,6,medium,199,1,-3.0
U000535,217.62800000000001,151.93,0.0,6.6,0.6981178892421931,2025-09-26,1,premium,mobile,search,2026-01-30,3,high,126,1,-4.0
U000536,58.40999999999999,8.47,0.0,6.6,0.14500941619585692,2025-06-12,3,value,web,organic,2026-01-27,7,medium,232,1,-1.0
U000537,182.924,89.75,0.0,6.4,0.4906409219129256,2025-08-27,2,premium,web,referral,2026-01-30,5,high,156,1,-4.0
U000538,41.89,34.839999999999996,0.0,6.6,0.8317020768679875,2025-06-02,2,value,mobile,search,2026-01-28,8,medium,242,1,-2.0
U000539,155.45999999999998,56.269999999999996,0.0,6.6,0.36195805995111285,2025-09-17,3,premium,mobile,search,2026-01-30,4,high,135,1,-4.0
U000540,138.916,66.3,0.0,6.6,0.4772668375133174,2025-05-10,1,regular,mobile,organic,2026-01-30,8,high,265,1,-4.0
U000541,85.188,73.71000000000001,0.0,6.4,0.8652627130581773,2025-10-29,3,value,web,search,2026-01-30,3,low,93,1,-4.0
U000542,30.8,11.45,0.0,6.6,0.3717532467532467,2025-05-18,2,value,web,referral,2026-01-27,6,medium,257,1,-1.0
U000543,41.438,22.04,0.0,6.6,0.5318789516868574,2025-06-22,1,value,mobile,paid_social,2026-01-29,7,medium,222,1,-3.0
U000544,65.57000000000001,97.34,0.0,6.4,1.4845203599206953,2025-06-17,2,regular,mobile,organic,2026-01-29,7,high,227,1,-3.0
U000545,122.934,0.0,0.0,6.6,0.0,2025-11-29,3,regular,mobile,organic,2026-01-22,2,medium,62,1,4.0
U000546,119.5,82.0,0.0,6.6,0.6861924686192469,2025-05-18,2,regular,mobile,search,2026-01-30,7,high,257,1,-4.0
U000547,112.854,30.89,0.0,6.6,0.2737164832438372,2025-08-20,2,regular,mobile,organic,2026-01-30,5,high,163,1,-4.0
U000548,130.91199999999998,71.99,0.0,6.6,0.549911390857981,2025-09-30,2,regular,web,email,2026-01-30,3,medium,122,1,-4.0
U000549,0.0,0.0,0.0,6.4,,2025-09-11,2,regular,mobile,paid_social,2025-10-14,0,low,141,0,104.0
U000550,167.81199999999998,223.16,0.0,6.6,1.3298214668796036,2025-10-22,2,regular,web,organic,2026-01-30,3,high,100,1,-4.0
U000551,89.508,142.59,0.0,6.2,1.5930419627295884,2025-11-22,2,regular,web,referral,2026-01-30,2,medium,69,1,-4.0
U000552,79.652,84.27000000000001,0.0,6.6,1.0579772008235826,2025-08-11,2,regular,mobile,search,2026-01-30,5,high,172,1,-4.0
U000553,197.19,122.33,0.0,6.6,0.6203661443278057,2025-11-28,1,premium,web,organic,2026-01-30,1,medium,63,1,-4.0
U000554,0.0,0.0,0.0,6.6,,2025-07-23,2,value,web,search,2025-10-18,2,low,191,0,100.0
U000555,50.2025,0.0,0.0,6.0,0.0,2026-01-07,2,value,mobile,organic,2026-01-23,1,low,23,1,3.0
U000556,43.768,65.71000000000001,0.0,6.6,1.5013251690732956,2025-09-08,2,value,mobile,search,2026-01-30,4,medium,144,1,-4.0
U000557,114.59400000000001,13.65,0.0,6.4,0.11911618409340803,2025-11-05,1,regular,web,referral,2026-01-30,2,medium,86,1,-4.0
U000558,21.06,0.0,0.0,6.6,0.0,2025-12-10,2,value,mobile,email,2026-01-09,0,low,51,0,17.0
U000559,61.914,0.0,0.0,6.6,0.0,2025-11-19,2,premium,web,search,2026-01-21,2,medium,72,1,5.0
U000560,138.762,63.269999999999996,0.0,6.4,0.4559605655727072,2025-12-04,1,regular,mobile,paid_social,2026-01-30,1,medium,57,1,-4.0
U000561,137.53199999999998,23.21,0.0,6.6,0.16876072477677925,2025-09-16,1,regular,web,organic,2026-01-28,4,high,136,1,-2.0
U000562,138.856,230.68,0.0,6.6,1.6612893933283404,2025-05-15,2,regular,web,search,2026-01-29,8,high,260,1,-3.0
U000563,93.55291524815149,144.2745762407575,0.0,6.6,1.5421708223422597,2025-09-05,2,value,web,organic,2026-01-29,4,medium,147,1,-3.0
U000564,136.132,28.01,0.0,6.6,0.20575617782740283,2025-06-19,1,regular,web,search,2026-01-28,7,high,225,1,-2.0
U000565,11.264,0.0,0.0,6.6,0.0,2025-12-14,3,value,web,organic,2026-01-17,1,low,47,0,9.0
U000566,98.986,58.41,0.0,6.6,0.5900834461438991,2025-07-03,2,regular,web,email,2026-01-30,7,high,211,1,-4.0
U000567,0.0,0.0,0.0,6.4,,2025-07-01,3,premium,mobile,referral,2025-08-05,1,low,213,0,174.0
U000568,268.8905444173738,549.9617910112516,0.0,6.6,2.04529985315362,2025-07-06,2,regular,web,organic,2026-01-30,6,high,208,1,-4.0
U000569,161.418,46.35,0.0,6.6,0.28714269784038954,2025-10-13,2,premium,web,paid_social,2026-01-26,3,high,109,1,0.0
U000570,134.284,89.96000000000001,0.0,6.6,0.6699234458312234,2025-09-25,2,regular,mobile,organic,2026-01-28,4,high,127,1,-2.0
U000571,87.74,0.0,0.0,6.4,0.0,2025-12-29,3,regular,nan,paid_social,2026-01-22,1,low,32,1,4.0
U000572,110.324,26.16,0.0,6.6,0.23711975635401183,2025-08-17,2,regular,mobile,organic,2026-01-30,4,high,166,1,-4.0
U000573,0.0,0.0,0.0,6.2,,2025-07-14,2,regular,web,organic,2025-09-15,2,low,200,0,133.0
U000574,45.928,21.42,0.0,6.6,0.4663821633861697,2025-05-17,2,value,web,paid_social,2026-01-29,8,medium,258,1,-3.0
U000575,49.726,64.55,0.0,6.6,1.2981136628725416,2025-05-06,2,value,mobile,search,2026-01-29,7,medium,269,1,-3.0
U000576,186.238,273.81,0.0,6.6,1.470215530665063,2025-08-06,1,regular,mobile,search,2026-01-30,5,high,177,1,-4.0
U000577,38.308,15.48,0.0,6.4,0.404093139814138,2025-12-23,2,value,web,search,2026-01-29,1,low,38,1,-3.0
U000578,152.384,132.82999999999998,0.0,6.6,0.8716794414111717,2025-09-13,2,regular,mobile,organic,2026-01-30,4,high,139,1,-4.0
U000579,143.136,16.58,0.0,6.6,0.11583389224234293,2025-12-15,3,regular,mobile,organic,2026-01-30,1,low,46,1,-4.0
U000580,130.63,110.57,0.0,6.6,0.846436500038276,2025-05-30,2,premium,mobile,paid_social,2026-01-29,7,high,245,1,-3.0
U000581,0.0,0.0,0.0,6.6,,2025-05-28,2,value,web,paid_social,2025-12-15,6,medium,247,0,42.0
U000582,232.47600000000003,95.41,0.0,6.6,0.41040795609009095,2025-11-30,3,premium,mobile,organic,2026-01-28,1,medium,61,1,-2.0
U000583,48.902,11.81,0.0,6.6,0.2415034149932518,2025-05-31,2,value,web,search,2026-01-26,8,medium,244,1,0.0
U000584,0.0,0.0,0.0,6.6,,2025-05-18,1,regular,mobile,paid_social,,1,low,257,0,
U000585,96.406,29.44,0.0,6.6,0.30537518411717113,2025-08-14,1,regular,web,paid_social,2026-01-26,5,high,169,1,0.0
U000586,30.82,0.0,0.0,6.4,0.0,2025-12-23,1,value,web,referral,2026-01-20,1,low,38,1,6.0
U000587,62.862,110.13,0.0,6.6,1.751932805192326,2025-10-25,1,value,web,search,2026-01-30,2,low,97,1,-4.0
U000588,0.0,0.0,0.0,6.6,,2025-05-29,2,value,mobile,search,2025-11-26,5,medium,246,0,61.0
U000589,10.412,0.0,0.0,6.6,0.0,2025-12-01,3,regular,mobile,search,2026-01-05,0,low,60,0,21.0
U000590,130.016,141.69,0.0,6.6,1.0897889490524244,2025-12-02,2,regular,mobile,organic,2026-01-30,1,medium,59,1,-4.0
U000591,35.628,0.0,0.0,6.6,0.0,2025-11-21,1,value,mobile,organic,2026-01-21,2,low,70,1,5.0
U000592,29.194,19.91,0.0,6.6,0.6819894498869631,2025-12-17,2,value,mobile,organic,2026-01-28,1,low,44,1,-2.0
U000593,118.49000000000001,101.27,0.0,6.4,0.8546712802768165,2025-07-04,1,regular,mobile,referral,2026-01-30,6,high,210,1,-4.0
U000594,30.0325,0.0,0.0,6.5,0.0,2026-01-05,3,value,web,organic,2026-01-24,1,low,25,1,2.0
U000595,121.64200000000001,107.56,0.0,6.6,0.8842340638924056,2025-07-24,1,regular,mobile,paid_social,2026-01-28,6,high,190,1,-2.0
U000596,213.47200000000004,221.84,0.0,6.6,1.0391995203117972,2025-11-22,2,premium,nan,search,2026-01-30,2,high,69,1,-4.0
U000597,0.0,0.0,0.0,6.6,,2025-09-27,2,regular,web,search,2025-12-03,1,medium,125,0,54.0
U000598,272.03,220.43,0.0,6.6,0.8103150387824873,2025-11-16,2,premium,web,referral,2026-01-30,2,high,75,1,-4.0
U000599,18.996,0.0,0.0,6.6,0.0,2025-10-09,2,regular,web,paid_social,2026-01-02,2,medium,113,0,24.0
U000600,101.148,53.150000000000006,0.0,6.4,0.5254676315893543,2025-10-13,3,regular,mobile,organic,2026-01-28,3,high,109,1,-2.0
U000601,73.398,100.35,0.0,6.6,1.367203466034497,2025-10-06,1,value,mobile,paid_social,2026-01-30,3,medium,116,1,-4.0
U000602,60.852,39.31,0.0,6.6,0.6459935581410636,2025-11-16,3,value,web,search,2026-01-30,2,low,75,1,-4.0
U000603,104.10999999999999,130.05,0.0,6.6,1.2491595427912787,2025-11-06,2,regular,mobile,search,2026-01-28,2,medium,85,1,-2.0
U000604,0.0,0.0,0.0,6.6,,2025-06-07,3,value,web,paid_social,2025-11-28,6,medium,237,0,59.0
U000605,189.55,203.05,0.0,6.6,1.0712213136375626,2025-11-28,3,premium,web,paid_social,2026-01-30,1,high,63,1,-4.0
U000606,92.35,40.65,0.0,6.4,0.4401732539252843,2025-09-16,3,regular,web,organic,2026-01-28,4,high,136,1,-2.0
U000607,187.35999999999999,134.70999999999998,0.0,6.6,0.7189901793339026,2025-07-25,1,premium,web,email,2026-01-30,6,high,189,1,-4.0
U000608,80.266,22.38,0.0,6.6,0.2788229138115765,2025-09-11,2,value,web,paid_social,2026-01-27,4,medium,141,1,-1.0
U000609,63.33,36.269999999999996,0.0,5.6,0.5727143533870204,2026-01-02,2,regular,web,paid_social,2026-01-28,1,low,28,1,-2.0
U000610,136.0,80.97999999999999,0.0,6.6,0.5954411764705881,2025-12-06,2,regular,web,organic,2026-01-28,0,medium,55,1,-2.0
U000611,69.282,74.94,0.0,6.6,1.0816662336537628,2025-11-30,2,value,web,organic,2026-01-29,1,low,61,1,-3.0
U000612,0.0,0.0,0.0,6.6,,2025-08-29,3,regular,mobile,search,2025-12-27,4,medium,154,0,30.0
U000613,0.0,0.0,0.0,6.6,,2025-11-17,3,regular,web,paid_social,2025-12-23,0,low,74,0,34.0
U000614,180.32,120.03,0.0,6.2,0.6656499556344277,2025-08-09,2,premium,web,search,2026-01-30,5,high,174,1,-4.0
U000615,0.0,0.0,0.0,6.6,,2025-10-24,2,regular,web,paid_social,2025-12-27,2,medium,98,0,30.0
U000616,29.286,0.0,0.0,6.6,0.0,2025-10-12,3,value,web,organic,2026-01-11,3,low,110,0,15.0
U000617,0.0,0.0,0.0,6.6,,2025-07-06,3,regular,web,paid_social,2025-11-07,3,medium,208,0,80.0
U000618,141.68,215.17000000000002,0.0,6.4,1.5187041219649915,2025-07-10,1,regular,web,referral,2026-01-30,6,high,204,1,-4.0
U000619,19.666,0.0,0.0,6.6,0.0,2025-05-20,2,value,mobile,paid_social,2026-01-15,8,medium,255,0,11.0
U000620,113.09200000000001,59.480000000000004,0.0,6.4,0.5259434796448909,2025-06-09,3,regular,mobile,paid_social,2026-01-27,7,high,235,1,-1.0
U000621,61.94199999999999,12.49,0.0,6.4,0.20164024409931874,2025-08-21,2,value,mobile,referral,2026-01-30,5,medium,162,1,-4.0
U000622,0.0,0.0,0.0,6.6,,2025-09-01,2,value,mobile,organic,2025-12-01,3,low,151,0,56.0
U000623,129.34,83.68,0.0,6.6,0.6469769599505181,2025-06-15,3,regular,web,paid_social,2026-01-29,7,high,229,1,-3.0
U000624,42.112,66.46,0.0,6.4,1.5781724924012155,2025-08-17,3,value,web,email,2026-01-29,5,medium,166,1,-3.0
U000625,97.37199999999999,212.63,0.0,6.6,2.1836873023045644,2025-10-03,3,regular,web,search,2026-01-30,3,high,119,1,-4.0
U000626,83.75399999999999,114.6,0.0,6.6,1.3682928576545599,2025-07-02,3,value,web,organic,2026-01-30,5,medium,212,1,-4.0
U000627,0.0,0.0,0.0,6.6,,2025-07-28,2,regular,web,email,2025-09-01,1,low,186,0,147.0
U000628,0.0,0.0,0.0,6.6,,2025-08-05,2,value,web,organic,2025-09-09,1,low,178,0,139.0
U000629,189.052,255.71,0.0,6.6,1.3525908215729008,2025-09-08,2,premium,mobile,organic,2026-01-30,4,high,144,1,-4.0
U000630,0.0,0.0,0.0,6.6,,2025-08-04,2,value,web,organic,2025-10-05,2,low,179,0,113.0
U000631,88.80799999999999,94.03999999999999,0.0,6.6,1.0589136113863615,2025-11-05,2,regular,web,search,2026-01-27,2,medium,86,1,-1.0
U000632,37.134,0.0,0.0,6.6,0.0,2025-07-26,2,value,mobile,search,2026-01-21,6,medium,188,1,5.0
U000633,0.0,0.0,0.0,6.6,,2025-08-21,2,value,web,search,2025-09-19,1,low,162,0,129.0
U000634,0.0,0.0,0.0,6.6,,2025-08-08,2,regular,mobile,email,2025-12-01,3,medium,175,0,56.0
U000635,82.50399999999999,50.65,0.0,6.6,0.6139096286240667,2025-06-19,2,regular,mobile,search,2026-01-30,7,high,225,1,-4.0
U000636,172.028,110.32,0.0,6.4,0.6412909526356174,2025-10-24,2,premium,mobile,search,2026-01-30,3,high,98,1,-4.0
U000637,34.94,28.64,0.0,6.4,0.8196908986834575,2025-07-03,1,value,web,referral,2026-01-28,6,medium,211,1,-2.0
U000638,78.42999999999999,20.68,0.0,6.4,0.2636746143057504,2025-07-18,1,value,web,referral,2026-01-29,6,medium,196,1,-3.0
U000639,181.54370876160888,0.0,0.0,6.6,0.0,2025-11-19,3,regular,mobile,organic,2026-01-18,2,medium,72,0,8.0
U000640,123.316,84.67,0.0,6.6,0.6866100100554673,2025-12-29,2,regular,mobile,organic,2026-01-28,1,low,32,1,-2.0
U000641,35.466,0.0,0.0,6.4,0.0,2025-10-20,1,value,mobile,paid_social,2026-01-24,3,low,102,1,2.0
U000642,103.862,111.62,0.0,6.6,1.074695268721958,2025-12-21,3,regular,web,referral,2026-01-30,1,low,40,1,-4.0
U000643,65.258,21.97,0.0,6.4,0.33666370406693436,2025-12-05,2,regular,web,search,2026-01-29,1,low,56,1,-3.0
U000644,136.836,91.86,0.0,6.2,0.6713145663421906,2025-09-02,1,regular,web,organic,2026-01-29,4,high,150,1,-3.0
U000645,52.234,7.02,0.0,6.4,0.13439522150323543,2025-11-14,2,value,web,paid_social,2026-01-26,2,low,77,1,0.0
U000646,88.39599999999999,98.32,0.0,6.6,1.1122675234173494,2025-07-26,1,regular,web,paid_social,2026-01-30,6,high,188,1,-4.0
U000647,27.544,0.0,0.0,6.6,0.0,2025-08-28,2,value,mobile,search,2026-01-19,5,medium,155,1,7.0
U000648,0.0,0.0,0.0,6.6,,2025-09-16,2,regular,web,referral,2025-12-16,2,medium,136,0,41.0
U000649,67.374,6.96,0.0,6.0,0.10330394514204293,2026-01-01,1,value,mobile,referral,2026-01-28,1,low,29,1,-2.0
U000650,102.6,70.85,0.0,6.4,0.6905458089668616,2025-12-03,1,regular,mobile,paid_social,2026-01-27,0,low,58,1,-1.0
U000651,115.85799999999999,75.87,0.0,6.6,0.6548533549690139,2025-09-04,2,regular,web,paid_social,2026-01-30,4,high,148,1,-4.0
U000652,0.0,0.0,0.0,6.6,,2025-10-15,1,regular,web,paid_social,2025-12-10,2,low,107,0,47.0
U000653,0.0,0.0,0.0,6.6,,2025-06-24,3,value,mobile,search,2025-08-17,1,low,220,0,162.0
U000654,93.058,50.05,0.0,6.6,0.5378366180231683,2025-11-22,1,value,web,search,2026-01-30,2,low,69,1,-4.0
U000655,162.348,204.92000000000002,0.0,6.6,1.2622268213960135,2025-09-20,2,regular,web,paid_social,2026-01-30,4,high,132,1,-4.0
U000656,105.51400000000001,9.95,0.0,6.6,0.0943002824269765,2025-09-15,2,regular,mobile,paid_social,2026-01-29,4,high,137,1,-3.0
U000657,0.0,0.0,0.0,6.6,,2025-11-13,2,premium,mobile,search,2025-12-12,1,low,78,0,45.0
U000658,27.822000000000003,33.42,0.0,6.6,1.2012076773776148,2025-10-10,1,value,mobile,organic,2026-01-30,3,low,112,1,-4.0
U000659,108.67999999999999,55.95,0.0,6.6,0.5148141332351859,2025-05-23,3,premium,mobile,paid_social,2026-01-26,8,high,252,1,0.0
U000660,48.977999999999994,10.91,0.0,6.6,0.22275307280819961,2025-07-16,3,value,web,paid_social,2026-01-28,6,medium,198,1,-2.0
U000661,45.788,13.93,0.0,6.6,0.30422818205643404,2025-06-18,1,value,mobile,search,2026-01-30,7,medium,226,1,-4.0
U000662,12.322,0.0,0.0,6.2,0.0,2025-11-05,1,value,mobile,search,2026-01-04,2,low,86,0,22.0
U000663,120.026,83.56,0.0,6.6,0.6961824937930116,2025-05-13,3,regular,mobile,organic,2026-01-30,8,high,262,1,-4.0
U000664,50.164,43.89,0.0,6.6,0.874930228849374,2025-06-24,2,value,mobile,email,2026-01-28,7,medium,220,1,-2.0
U000665,75.35799999999999,36.03,0.0,6.6,0.47811778444226233,2025-10-01,1,value,mobile,referral,2026-01-29,3,medium,121,1,-3.0
U000666,155.93800000000002,246.74,0.0,6.4,1.5822955277097306,2025-10-26,1,regular,mobile,search,2026-01-30,3,high,96,1,-4.0
U000667,92.952,9.82,0.0,6.4,0.10564592477838025,2025-09-08,2,regular,web,search,2026-01-28,4,high,144,1,-2.0
U000668,78.57000000000001,11.42,0.0,6.4,0.14534809723813158,2025-12-07,2,value,mobile,paid_social,2026-01-27,1,low,54,1,-1.0
U000669,37.501999999999995,44.34,0.0,6.6,1.1823369420297587,2025-12-21,2,value,web,search,2026-01-30,1,low,40,1,-4.0
U000670,135.93,94.33,0.0,6.6,0.6939601265357168,2025-06-07,3,regular,mobile,email,2026-01-29,7,high,237,1,-3.0
U000671,22.624,0.0,1.0,6.4,0.0,2025-12-30,2,value,mobile,organic,2026-01-21,0,low,31,1,5.0
U000672,33.688,86.97,0.0,6.6,2.5816314414628354,2025-10-06,2,value,mobile,organic,2026-01-29,3,low,116,1,-3.0
U000673,135.48,0.0,0.0,6.4,0.0,2025-10-11,2,regular,nan,search,2026-01-24,3,medium,111,1,2.0
U000674,59.763999999999996,21.47,1.0,6.6,0.35924636905160295,2025-05-28,2,value,web,organic,2026-01-28,8,medium,247,1,-2.0
U000675,97.00200000000001,122.31,0.0,6.6,1.260901837075524,2025-10-08,1,regular,web,paid_social,2026-01-29,2,medium,114,1,-3.0
U000676,2.8899999999999997,0.0,0.0,6.6,0.0,2025-11-03,1,value,web,referral,2025-12-30,2,low,88,0,27.0
U000677,58.294000000000004,59.239999999999995,0.0,6.4,1.0162280852231789,2025-09-27,2,value,web,organic,2026-01-29,4,medium,125,1,-3.0
U000678,0.0,0.0,0.0,6.6,,2025-05-26,2,value,mobile,search,2025-12-21,7,medium,249,0,36.0
U000679,0.0,0.0,0.0,6.6,,2025-09-13,1,value,web,paid_social,2025-10-13,1,low,139,0,105.0
U000680,55.968,13.11,0.0,6.6,0.23424099485420238,2025-12-25,2,value,mobile,referral,2026-01-28,1,low,36,1,-2.0
U000681,2.402,0.0,0.0,6.6,0.0,2025-11-02,2,value,web,search,2025-12-29,2,low,89,0,28.0
U000682,220.036,257.48,0.0,6.6,1.170172153647585,2025-06-08,2,premium,mobile,organic,2026-01-30,7,high,236,1,-4.0
U000683,132.13,78.07,0.0,6.0,0.5908574888367516,2025-12-31,3,regular,mobile,paid_social,2026-01-29,1,low,30,1,-3.0
U000684,47.896,0.0,1.0,6.2,0.0,2025-12-31,3,value,mobile,search,2026-01-20,0,low,30,1,6.0
U000685,0.0,0.0,0.0,6.4,,2025-06-16,2,regular,mobile,paid_social,2025-07-17,1,low,228,0,193.0
U000686,44.714,0.0,0.0,6.4,0.0,2025-11-22,1,regular,mobile,search,2026-01-20,1,low,69,1,6.0
U000687,130.926,205.17,0.0,6.6,1.5670684203290408,2025-08-15,2,regular,mobile,organic,2026-01-30,3,high,168,1,-4.0
U000688,63.367999999999995,4.99,0.0,6.6,0.07874637040777681,2025-10-01,2,value,mobile,paid_social,2026-01-29,3,medium,121,1,-3.0
U000689,22.962,10.91,0.0,6.6,0.47513282815085794,2025-08-24,1,value,web,search,2026-01-27,5,low,159,1,-1.0
U000690,23.154,0.0,0.0,6.6,0.0,2025-11-17,1,value,web,organic,2026-01-17,2,low,74,0,9.0
U000691,44.4125,0.0,0.0,5.25,0.0,2026-01-10,1,value,mobile,search,2026-01-22,1,low,20,1,4.0
U000692,71.69800000000001,42.54,0.0,6.6,0.5933219894557727,2025-11-20,2,value,web,email,2026-01-29,2,low,71,1,-3.0
U000693,180.804,293.73,0.0,6.6,1.6245768898918167,2025-12-24,2,premium,web,paid_social,2026-01-30,1,medium,37,1,-4.0
U000694,168.682,119.31,0.0,6.6,0.7073072408437179,2025-12-28,1,premium,mobile,organic,2026-01-29,1,low,33,1,-3.0
U000695,0.0,0.0,0.0,6.6,,2025-05-27,3,value,web,paid_social,2025-10-23,5,medium,248,0,95.0
U000696,33.72,0.0,0.0,6.4,0.0,2025-07-07,3,regular,mobile,organic,2026-01-04,5,high,207,0,22.0
U000697,133.82999999999998,87.91,0.0,6.6,0.6568781289695883,2025-11-02,1,regular,mobile,search,2026-01-28,2,medium,89,1,-2.0
U000698,0.0,0.0,0.0,6.6,,2025-09-30,3,regular,mobile,search,2025-11-03,1,low,122,0,84.0
U000699,118.444,18.48,0.0,6.4,0.1560230995238256,2025-05-17,1,regular,mobile,organic,2026-01-28,8,high,258,1,-2.0
U000700,47.93599999999999,37.01,0.0,6.6,0.7720710947930575,2025-05-28,3,value,mobile,search,2026-01-29,7,medium,247,1,-3.0
U000701,130.336,73.03999999999999,0.0,6.6,0.5603977412226858,2025-09-12,3,regular,mobile,email,2026-01-28,4,high,140,1,-2.0
U000702,283.00217608078054,83.39,0.0,6.6,0.2946620451999529,2025-10-06,1,premium,mobile,organic,2026-01-29,2,high,116,1,-3.0
U000703,111.724,43.27,0.0,6.4,0.3872936880168988,2025-06-16,3,regular,web,referral,2026-01-26,6,high,228,1,0.0
U000704,0.0,0.0,0.0,6.4,,2025-06-16,3,regular,mobile,paid_social,2025-08-20,2,low,228,0,159.0
U000705,0.0,0.0,0.0,6.6,,2025-06-06,3,regular,mobile,search,,1,low,238,0,
U000706,0.0,0.0,0.0,6.6,,2025-09-23,3,value,web,organic,2025-10-24,0,low,129,0,94.0
U000707,0.0,0.0,0.0,6.6,,2025-05-06,2,value,web,organic,2025-10-31,6,low,269,0,87.0
U000708,121.05,47.04,0.0,6.6,0.3885997521685254,2025-09-25,1,regular,mobile,organic,2026-01-29,3,high,127,1,-3.0
U000709,31.860000000000003,0.0,0.0,6.4,0.0,2025-09-01,3,value,web,paid_social,2026-01-25,4,medium,151,1,1.0
U000710,81.438,15.6,0.0,6.6,0.19155676711117658,2025-08-29,2,regular,mobile,email,2026-01-29,5,high,154,1,-3.0
U000711,127.84,47.63,0.0,6.6,0.3725750938673342,2025-10-22,2,regular,web,referral,2026-01-29,3,medium,100,1,-3.0
U000712,112.19800000000001,133.01,0.0,6.6,1.1854935025579778,2025-09-13,2,regular,web,organic,2026-01-27,4,high,139,1,-1.0
U000713,47.482,30.85,0.0,6.6,0.6497198938545133,2025-11-03,2,value,mobile,organic,2026-01-30,2,low,88,1,-4.0
U000714,167.262,41.1,0.0,6.6,0.24572228001578364,2025-11-12,1,premium,web,organic,2026-01-29,1,high,79,1,-3.0
U000715,46.275999999999996,93.83,0.0,6.6,2.0276169072521393,2025-12-21,2,value,web,email,2026-01-30,1,low,40,1,-4.0
U000716,0.0,0.0,0.0,6.4,,2025-11-21,1,value,mobile,organic,2025-12-25,1,low,70,0,32.0
U000717,66.346,23.4,0.0,6.6,0.3526964700208,2025-09-11,2,value,web,organic,2026-01-28,3,medium,141,1,-2.0
U000718,84.168,70.41,0.0,6.6,0.8365412033076702,2025-09-05,3,regular,web,paid_social,2026-01-28,3,high,147,1,-2.0
U000719,147.954,80.53,1.0,6.4,0.544290793084337,2025-07-03,2,premium,mobile,search,2026-01-29,5,high,211,1,-3.0
U000720,58.48,14.52,0.0,6.6,0.24829001367989056,2025-10-02,2,value,mobile,organic,2026-01-27,3,medium,120,1,-1.0
U000721,238.954,163.33,0.0,6.6,0.6835206776199604,2025-06-08,2,premium,mobile,paid_social,2026-01-29,7,high,236,1,-3.0
U000722,63.098,6.89,1.0,6.6,0.10919522013376018,2025-12-24,3,value,web,organic,2026-01-29,0,low,37,1,-3.0
U000723,92.494,73.66,0.0,6.6,0.7963759811447229,2025-12-03,2,regular,web,organic,2026-01-29,1,medium,58,1,-3.0
U000724,56.5,41.67,0.0,6.4,0.7375221238938053,2025-06-04,2,value,mobile,organic,2026-01-29,7,medium,240,1,-3.0
U000725,95.352,68.58,0.0,6.4,0.7192298011578152,2025-11-18,1,regular,mobile,search,2026-01-30,2,medium,73,1,-4.0
U000726,114.494,102.77000000000001,0.0,6.4,0.8976016210456444,2025-06-03,1,regular,web,email,2026-01-30,6,high,241,1,-4.0
U000727,105.352,79.52000000000001,0.0,6.2,0.7548029463133117,2025-11-02,2,regular,mobile,search,2026-01-30,2,medium,89,1,-4.0
U000728,0.0,0.0,0.0,6.6,,2025-05-27,3,value,web,paid_social,2025-11-27,6,medium,248,0,60.0
U000729,177.4468524341774,156.54,0.0,6.6,0.8821796377485329,2025-09-04,2,regular,mobile,organic,2026-01-30,3,high,148,1,-4.0
U000730,232.17799999999997,70.12,0.0,6.4,0.3020096649984065,2025-10-17,1,premium,mobile,paid_social,2026-01-29,3,high,105,1,-3.0
U000731,24.686,0.0,0.0,6.6,0.0,2025-11-03,3,regular,mobile,email,2026-01-07,2,low,88,0,19.0
U000732,113.49600000000001,85.37,0.0,6.4,0.7521850990343272,2025-08-18,2,regular,mobile,search,2026-01-30,5,high,165,1,-4.0
U000733,147.006,140.67,0.0,6.6,0.9568997183788416,2025-12-22,3,regular,web,email,2026-01-30,1,medium,39,1,-4.0
U000734,63.510000000000005,48.9,0.0,6.4,0.7699574870099196,2025-11-15,1,value,mobile,paid_social,2026-01-29,2,low,76,1,-3.0
U000735,187.374,140.62,0.0,6.6,0.7504776543170344,2025-06-26,2,premium,web,paid_social,2026-01-30,7,high,218,1,-4.0
U000736,0.0,0.0,0.0,6.6,,2025-10-20,3,value,mobile,organic,2025-12-22,2,low,102,0,35.0
U000737,120.74000000000001,113.02,0.0,6.4,0.9360609574291866,2025-11-04,2,regular,mobile,paid_social,2026-01-30,2,medium,87,1,-4.0
U000738,0.0,0.0,0.0,6.4,,2025-07-27,2,value,web,search,2025-11-29,3,medium,187,0,58.0
U000739,44.568,39.7,0.0,6.4,0.890773649255071,2025-11-06,3,value,web,email,2026-01-30,2,low,85,1,-4.0
U000740,105.59,52.349999999999994,0.0,6.6,0.49578558575622683,2025-12-16,1,regular,web,email,2026-01-29,1,low,45,1,-3.0
U000741,127.25399999999999,129.69,0.0,6.6,1.0191428167287473,2025-11-26,1,regular,web,search,2026-01-29,1,medium,65,1,-3.0
U000742,172.60999999999999,172.61,0.0,6.4,1.0000000000000002,2025-11-12,2,premium,web,email,2026-01-30,1,medium,79,1,-4.0
U000743,0.0,0.0,0.0,6.6,,2025-10-11,2,premium,mobile,referral,2025-11-09,1,low,111,0,78.0
U000744,39.571999999999996,19.71,0.0,6.6,0.4980794501162439,2025-07-11,1,value,web,paid_social,2026-01-29,6,medium,203,1,-3.0
U000745,23.759999999999998,0.0,0.0,6.4,0.0,2025-11-20,2,value,mobile,organic,2026-01-22,1,low,71,1,4.0
U000746,87.486,32.82,0.0,6.6,0.3751457376037309,2025-08-04,3,value,mobile,organic,2026-01-30,5,medium,179,1,-4.0
U000747,36.712,0.0,0.0,6.6,0.0,2025-09-15,2,regular,mobile,organic,2026-01-09,3,high,137,0,17.0
U000748,111.172,185.11,0.0,6.6,1.665077537509445,2025-07-22,2,regular,web,organic,2026-01-30,6,high,192,1,-4.0
U000749,154.926,100.88,0.0,6.6,0.6511495810903271,2025-07-22,3,premium,mobile,email,2026-01-29,5,high,192,1,-3.0
U000750,0.0,0.0,0.0,6.2,,2025-06-13,2,regular,mobile,organic,2025-12-15,5,high,231,0,42.0
U000751,45.346000000000004,33.519999999999996,0.0,6.0,0.7392052220703037,2026-01-01,3,value,mobile,paid_social,2026-01-29,1,low,29,1,-3.0
U000752,111.14799999999998,44.42,0.0,6.6,0.399647317090726,2025-06-11,2,regular,mobile,paid_social,2026-01-30,7,high,233,1,-4.0
U000753,0.0,0.0,0.0,6.6,,2025-05-26,3,regular,mobile,paid_social,2025-08-24,1,low,249,0,155.0
U000754,135.03199999999998,76.58,0.0,6.6,0.5671248296700042,2025-12-25,2,regular,web,organic,2026-01-28,1,low,36,1,-2.0
U000755,63.74400000000001,7.66,0.0,6.6,0.12016817269076305,2025-09-21,1,value,mobile,search,2026-01-27,3,medium,131,1,-1.0
U000756,115.678,108.9,0.0,6.4,0.9414063175366103,2025-08-22,3,regular,web,paid_social,2026-01-29,5,high,161,1,-3.0
U000757,0.0,0.0,0.0,6.6,,2025-11-06,2,regular,mobile,search,2025-12-10,1,low,85,0,47.0
U000758,41.226,63.17,0.0,6.6,1.5322854509290253,2025-08-09,1,value,web,organic,2026-01-27,5,medium,174,1,-1.0
U000759,280.95210875520604,146.26,0.0,6.6,0.5205869450420695,2025-06-06,1,regular,web,paid_social,2026-01-30,7,high,238,1,-4.0
U000760,0.0,0.0,0.0,6.4,,2025-11-04,2,value,web,organic,2025-12-01,0,low,87,0,56.0
U000761,105.63,160.28,0.0,6.4,1.5173719587238474,2025-06-18,1,regular,web,paid_social,2026-01-29,6,high,226,1,-3.0
U000762,137.078,149.09,0.0,6.6,1.0876289411867697,2025-09-20,2,regular,mobile,search,2026-01-30,3,high,132,1,-4.0
U000763,182.862,168.11,0.0,6.4,0.9193271428727675,2025-12-29,1,premium,web,organic,2026-01-30,1,low,32,1,-4.0
U000764,60.04600000000001,17.65,0.0,6.4,0.2939413116610598,2025-12-25,2,value,mobile,referral,2026-01-29,1,low,36,1,-3.0
U000765,50.791999999999994,70.16,0.0,6.6,1.3813198928965191,2025-08-03,2,value,web,organic,2026-01-30,5,medium,180,1,-4.0
U000766,70.94800000000001,108.53,0.0,6.6,1.5297119016744656,2025-11-16,2,value,mobile,email,2026-01-30,2,low,75,1,-4.0
U000767,0.0,0.0,0.0,6.4,,2025-10-05,2,regular,web,referral,2025-12-05,2,medium,117,0,52.0
U000768,45.216,59.47,0.0,6.6,1.3152423920736023,2025-09-02,1,value,web,search,2026-01-30,4,medium,150,1,-4.0
U000769,87.854,14.93,0.0,6.6,0.16994103854121612,2025-06-09,2,regular,web,organic,2026-01-28,6,high,235,1,-2.0
U000770,42.864,16.48,0.0,6.6,0.3844718178424786,2025-08-07,2,value,mobile,organic,2026-01-26,5,medium,176,1,0.0
U000771,40.784000000000006,0.0,0.0,6.6,0.0,2025-10-15,2,value,mobile,email,2026-01-24,2,low,107,1,2.0
U000772,91.795,32.38,1.0,6.0,0.35274252410261997,2026-01-07,1,regular,mobile,paid_social,2026-01-30,0,low,23,1,-4.0
U000773,106.71799999999999,129.75,0.0,6.6,1.2158211360782625,2025-05-06,1,regular,web,organic,2026-01-30,7,high,269,1,-4.0
U000774,215.898,90.61,0.0,6.6,0.4196889271785751,2025-11-01,1,premium,web,search,2026-01-30,2,high,90,1,-4.0
U000775,86.66799999999999,74.69999999999999,0.0,6.6,0.8619098167720496,2025-12-03,2,regular,web,organic,2026-01-30,1,low,58,1,-4.0
U000776,114.752,36.99,1.0,6.4,0.3223473229224763,2025-12-29,2,regular,web,search,2026-01-29,0,low,32,1,-3.0
U000777,151.33999999999997,291.53,0.0,6.6,1.9263248315052202,2025-08-19,3,regular,mobile,search,2026-01-30,5,high,164,1,-4.0
U000778,85.934,65.38,0.0,6.6,0.7608164405241231,2025-06-03,2,regular,web,organic,2026-01-30,7,high,241,1,-4.0
U000779,0.0,0.0,0.0,6.4,,2025-07-12,2,value,mobile,referral,2025-09-03,1,low,202,0,145.0
U000780,126.17999999999999,30.05,0.0,6.4,0.2381518465683944,2025-12-04,2,regular,mobile,organic,2026-01-28,1,low,57,1,-2.0
U000781,98.69800000000001,99.37,0.0,6.6,1.0068086486048349,2025-12-11,1,regular,web,search,2026-01-30,1,low,50,1,-4.0
U000782,0.0,0.0,0.0,6.6,,2025-10-11,2,value,web,paid_social,2025-11-30,2,low,111,0,57.0
U000783,146.558,213.32999999999998,0.0,6.6,1.4556011954311603,2025-06-04,2,regular,web,email,2026-01-30,7,high,240,1,-4.0
U000784,0.0,0.0,0.0,6.6,,2025-06-04,2,regular,web,search,2025-08-31,3,low,240,0,148.0
U000785,121.31200000000001,66.27,0.0,6.4,0.5462773674492217,2025-09-02,1,regular,web,email,2026-01-30,5,high,150,1,-4.0
U000786,33.808,49.93,0.0,6.6,1.4768693800283956,2025-09-29,3,value,mobile,search,2026-01-29,4,low,123,1,-3.0
U000787,126.202,35.209999999999994,0.0,6.4,0.27899716327791946,2025-05-13,3,regular,web,referral,2026-01-29,8,high,262,1,-3.0
U000788,123.68400000000001,148.11,0.0,6.6,1.1974871446589697,2025-10-24,1,premium,mobile,organic,2026-01-30,3,high,98,1,-4.0
U000789,0.0,0.0,0.0,6.4,,2025-09-18,2,value,mobile,paid_social,2025-11-22,1,low,134,0,65.0
U000790,0.0,0.0,0.0,6.6,,2025-05-08,3,value,mobile,organic,2025-10-02,5,low,267,0,116.0
U000791,64.316,93.95,0.0,6.6,1.4607562659369364,2025-05-29,2,value,mobile,email,2026-01-30,8,medium,246,1,-4.0
U000792,69.434,11.62,0.0,6.6,0.16735316991675547,2025-08-27,3,value,web,email,2026-01-30,5,medium,156,1,-4.0
U000793,166.084,163.14000000000001,0.0,6.6,0.9822740300089112,2025-11-02,2,premium,web,search,2026-01-30,2,high,89,1,-4.0
U000794,115.47999999999999,101.95,0.0,6.4,0.8828368548666436,2025-11-28,3,regular,web,search,2026-01-30,1,medium,63,1,-4.0
U000795,0.0,0.0,0.0,6.6,,2025-08-21,3,value,mobile,paid_social,2025-10-23,1,low,162,0,95.0
U000796,59.838,57.83,0.0,6.6,0.9664427287008255,2025-07-18,1,value,mobile,organic,2026-01-30,6,medium,196,1,-4.0
U000797,208.902,195.49,0.0,5.6,0.9357976467434492,2026-01-03,2,premium,web,paid_social,2026-01-30,1,medium,27,1,-4.0
U000798,0.0,0.0,0.0,6.6,,2025-08-28,2,value,web,paid_social,2025-10-22,2,low,155,0,96.0
U000799,95.80799999999999,83.28,0.0,6.4,0.8692384769539079,2025-07-23,1,regular,web,search,2026-01-30,6,high,191,1,-4.0
U000800,44.834,0.0,0.0,6.6,0.0,2025-08-24,2,value,web,organic,2026-01-25,5,medium,159,1,1.0
U000801,0.0,0.0,0.0,6.6,,2025-05-08,3,value,mobile,email,2025-07-05,2,low,267,0,205.0
U000802,96.07,78.94999999999999,0.0,6.4,0.8217966066409909,2025-07-19,1,regular,web,organic,2026-01-28,6,high,195,1,-2.0
U000803,5.7299999999999995,0.0,0.0,6.6,0.0,2025-09-11,2,value,web,paid_social,2026-01-02,4,low,141,0,24.0
U000804,127.85999999999999,0.0,0.0,6.4,0.0,2025-12-21,3,regular,web,organic,2026-01-24,1,low,40,1,2.0
U000805,25.008,51.15,0.0,6.4,2.045345489443378,2025-11-06,2,value,web,organic,2026-01-29,2,low,85,1,-3.0
U000806,68.684,0.0,0.0,6.6,0.0,2025-11-17,2,regular,web,organic,2026-01-16,1,low,74,0,10.0
U000807,109.024,14.99,0.0,6.2,0.13749266216612857,2025-09-18,3,regular,mobile,search,2026-01-26,3,medium,134,1,0.0
U000808,111.846,62.4,0.0,6.6,0.5579099833699909,2025-06-01,2,regular,web,paid_social,2026-01-27,7,high,243,1,-1.0
U000809,0.0,0.0,0.0,6.6,,2025-08-11,1,value,mobile,search,2025-12-09,3,low,172,0,48.0
U000810,85.44,36.34,0.0,5.25,0.42532771535580527,2026-01-10,1,regular,web,paid_social,2026-01-30,1,low,20,1,-4.0
U000811,152.842,81.1,0.0,6.4,0.5306133130945682,2025-05-16,3,premium,web,paid_social,2026-01-27,7,high,259,1,-1.0
U000812,37.059999999999995,17.2,0.0,6.4,0.46411225040474907,2025-12-11,2,value,web,organic,2026-01-30,1,low,50,1,-4.0
U000813,53.338,15.48,0.0,6.6,0.29022460534703215,2025-10-23,2,value,web,organic,2026-01-26,3,low,99,1,0.0
U000814,118.43999999999998,62.769999999999996,0.0,6.4,0.5299729821006417,2025-07-15,1,regular,web,paid_social,2026-01-28,6,high,199,1,-2.0
U000815,35.39,62.17,0.0,6.2,1.7567109352924555,2025-11-16,2,value,nan,paid_social,2026-01-30,2,low,75,1,-4.0
U000816,98.30799999999999,0.0,0.0,6.4,0.0,2025-12-01,3,regular,mobile,search,2026-01-25,1,low,60,1,1.0
U000817,100.348,39.3,0.0,6.4,0.39163710288197073,2025-05-15,2,regular,mobile,organic,2026-01-30,8,high,260,1,-4.0
U000818,59.782000000000004,18.59,0.0,6.6,0.3109631661704192,2025-05-31,3,value,mobile,referral,2026-01-30,6,medium,244,1,-4.0
U000819,86.166,49.620000000000005,0.0,6.6,0.5758651904463479,2025-10-19,2,regular,web,organic,2026-01-27,3,medium,103,1,-1.0
U000820,64.825,79.12,0.0,5.0,1.2205167759352102,2026-01-10,2,regular,mobile,paid_social,2026-01-30,1,low,20,1,-4.0
U000821,37.483999999999995,85.35,0.0,6.2,2.2769715078433466,2025-05-11,3,value,mobile,organic,2026-01-30,8,medium,264,1,-4.0
U000822,157.08598788919562,223.19,0.0,6.6,1.4208141859058265,2025-10-19,2,premium,web,paid_social,2026-01-30,3,high,103,1,-4.0
U000823,54.838,57.02,0.0,6.6,1.039789926693169,2025-06-08,2,value,web,search,2026-01-30,7,medium,236,1,-4.0
U000824,55.334,25.25,0.0,6.4,0.4563198033758629,2025-10-15,3,value,web,paid_social,2026-01-26,3,low,107,1,0.0
U000825,109.144,100.34,0.0,6.6,0.9193359231840504,2025-10-08,2,regular,mobile,organic,2026-01-29,2,medium,114,1,-3.0
U000826,70.98,39.67,0.0,6.4,0.5588898281205974,2025-05-27,2,value,web,search,2026-01-30,7,medium,248,1,-4.0
U000827,101.338,124.94999999999999,0.0,6.6,1.2330024275197853,2025-10-22,3,regular,web,organic,2026-01-30,3,medium,100,1,-4.0
U000828,54.694,81.39,0.0,6.4,1.4880974147072805,2025-12-16,1,value,mobile,paid_social,2026-01-29,1,low,45,1,-3.0
U000829,77.65,111.78,0.0,6.2,1.4395363811976818,2025-12-07,2,regular,web,organic,2026-01-29,1,low,54,1,-3.0
U000830,60.760000000000005,30.049999999999997,0.0,6.6,0.4945687952600394,2025-05-12,1,value,mobile,organic,2026-01-30,8,medium,263,1,-4.0
U000831,110.744,74.3,0.0,6.6,0.6709167088058946,2025-07-05,2,regular,mobile,paid_social,2026-01-30,5,high,209,1,-4.0
U000832,130.07999999999998,134.94,0.0,6.6,1.0373616236162362,2025-07-04,1,regular,mobile,organic,2026-01-30,6,high,210,1,-4.0
U000833,89.75,57.9,0.0,6.6,0.645125348189415,2025-08-26,2,regular,mobile,organic,2026-01-30,5,high,157,1,-4.0
U000834,277.656,142.28,0.0,6.6,0.5124326504739678,2025-06-09,1,premium,web,referral,2026-01-30,7,high,235,1,-4.0
U000835,117.55,198.82999999999998,0.0,6.6,1.6914504466184601,2025-12-05,2,regular,mobile,referral,2026-01-30,1,low,56,1,-4.0
U000836,109.08400000000002,0.0,0.0,6.4,0.0,2025-11-15,2,regular,mobile,referral,2026-01-23,2,medium,76,1,3.0
U000837,112.346,67.22,0.0,6.4,0.5983301586171292,2025-11-23,2,regular,mobile,organic,2026-01-28,2,medium,68,1,-2.0
U000838,207.46999999999997,168.36,0.0,6.6,0.8114908179495832,2025-06-23,2,premium,web,search,2026-01-30,7,high,221,1,-4.0
U000839,0.0,0.0,0.0,6.6,,2025-05-08,2,regular,web,paid_social,2025-12-09,6,high,267,0,48.0
U000840,190.58200000000002,71.37,0.0,6.2,0.3744844738747625,2025-12-19,2,premium,web,organic,2026-01-28,1,medium,42,1,-2.0
U000841,61.968,50.61,0.0,6.6,0.816711851278079,2025-07-16,2,value,web,paid_social,2026-01-29,6,medium,198,1,-3.0
U000842,0.0,0.0,0.0,6.4,,2025-10-16,3,regular,mobile,organic,2025-11-14,1,low,106,0,73.0
U000843,69.70599999999999,0.0,0.0,6.6,0.0,2025-12-19,2,regular,mobile,email,2026-01-21,0,low,42,1,5.0
U000844,79.482,26.639999999999997,0.0,6.6,0.3351702272212576,2025-05-14,1,value,mobile,paid_social,2026-01-28,8,medium,261,1,-2.0
U000845,31.124000000000002,34.73,0.0,6.4,1.1158591440688856,2025-05-06,3,value,mobile,search,2026-01-29,8,medium,269,1,-3.0
U000846,125.69800000000001,108.24000000000001,0.0,6.6,0.861111553087559,2025-05-06,2,premium,web,search,2026-01-30,8,high,269,1,-4.0
U000847,117.098,148.78,0.0,6.2,1.27055970212984,2025-06-13,1,regular,web,organic,2026-01-30,7,high,231,1,-4.0
U000848,0.0,0.0,0.0,6.6,,2025-05-17,2,value,web,search,2025-12-11,7,medium,258,0,46.0
U000849,67.036,32.97,0.0,6.2,0.49182528790500624,2025-11-26,1,value,web,paid_social,2026-01-29,2,low,65,1,-3.0
U000850,0.0,0.0,0.0,6.6,,2025-10-04,1,regular,web,search,2025-11-06,1,low,118,0,81.0
U000851,98.3775,124.17,0.0,6.5,1.262178851871617,2026-01-05,2,regular,web,search,2026-01-30,1,low,25,1,-4.0
U000852,145.88799999999998,93.32,0.0,6.6,0.6396687870146962,2025-11-22,1,premium,web,organic,2026-01-27,2,high,69,1,-1.0
U000853,172.53400000000002,0.0,0.0,5.8,0.0,2026-01-01,3,premium,mobile,paid_social,2026-01-24,1,low,29,1,2.0
U000854,104.15,114.75,0.0,6.6,1.1017762842054728,2025-07-03,3,regular,web,search,2026-01-30,6,high,211,1,-4.0
U000855,0.0,0.0,0.0,6.6,,2025-07-16,2,regular,web,organic,2025-12-12,4,high,198,0,45.0
U000856,50.67800000000001,40.17,0.0,6.6,0.792651643711275,2025-12-04,2,value,web,email,2026-01-29,1,low,57,1,-3.0
U000857,167.238,208.92000000000002,0.0,6.6,1.2492376134610557,2025-07-05,2,premium,mobile,search,2026-01-30,5,high,209,1,-4.0
U000858,55.13199999999999,0.0,0.0,6.6,0.0,2025-05-19,3,value,mobile,search,2026-01-24,7,medium,256,1,2.0
U000859,44.1,24.91,0.0,6.6,0.5648526077097505,2025-10-19,2,value,web,email,2026-01-28,3,low,103,1,-2.0
U000860,222.044,157.69,0.0,6.4,0.7101745599971176,2025-11-22,1,premium,web,search,2026-01-30,2,high,69,1,-4.0
U000861,154.462,118.25,1.0,5.6,0.7655604614727247,2026-01-03,2,premium,mobile,email,2026-01-30,1,low,27,1,-4.0
U000862,36.528000000000006,36.400000000000006,0.0,6.6,0.9964958388085852,2025-12-23,2,value,mobile,paid_social,2026-01-30,1,low,38,1,-4.0
U000863,2.586,0.0,0.0,6.6,0.0,2025-06-04,1,regular,mobile,paid_social,2025-12-30,7,high,240,0,27.0
U000864,128.174,103.12,0.0,6.4,0.8045313402094029,2025-11-14,2,regular,web,organic,2026-01-29,2,medium,77,1,-3.0
U000865,9.936,0.0,0.0,6.6,0.0,2025-12-03,1,value,mobile,organic,2026-01-02,1,low,58,0,24.0
U000866,0.0,0.0,0.0,6.6,,2025-10-27,3,value,mobile,search,2025-11-27,1,low,95,0,60.0
U000867,45.428000000000004,22.91,0.0,6.6,0.5043145196794928,2025-11-26,2,value,web,organic,2026-01-26,2,low,65,1,0.0
U000868,76.936,0.0,0.0,6.6,0.0,2025-12-01,1,regular,mobile,organic,2026-01-24,1,low,60,1,2.0
U000869,0.0,0.0,0.0,6.6,,2025-08-25,1,regular,web,paid_social,2025-12-17,3,medium,158,0,40.0
U000870,86.89399999999999,105.32,0.0,6.6,1.2120514650033374,2025-05-15,1,regular,mobile,paid_social,2026-01-29,8,high,260,1,-3.0
U000871,85.8,68.92,0.0,6.6,0.8032634032634033,2025-08-27,2,value,web,organic,2026-01-30,4,medium,156,1,-4.0
U000872,193.368,97.38,0.0,6.6,0.5035993545984858,2025-06-24,1,premium,web,paid_social,2026-01-30,6,high,220,1,-4.0
U000873,109.31800000000001,124.27000000000001,0.0,6.6,1.1367752794599242,2025-06-02,2,regular,mobile,email,2026-01-29,8,high,242,1,-3.0
U000874,129.38,99.18,0.0,6.6,0.7665790694079456,2025-06-05,1,premium,mobile,paid_social,2026-01-30,6,high,239,1,-4.0
U000875,68.526,0.0,0.0,6.4,0.0,2025-10-27,2,value,web,referral,2026-01-25,3,low,95,1,1.0
U000876,90.3,56.269999999999996,0.0,6.4,0.6231450719822813,2025-09-08,2,regular,mobile,paid_social,2026-01-28,4,high,144,1,-2.0
U000877,113.348,104.77000000000001,0.0,6.4,0.9243215583865618,2025-09-17,2,regular,web,organic,2026-01-30,4,medium,135,1,-4.0
U000878,0.0,0.0,0.0,6.6,,2025-11-08,2,value,web,search,2025-12-20,1,low,83,0,37.0
U000879,51.739999999999995,23.939999999999998,0.0,6.6,0.4626981059141863,2025-09-19,1,value,mobile,email,2026-01-30,4,medium,133,1,-4.0
U000880,23.942,33.3,0.0,6.6,1.3908612480160387,2025-10-10,1,value,web,paid_social,2026-01-27,2,low,112,1,-1.0
U000881,37.07,33.21,0.0,6.6,0.8958726733207446,2025-05-26,1,value,web,referral,2026-01-29,8,medium,249,1,-3.0
U000882,88.316,29.810000000000002,0.0,6.4,0.3375379319715567,2025-12-04,3,regular,nan,email,2026-01-27,1,low,57,1,-1.0
U000883,0.0,0.0,0.0,6.6,,2025-08-25,3,value,web,organic,2025-10-31,1,low,158,0,87.0
U000884,43.338,43.620000000000005,0.0,6.6,1.0065069915547558,2025-06-12,3,value,web,organic,2026-01-30,7,medium,232,1,-4.0
U000885,124.002,132.37,0.0,6.6,1.0674827825357656,2025-11-25,2,regular,web,paid_social,2026-01-30,2,medium,66,1,-4.0
U000886,58.967999999999996,35.57,0.0,6.6,0.6032085198751865,2025-11-05,2,value,mobile,organic,2026-01-28,2,low,86,1,-2.0
U000887,45.796,32.28,0.0,6.6,0.7048650537164818,2025-05-18,2,value,web,search,2026-01-27,8,medium,257,1,-1.0
U000888,119.828,104.35,0.0,6.2,0.8708315251861,2025-06-22,3,regular,web,referral,2026-01-28,7,high,222,1,-2.0
U000889,0.0,0.0,0.0,6.4,,2025-05-08,3,value,mobile,paid_social,,0,low,267,0,
U000890,20.706,0.0,0.0,6.4,0.0,2025-07-11,3,value,web,organic,2026-01-04,6,medium,203,0,22.0
U000891,46.086,91.24,1.0,6.6,1.9797769387666535,2025-05-30,3,value,web,paid_social,2026-01-30,8,medium,245,1,-4.0
U000892,35.995999999999995,46.839999999999996,0.0,6.6,1.301255695077231,2025-10-30,2,value,mobile,organic,2026-01-30,2,low,92,1,-4.0
U000893,83.354,20.67,0.0,6.4,0.24797850133166977,2025-09-13,3,regular,mobile,referral,2026-01-29,4,high,139,1,-3.0
U000894,69.97,18.08,1.0,6.25,0.2583964556238388,2026-01-06,3,value,web,organic,2026-01-27,0,low,24,1,-1.0
U000895,60.541999999999994,39.879999999999995,0.0,6.6,0.6587162630900862,2025-11-09,2,value,mobile,referral,2026-01-30,2,low,82,1,-4.0
U000896,177.55,54.769999999999996,0.0,6.6,0.30847648549704304,2025-10-05,3,premium,mobile,search,2026-01-30,3,high,117,1,-4.0
U000897,169.092,104.25,0.0,6.4,0.6165282804627067,2025-09-09,1,premium,web,search,2026-01-28,4,high,143,1,-2.0
U000898,76.582,61.47,0.0,6.6,0.8026690344989684,2025-05-18,3,value,mobile,search,2026-01-30,8,medium,257,1,-4.0
U000899,73.852,25.020000000000003,0.0,6.6,0.33878567946704224,2025-05-22,3,value,mobile,organic,2026-01-29,7,medium,253,1,-3.0
U000900,106.662,82.35,0.0,6.6,0.7720650278449681,2025-10-06,1,regular,mobile,search,2026-01-30,3,medium,116,1,-4.0
U000901,67.84200000000001,0.0,0.0,6.6,0.0,2025-05-06,2,regular,mobile,referral,2026-01-22,8,high,269,1,4.0
U000902,111.122,29.7,0.0,6.6,0.26727380716689764,2025-05-15,1,regular,mobile,referral,2026-01-30,7,high,260,1,-4.0
U000903,47.698,18.52,0.0,6.6,0.3882762379974003,2025-06-29,3,value,mobile,organic,2026-01-30,7,medium,215,1,-4.0
U000904,27.919999999999998,11.07,0.0,6.6,0.3964899713467049,2025-12-12,3,value,mobile,paid_social,2026-01-30,1,low,49,1,-4.0
U000905,136.994,104.4,0.0,6.4,0.762077171262975,2025-08-28,2,regular,mobile,referral,2026-01-30,5,high,155,1,-4.0
U000906,168.652,91.87,0.0,6.4,0.5447311623935679,2025-10-30,3,premium,mobile,referral,2026-01-28,2,high,92,1,-2.0
U000907,235.82199999999997,108.19,0.0,6.6,0.4587782310386648,2025-08-16,1,premium,mobile,search,2026-01-30,5,high,167,1,-4.0
U000908,0.0,0.0,0.0,6.4,,2025-06-17,2,value,mobile,organic,2025-11-10,5,medium,227,0,77.0
U000909,105.88799999999999,99.34,0.0,6.6,0.9381610758537323,2025-08-06,2,regular,web,email,2026-01-30,5,high,177,1,-4.0
U000910,56.802,75.6,0.0,6.6,1.3309390514418507,2025-05-28,1,value,web,search,2026-01-29,8,medium,247,1,-3.0
U000911,104.35800000000002,81.59,0.0,6.4,0.7818279384426684,2025-11-14,2,regular,mobile,search,2026-01-30,2,medium,77,1,-4.0
U000912,149.74,16.77,0.0,6.6,0.11199412314678775,2025-06-20,2,premium,web,paid_social,2026-01-28,7,high,224,1,-2.0
U000913,88.27799999999999,81.63,0.0,6.6,0.9246924488547543,2025-08-07,2,regular,mobile,organic,2026-01-30,5,high,176,1,-4.0
U000914,82.1825,47.35,0.0,6.25,0.5761567243634593,2026-01-05,2,value,mobile,referral,2026-01-30,1,low,25,1,-4.0
U000915,127.928,257.82,0.0,6.6,2.015352385716966,2025-09-30,3,regular,mobile,organic,2026-01-30,3,medium,122,1,-4.0
U000916,114.41,62.07,0.0,6.6,0.5425225067738835,2025-08-28,2,regular,web,paid_social,2026-01-30,3,high,155,1,-4.0
U000917,115.27000000000001,81.28,0.0,6.4,0.7051270929122928,2025-09-18,3,regular,mobile,email,2026-01-29,4,high,134,1,-3.0
U000918,45.382,29.79,0.0,6.4,0.6564276585430346,2025-11-17,2,value,web,email,2026-01-29,2,low,74,1,-3.0
U000919,189.948,108.33,0.0,6.6,0.5703139806683934,2025-07-07,2,premium,web,email,2026-01-30,6,high,207,1,-4.0
U000920,37.775999999999996,0.0,0.0,6.6,0.0,2025-10-11,2,value,web,referral,2026-01-25,3,medium,111,1,1.0
U000921,53.476,38.41,0.0,6.6,0.7182661380806342,2025-12-10,2,value,web,organic,2026-01-30,1,low,51,1,-4.0
U000922,43.3,88.23,0.0,6.6,2.037644341801386,2025-09-25,2,value,web,email,2026-01-28,4,low,127,1,-2.0
U000923,52.062,0.0,0.0,6.6,0.0,2025-08-25,2,value,mobile,email,2026-01-24,4,medium,158,1,2.0
U000924,39.872,21.97,0.0,6.6,0.5510132423756019,2025-06-10,1,value,mobile,search,2026-01-26,7,medium,234,1,0.0
U000925,81.548,35.18,0.0,6.4,0.431402364251729,2025-07-06,2,regular,web,search,2026-01-29,6,high,208,1,-3.0
U000926,39.758,18.68,0.0,6.6,0.4698425474118416,2025-12-28,2,value,web,organic,2026-01-30,1,low,33,1,-4.0
U000927,65.534,25.01,0.0,6.4,0.38163396099734487,2025-09-17,2,value,web,paid_social,2026-01-26,4,medium,135,1,0.0
U000928,76.27000000000001,19.6,0.0,6.4,0.2569817752720598,2025-07-19,3,value,mobile,paid_social,2026-01-29,6,medium,195,1,-3.0
U000929,73.256,71.23,0.0,6.6,0.9723435623020641,2025-08-18,2,value,mobile,search,2026-01-29,5,medium,165,1,-3.0
U000930,249.206,124.02,0.0,6.6,0.49766056997022545,2025-09-27,3,premium,web,search,2026-01-30,4,high,125,1,-4.0
U000931,107.314,0.0,0.0,6.6,0.0,2025-09-16,3,premium,web,search,2026-01-08,4,high,136,0,18.0
U000932,51.08,77.63,0.0,6.6,1.5197729052466717,2025-10-27,3,value,web,organic,2026-01-29,3,low,95,1,-3.0
U000933,140.332,72.5,0.0,6.4,0.5166319870022519,2025-07-08,3,regular,mobile,email,2026-01-30,5,high,206,1,-4.0
U000934,108.072,65.92,0.0,6.6,0.6099637278851137,2025-10-14,1,regular,web,organic,2026-01-29,3,medium,108,1,-3.0
U000935,232.112,87.44,0.0,6.6,0.37671468946026054,2025-08-24,2,premium,web,organic,2026-01-30,5,high,159,1,-4.0
U000936,46.80200000000001,28.21,0.0,6.6,0.602752019144481,2025-12-27,1,value,web,organic,2026-01-30,1,low,34,1,-4.0
U000937,52.645999999999994,15.72,0.0,6.2,0.29859818409755734,2025-06-13,3,value,web,referral,2026-01-28,7,medium,231,1,-2.0
U000938,121.676,93.42999999999999,0.0,6.2,0.7678589039744895,2025-06-11,2,regular,web,referral,2026-01-30,7,high,233,1,-4.0
U000939,156.978,144.31,0.0,6.6,0.9193007937417982,2025-08-28,2,premium,web,organic,2026-01-30,4,high,155,1,-4.0
U000940,118.798,63.91,0.0,6.6,0.5379720197309719,2025-09-09,3,regular,mobile,organic,2026-01-30,4,high,143,1,-4.0
U000941,88.518,87.75,0.0,6.6,0.9913237985494475,2025-10-25,1,regular,web,search,2026-01-30,3,medium,97,1,-4.0
U000942,21.93,0.0,0.0,6.4,0.0,2025-08-14,2,value,web,organic,2026-01-25,5,medium,169,1,1.0
U000943,84.054,161.27,0.0,6.6,1.9186475361077404,2025-12-20,2,regular,mobile,paid_social,2026-01-30,1,low,41,1,-4.0
U000944,213.22600000000003,217.97,0.0,6.6,1.0222486938741053,2025-09-01,1,premium,web,organic,2026-01-30,4,high,151,1,-4.0
U000945,149.554,195.53,0.0,6.6,1.3074207309734276,2025-06-06,2,regular,mobile,search,2026-01-30,7,high,238,1,-4.0
U000946,89.612,50.51,1.0,6.4,0.5636521894389145,2025-06-03,3,regular,mobile,search,2026-01-30,7,high,241,1,-4.0
U000947,70.584,74.59,0.0,5.2,1.0567550719709848,2026-01-04,1,regular,web,search,2026-01-29,1,low,26,1,-3.0
U000948,157.63400000000001,129.64,0.0,6.6,0.8224114087062434,2025-06-07,2,regular,mobile,search,2026-01-30,7,high,237,1,-4.0
U000949,119.28800000000001,26.25,0.0,6.6,0.22005566360405068,2025-12-28,2,regular,mobile,organic,2026-01-28,1,low,33,1,-2.0
U000950,118.348,51.97,0.0,6.6,0.43912867137594214,2025-07-13,2,regular,mobile,organic,2026-01-28,6,high,201,1,-2.0
U000951,185.35,192.85,0.0,6.6,1.0404639870515242,2025-05-28,1,premium,web,organic,2026-01-30,7,high,247,1,-4.0
U000952,122.024,103.12,0.0,6.4,0.8450796564610241,2025-07-20,3,regular,web,organic,2026-01-30,6,high,194,1,-4.0
U000953,34.989999999999995,59.22,0.0,6.6,1.6924835667333527,2025-10-06,3,value,web,email,2026-01-30,3,low,116,1,-4.0
U000954,0.0,0.0,0.0,6.6,,2025-08-20,1,value,mobile,organic,2025-11-25,3,low,163,0,62.0
U000955,44.91,0.0,0.0,6.6,0.0,2025-11-18,2,value,mobile,organic,2026-01-22,2,low,73,1,4.0
U000956,55.955999999999996,70.07,0.0,6.2,1.2522338980627636,2025-10-05,2,value,web,organic,2026-01-30,3,medium,117,1,-4.0
U000957,72.80199999999999,21.71,0.0,6.6,0.2982060932391968,2025-08-13,2,value,web,paid_social,2026-01-26,5,medium,170,1,0.0
U000958,147.568,81.55,0.0,6.2,0.5526265857096389,2025-10-11,2,regular,web,email,2026-01-30,3,high,111,1,-4.0
U000959,50.998,55.25,0.0,5.6,1.0833758186595552,2026-01-03,1,value,web,referral,2026-01-30,1,low,27,1,-4.0
U000960,14.044,0.0,0.0,6.6,0.0,2025-08-16,1,value,mobile,paid_social,2026-01-05,4,medium,167,0,21.0
U000961,110.174,72.14,0.0,6.6,0.654782435057273,2025-06-12,3,regular,web,referral,2026-01-30,6,high,232,1,-4.0
U000962,60.758,20.69,0.0,6.6,0.3405312880608315,2025-08-15,2,value,mobile,search,2026-01-30,5,medium,168,1,-4.0
U000963,94.05,0.0,0.0,6.4,0.0,2025-12-01,3,regular,mobile,referral,2026-01-25,1,medium,60,1,1.0
U000964,202.988,189.71,0.0,6.4,0.9345872662423395,2025-06-28,2,premium,mobile,referral,2026-01-30,7,high,216,1,-4.0
U000965,110.976,197.18,0.0,6.4,1.7767805651672435,2025-12-29,3,regular,mobile,organic,2026-01-30,1,low,32,1,-4.0
U000966,32.01,21.669999999999998,0.0,6.6,0.6769759450171822,2025-09-29,1,value,web,search,2026-01-29,4,low,123,1,-3.0
U000967,63.92,122.38,0.0,6.6,1.9145807259073842,2025-10-02,1,value,mobile,organic,2026-01-30,3,medium,120,1,-4.0
U000968,158.658,143.87,0.0,6.6,0.9067932282015405,2025-07-23,3,regular,mobile,organic,2026-01-29,5,high,191,1,-3.0
U000969,107.444,0.0,0.0,6.6,0.0,2025-12-22,3,regular,web,referral,2026-01-25,1,low,39,1,1.0
U000970,0.0,0.0,0.0,6.6,,2025-05-14,2,value,web,organic,2025-11-11,6,low,261,0,76.0
U000971,147.38600000000002,164.56,0.0,6.4,1.1165239574993553,2025-07-18,2,regular,web,paid_social,2026-01-30,5,high,196,1,-4.0
U000972,124.546,164.32999999999998,0.0,6.4,1.3194321776692948,2025-08-18,2,regular,web,email,2026-01-30,5,high,165,1,-4.0
U000973,0.0,0.0,0.0,6.6,,2025-09-01,2,value,web,search,2025-12-02,3,low,151,0,55.0
U000974,123.582,101.67,0.0,6.6,0.8226926251395835,2025-09-01,1,regular,web,search,2026-01-30,4,high,151,1,-4.0
U000975,92.36786980571932,37.64,0.0,6.4,0.4075010074300682,2025-06-11,3,value,mobile,paid_social,2026-01-29,7,medium,233,1,-3.0
U000976,0.0,0.0,0.0,6.6,,2025-06-30,2,value,web,referral,2025-08-17,2,low,214,0,162.0
U000977,120.998,101.28999999999999,0.0,6.6,0.8371212747318136,2025-05-28,2,regular,web,organic,2026-01-28,8,high,247,1,-2.0
U000978,0.0,0.0,0.0,6.4,,2025-09-25,1,value,web,organic,2025-10-27,0,low,127,0,91.0
U000979,126.064,135.18,0.0,6.6,1.072312476202564,2025-08-01,1,regular,web,paid_social,2026-01-29,5,high,182,1,-3.0
U000980,87.15,26.28,0.0,6.6,0.3015490533562823,2025-09-24,2,regular,mobile,email,2026-01-29,3,medium,128,1,-3.0
U000981,54.370000000000005,22.229999999999997,0.0,6.6,0.40886518300533375,2025-09-30,2,value,web,organic,2026-01-29,4,low,122,1,-3.0
U000982,164.904,100.13,0.0,6.6,0.6072017658759036,2025-10-28,2,premium,web,search,2026-01-30,2,high,94,1,-4.0
U000983,48.166,70.25,0.0,6.6,1.4584976954698337,2025-09-19,1,value,web,email,2026-01-29,4,low,133,1,-3.0
U000984,73.16,82.17,0.0,6.6,1.1231547293603064,2025-10-14,3,value,web,organic,2026-01-30,3,low,108,1,-4.0
U000985,160.452,87.78,0.0,6.4,0.547079500411338,2025-09-29,2,premium,mobile,organic,2026-01-29,3,high,123,1,-3.0
U000986,0.0,0.0,0.0,6.4,,2025-10-15,3,regular,mobile,paid_social,2025-12-18,1,medium,107,0,39.0
U000987,127.54400000000001,76.77,0.0,6.6,0.6019099291224989,2025-10-06,1,regular,web,organic,2026-01-29,3,high,116,1,-3.0
U000988,0.0,0.0,0.0,6.6,,2025-07-23,2,value,mobile,organic,2025-12-22,5,medium,191,0,35.0
U000989,51.23,12.91,0.0,6.6,0.25200078079250443,2025-07-05,2,value,web,paid_social,2026-01-29,6,medium,209,1,-3.0
U000990,31.016000000000002,0.0,0.0,6.6,0.0,2025-11-18,2,regular,mobile,paid_social,2026-01-21,2,low,73,1,5.0
U000991,45.87,16.24,0.0,6.6,0.35404403749727487,2025-07-30,2,value,mobile,search,2026-01-26,5,medium,184,1,0.0
U000992,23.094,0.0,0.0,6.6,0.0,2025-09-19,1,value,web,search,2026-01-15,4,low,133,1,11.0
U000993,144.126,21.59,0.0,6.6,0.14979948100967208,2025-06-23,2,regular,mobile,search,2026-01-26,7,high,221,1,0.0
U000994,0.0,0.0,0.0,6.6,,2025-08-21,2,value,mobile,paid_social,2025-09-22,1,low,162,0,126.0
U000995,0.0,0.0,0.0,6.6,,2025-09-14,2,value,web,referral,2025-11-13,2,low,138,0,74.0
U000996,37.854,6.16,0.0,6.4,0.16273049083320126,2025-10-09,1,value,mobile,referral,2026-01-27,3,low,113,1,-1.0
U000997,17.082,0.0,0.0,6.6,0.0,2025-09-14,2,regular,mobile,paid_social,2026-01-01,4,high,138,0,25.0
U000998,6.276,0.0,0.0,6.6,0.0,2025-08-03,2,regular,web,referral,2026-01-01,5,high,180,0,25.0
U000999,200.218,139.28,0.0,6.0,0.6956417504919638,2026-01-01,2,premium,mobile,referral,2026-01-30,1,medium,29,1,-4.0
U001000,0.0,0.0,0.0,6.4,,2025-09-10,2,value,mobile,organic,2025-10-11,1,low,142,0,107.0
U001001,52.775999999999996,28.07,0.0,6.6,0.5318705472184326,2025-11-23,2,value,web,email,2026-01-29,2,low,68,1,-3.0
U001002,118.98600000000002,136.14,0.0,6.6,1.1441682214714333,2025-11-05,3,regular,web,referral,2026-01-30,2,medium,86,1,-4.0
U001003,70.012,39.08,0.0,6.6,0.558190024567217,2025-09-22,2,value,mobile,organic,2026-01-27,4,medium,130,1,-1.0
U001004,89.85799999999999,32.629999999999995,0.0,6.6,0.36312849162011174,2025-12-13,2,regular,mobile,organic,2026-01-29,1,low,48,1,-3.0
U001005,27.095999999999997,0.0,0.0,6.4,0.0,2025-06-06,3,premium,web,paid_social,2026-01-03,7,high,238,0,23.0
U001006,133.63400000000001,16.33,0.0,6.4,0.12219944026220869,2025-12-22,2,regular,web,search,2026-01-28,1,low,39,1,-2.0
U001007,145.558,170.73000000000002,0.0,6.6,1.1729345003366358,2025-12-04,3,regular,web,paid_social,2026-01-30,1,medium,57,1,-4.0
U001008,0.0,0.0,0.0,6.6,,2025-09-08,3,premium,mobile,search,2025-12-02,2,high,144,0,55.0
U001009,88.306,24.53,0.0,6.4,0.2777840690326818,2025-11-05,1,value,mobile,organic,2026-01-30,2,low,86,1,-4.0
U001010,234.76799999999997,144.44,0.0,6.6,0.6152456893614122,2025-09-12,2,premium,web,organic,2026-01-30,4,high,140,1,-4.0
U001011,0.0,0.0,0.0,6.6,,2025-07-11,2,regular,mobile,referral,2025-09-13,2,medium,203,0,135.0
U001012,111.776,23.84,0.0,6.6,0.21328371027769827,2025-11-21,3,regular,mobile,organic,2026-01-29,2,medium,70,1,-3.0
U001013,246.67399999999998,161.75,0.0,6.6,0.6557237487534155,2025-07-05,2,premium,web,paid_social,2026-01-29,6,high,209,1,-3.0
U001014,139.328,64.8,0.0,6.6,0.46508957280661456,2025-07-22,1,regular,web,organic,2026-01-28,6,high,192,1,-2.0
U001015,90.612,97.11,0.0,6.6,1.0717123559793404,2025-09-12,2,regular,mobile,search,2026-01-30,4,high,140,1,-4.0
U001016,0.0,0.0,0.0,6.6,,2025-12-01,1,value,web,search,2025-12-27,0,low,60,0,30.0
U001017,103.36799999999998,140.62,0.0,6.6,1.3603823233495862,2025-08-09,3,regular,web,organic,2026-01-30,5,high,174,1,-4.0
U001018,100.452,81.03,0.0,6.6,0.8066539242623343,2025-09-06,2,regular,mobile,paid_social,2026-01-30,4,high,146,1,-4.0
U001019,48.688,38.32,0.0,6.4,0.7870522510680249,2025-05-15,2,value,mobile,paid_social,2026-01-29,8,medium,260,1,-3.0
U001020,83.85,29.76,0.0,6.6,0.35491949910554565,2025-06-03,3,regular,web,organic,2026-01-26,7,high,241,1,0.0
U001021,121.982,137.97,0.0,6.6,1.1310685183059797,2025-05-19,2,regular,mobile,search,2026-01-30,8,high,256,1,-4.0
U001022,0.0,0.0,0.0,6.4,,2025-05-23,2,regular,mobile,paid_social,2025-08-14,2,low,252,0,165.0
U001023,42.434000000000005,4.11,0.0,6.6,0.09685629448084083,2025-12-08,3,value,web,paid_social,2026-01-27,1,low,53,1,-1.0
U001024,11.72,0.0,0.0,6.4,0.0,2025-12-02,3,regular,web,search,2025-12-29,1,low,59,0,28.0
U001025,32.456,46.3,0.0,6.6,1.4265467093911754,2025-11-27,3,value,mobile,paid_social,2026-01-30,2,low,64,1,-4.0
U001026,25.898000000000003,0.0,0.0,6.6,0.0,2025-05-18,1,value,mobile,organic,2026-01-17,8,medium,257,1,9.0
U001027,177.336,86.41,0.0,6.6,0.4872671087652817,2025-05-24,2,regular,web,organic,2026-01-29,7,high,251,1,-3.0
U001028,33.82,21.93,0.0,6.6,0.6484328799526907,2025-07-14,1,value,mobile,paid_social,2026-01-29,6,medium,200,1,-3.0
U001029,35.246,21.47,0.0,6.6,0.6091471372638029,2025-09-23,3,value,mobile,paid_social,2026-01-29,4,low,129,1,-3.0
U001030,117.83600000000001,0.0,0.0,6.6,0.0,2025-07-27,2,regular,mobile,referral,2026-01-23,5,high,187,1,3.0
U001031,49.626,13.26,0.0,6.6,0.26719864587111597,2025-09-04,2,value,mobile,organic,2026-01-28,4,medium,148,1,-2.0
U001032,212.75400000000005,145.78000000000003,0.0,6.2,0.6852045084933773,2025-06-17,1,premium,web,search,2026-01-29,7,high,227,1,-3.0
U001033,180.47,144.64999999999998,0.0,6.6,0.8015182578821963,2025-11-04,2,premium,web,paid_social,2026-01-29,2,high,87,1,-3.0
U001034,0.0,0.0,0.0,6.6,,2025-07-22,2,regular,web,organic,2025-09-19,2,low,192,0,129.0
U001035,190.342,178.53,0.0,6.6,0.9379432810414937,2025-05-21,1,premium,mobile,search,2026-01-30,8,high,254,1,-4.0
U001036,214.598,138.81,0.0,6.6,0.6468373423797052,2025-11-07,1,premium,mobile,paid_social,2026-01-29,2,high,84,1,-3.0
U001037,25.606,0.0,0.0,6.6,0.0,2025-12-17,3,value,mobile,organic,2026-01-21,0,low,44,1,5.0
U001038,0.0,0.0,0.0,6.6,,2025-05-08,3,regular,web,search,2025-10-10,5,medium,267,0,108.0
U001039,76.44200000000001,78.98,0.0,6.6,1.033201643075796,2025-08-22,1,value,mobile,organic,2026-01-30,5,medium,161,1,-4.0
U001040,98.006,66.44,0.0,6.6,0.677917678509479,2025-11-28,2,regular,web,email,2026-01-28,1,medium,63,1,-2.0
U001041,0.0,0.0,0.0,6.6,,2025-10-29,3,regular,web,organic,2025-12-01,1,low,93,0,56.0
U001042,0.0,0.0,0.0,6.6,,2025-12-05,2,value,web,organic,2025-12-28,1,low,56,0,29.0
U001043,71.074,118.1,0.0,6.6,1.6616484227706334,2025-08-17,2,value,mobile,organic,2026-01-30,5,medium,166,1,-4.0
U001044,268.9990940062701,511.6954700313506,0.0,6.6,1.9022200499285826,2025-08-06,2,premium,web,organic,2026-01-30,5,high,177,1,-4.0
U001045,0.0,0.0,0.0,6.6,,2025-10-30,2,value,mobile,organic,2025-12-24,1,low,92,0,33.0
U001046,0.0,0.0,0.0,6.6,,2025-06-12,1,value,mobile,paid_social,2025-12-05,5,medium,232,0,52.0
U001047,39.854,31.089999999999996,0.0,6.4,0.7800973553470165,2025-07-04,2,value,mobile,organic,2026-01-30,5,medium,210,1,-4.0
U001048,109.5,167.04,0.0,6.6,1.5254794520547945,2025-10-02,1,regular,web,organic,2026-01-29,3,medium,120,1,-3.0
U001049,129.318,112.59,0.0,6.6,0.8706444578480953,2025-10-19,1,regular,mobile,organic,2026-01-30,3,medium,103,1,-4.0
U001050,116.232,130.05,0.0,6.4,1.1188829238075575,2025-06-04,2,regular,mobile,search,2026-01-30,7,high,240,1,-4.0
U001051,103.508,144.85,0.0,6.2,1.3994087413533254,2025-09-09,3,regular,web,organic,2026-01-30,4,high,143,1,-4.0
U001052,41.641999999999996,20.05,0.0,6.2,0.4814850391431728,2025-08-04,3,value,mobile,paid_social,2026-01-29,5,medium,179,1,-3.0
U001053,40.102,25.89,0.0,6.6,0.6456037105381278,2025-09-07,2,value,mobile,paid_social,2026-01-29,3,medium,145,1,-3.0
U001054,117.41,103.57,0.0,6.2,0.8821224767907333,2025-12-31,2,regular,web,paid_social,2026-01-28,1,low,30,1,-2.0
U001055,87.27199999999999,0.0,0.0,6.6,0.0,2025-05-24,2,regular,web,organic,2026-01-25,7,high,251,1,1.0
U001056,87.66,129.17,0.0,5.5,1.473534109057723,2026-01-09,2,regular,web,referral,2026-01-29,1,low,21,1,-3.0
U001057,98.34,107.58,0.0,6.6,1.093959731543624,2025-08-25,2,regular,web,paid_social,2026-01-30,5,high,158,1,-4.0
U001058,129.8,90.34,0.0,6.6,0.6959938366718027,2025-11-14,2,regular,mobile,organic,2026-01-30,2,medium,77,1,-4.0
U001059,141.086,85.16,0.0,6.4,0.6036034758941354,2025-08-19,2,regular,web,search,2026-01-30,4,high,164,1,-4.0
U001060,52.831999999999994,72.64,0.0,6.6,1.3749242883101152,2025-07-22,3,regular,web,paid_social,2026-01-26,5,high,192,1,0.0
U001061,9.764,0.0,0.0,6.6,0.0,2025-11-14,3,regular,web,organic,2026-01-12,2,low,77,0,14.0
U001062,124.7,32.62,0.0,6.6,0.26158781074578985,2025-10-24,1,regular,web,search,2026-01-27,3,medium,98,1,-1.0
U001063,115.56400000000001,35.71,0.0,6.6,0.3090062649267938,2025-06-10,2,regular,web,paid_social,2026-01-27,7,high,234,1,-1.0
U001064,166.388,38.43,0.0,6.6,0.23096617544534462,2025-10-29,1,premium,mobile,organic,2026-01-30,3,high,93,1,-4.0
U001065,6.144,0.0,0.0,6.6,0.0,2025-11-10,2,regular,web,email,2026-01-08,1,low,81,0,18.0
U001066,0.0,0.0,0.0,6.6,,2025-08-10,2,value,web,organic,2025-09-04,1,low,173,0,144.0
U001067,41.354,0.0,0.0,6.4,0.0,2025-12-23,1,value,mobile,organic,2026-01-25,1,low,38,1,1.0
U001068,0.0,0.0,0.0,6.6,,2025-10-12,3,regular,mobile,organic,2025-11-15,1,low,110,0,72.0
U001069,142.76,12.54,0.0,6.4,0.08783973101709162,2025-07-27,2,regular,web,search,2026-01-30,6,high,187,1,-4.0
U001070,112.10799999999999,42.75,0.0,6.4,0.38132871873550506,2025-05-07,3,regular,web,referral,2026-01-30,8,high,268,1,-4.0
U001071,0.0,0.0,0.0,6.6,,2025-10-21,1,regular,web,referral,2025-11-21,1,low,101,0,66.0
U001072,52.67800000000001,27.6,0.0,6.6,0.5239378867838566,2025-06-26,1,value,web,email,2026-01-30,7,medium,218,1,-4.0
U001073,247.19768178724104,149.21,0.0,6.6,0.6036059841710918,2025-11-10,2,regular,web,search,2026-01-30,2,high,81,1,-4.0
U001074,136.24,84.5,0.0,6.4,0.6202290076335878,2025-09-13,1,regular,mobile,search,2026-01-28,3,high,139,1,-2.0
U001075,147.41,58.69,1.0,6.6,0.398141238721932,2025-08-30,2,regular,mobile,search,2026-01-30,4,high,153,1,-4.0
U001076,116.644,56.83,0.0,6.4,0.4872089434518706,2025-06-15,3,regular,web,organic,2026-01-29,5,high,229,1,-3.0
U001077,47.153999999999996,28.37,0.0,6.6,0.6016456716291302,2025-10-30,1,value,mobile,email,2026-01-26,2,low,92,1,0.0
U001078,126.58200000000002,187.02,0.0,6.4,1.4774612504147506,2025-06-15,1,regular,web,search,2026-01-30,7,high,229,1,-4.0
U001079,129.296,73.42999999999999,0.0,6.6,0.5679216681103824,2025-08-17,2,regular,web,search,2026-01-30,4,high,166,1,-4.0
U001080,182.03,78.49,0.0,6.4,0.4311926605504587,2025-11-30,2,premium,web,search,2026-01-30,1,medium,61,1,-4.0
U001081,69.404,0.0,0.0,6.6,0.0,2025-12-22,2,regular,web,referral,2026-01-14,0,low,39,1,12.0
U001082,30.11,15.81,0.0,5.5,0.5250747260046497,2026-01-08,2,value,mobile,organic,2026-01-29,1,low,22,1,-3.0
U001083,117.07000000000001,99.71000000000001,0.0,6.2,0.8517126505509525,2025-12-31,3,regular,web,paid_social,2026-01-30,1,low,30,1,-4.0
U001084,119.484,64.8,0.0,6.6,0.5423320277191925,2025-09-21,1,regular,mobile,paid_social,2026-01-30,4,medium,131,1,-4.0
U001085,56.366,65.38,0.0,6.6,1.159919100166767,2025-06-24,2,value,web,referral,2026-01-30,7,medium,220,1,-4.0
U001086,102.51399999999998,27.63,0.0,6.4,0.2695241625534074,2025-12-01,2,regular,mobile,organic,2026-01-30,1,medium,60,1,-4.0
U001087,49.95400000000001,66.54,0.0,6.4,1.3320254634263522,2025-11-22,3,value,mobile,organic,2026-01-30,1,low,69,1,-4.0
U001088,31.4975,23.03,0.0,5.75,0.731169140407969,2026-01-08,2,value,web,search,2026-01-29,1,low,22,1,-3.0
U001089,0.0,0.0,0.0,6.6,,2025-10-15,2,value,web,referral,2025-12-16,0,low,107,0,41.0
U001090,73.812,64.37,0.0,6.4,0.8720804205278275,2025-06-09,1,value,mobile,email,2026-01-29,7,medium,235,1,-3.0
U001091,223.41360363933327,82.75,0.0,6.6,0.37038926301724706,2025-09-08,1,premium,web,paid_social,2026-01-30,4,high,144,1,-4.0
U001092,0.0,0.0,0.0,6.6,,2025-08-25,1,regular,web,organic,2025-12-24,4,medium,158,0,33.0
U001093,59.63923406227864,65.64,0.0,6.6,1.1006177566173139,2025-12-02,2,value,mobile,organic,2026-01-30,1,low,59,1,-4.0
U001094,124.522,28.52,0.0,6.6,0.22903583302548947,2025-08-11,2,regular,web,paid_social,2026-01-29,5,high,172,1,-3.0
U001095,67.682,87.52000000000001,0.0,6.4,1.2931059956857067,2025-07-26,2,regular,web,organic,2026-01-30,6,high,188,1,-4.0
U001096,52.75,12.09,0.0,6.6,0.22919431279620853,2025-05-25,1,value,web,search,2026-01-28,7,high,250,1,-2.0
U001097,28.564,44.03,0.0,6.6,1.5414507772020727,2025-11-30,3,value,web,referral,2026-01-30,1,low,61,1,-4.0
U001098,0.0,0.0,0.0,6.6,,2025-11-10,3,regular,web,search,2025-12-13,1,low,81,0,44.0
U001099,39.886,32.95,0.0,6.0,0.8261043975329689,2025-05-15,1,value,web,search,2026-01-29,8,medium,260,1,-3.0
U001100,119.524,173.09,0.0,6.6,1.4481610387871893,2025-08-21,1,regular,web,organic,2026-01-27,4,high,162,1,-1.0
U001101,2.604,0.0,0.0,6.6,0.0,2025-09-02,1,value,web,organic,2026-01-01,4,medium,150,0,25.0
U001102,91.054,70.15,0.0,6.4,0.7704219474158193,2025-08-30,3,regular,web,paid_social,2026-01-30,3,high,153,1,-4.0
U001103,101.58000000000001,70.9,0.0,6.6,0.6979720417405001,2025-12-21,1,regular,mobile,search,2026-01-30,1,low,40,1,-4.0
U001104,0.0,0.0,0.0,6.6,,2025-06-11,2,value,mobile,organic,2025-07-16,0,low,233,0,194.0
U001105,19.662,0.0,0.0,6.4,0.0,2025-07-20,2,value,web,organic,2026-01-18,5,medium,194,0,8.0
U001106,232.512,330.87,0.0,6.4,1.4230233278282411,2025-06-19,3,premium,web,organic,2026-01-30,7,high,225,1,-4.0
U001107,4.042,0.0,0.0,6.6,0.0,2025-07-05,2,regular,mobile,paid_social,2025-12-30,5,high,209,0,27.0
U001108,124.862,106.47,0.0,6.6,0.852701382326088,2025-12-18,2,regular,web,paid_social,2026-01-29,1,low,43,1,-3.0
U001109,41.786,0.0,1.0,6.4,0.0,2025-12-27,3,value,web,search,2026-01-25,0,low,34,1,1.0
U001110,32.894,31.34,0.0,6.4,0.9527573417644556,2025-05-16,1,value,mobile,search,2026-01-30,7,medium,259,1,-4.0
U001111,146.998,43.58,0.0,6.6,0.29646661859345025,2025-10-10,3,regular,web,organic,2026-01-29,3,medium,112,1,-3.0
U001112,252.148,309.22,0.0,6.6,1.2263432587210688,2025-07-02,1,premium,mobile,search,2026-01-29,6,high,212,1,-3.0
U001113,0.0,0.0,0.0,6.6,,2025-06-22,2,value,mobile,organic,2025-11-14,5,medium,222,0,73.0
U001114,138.978,122.41000000000001,0.0,6.6,0.8807868871332154,2025-07-17,3,regular,mobile,email,2026-01-30,6,high,197,1,-4.0
U001115,91.424,140.35,0.0,6.6,1.535154882744137,2025-06-22,2,regular,web,organic,2026-01-29,7,high,222,1,-3.0
U001116,30.855999999999995,30.0,0.0,6.6,0.9722582317863626,2025-09-05,2,value,web,search,2026-01-29,4,medium,147,1,-3.0
U001117,44.835,66.71000000000001,1.0,5.25,1.4879000780640126,2026-01-09,2,value,web,organic,2026-01-30,1,low,21,1,-4.0
U001118,0.0,0.0,0.0,6.4,,2025-09-29,2,value,mobile,referral,2025-11-29,2,low,123,0,58.0
U001119,8.904,0.0,0.0,6.6,0.0,2025-11-02,2,regular,mobile,organic,2026-01-03,2,medium,89,0,23.0
U001120,0.0,0.0,0.0,6.6,,2025-09-05,2,regular,mobile,email,2025-10-09,1,low,147,0,109.0
U001121,106.44800000000001,97.09,0.0,6.4,0.9120885314895536,2025-05-08,2,regular,web,organic,2026-01-30,8,high,267,1,-4.0
U001122,48.386,0.0,0.0,6.4,0.0,2025-05-26,2,value,mobile,referral,2026-01-21,8,medium,249,1,5.0
U001123,136.956,108.97,0.0,6.6,0.7956569993282515,2025-07-11,2,regular,web,paid_social,2026-01-30,6,high,203,1,-4.0
U001124,29.392000000000003,0.0,0.0,6.6,0.0,2025-07-05,2,regular,mobile,organic,2026-01-04,5,high,209,0,22.0
U001125,123.91,144.82,0.0,6.4,1.168751513195061,2025-12-01,2,regular,web,organic,2026-01-30,1,medium,60,1,-4.0
U001126,153.4560630542901,39.379999999999995,0.0,6.6,0.25662068488012774,2025-12-02,1,regular,web,search,2026-01-30,1,medium,59,1,-4.0
U001127,57.246,81.01,0.0,6.6,1.4151207071236418,2025-12-05,3,value,web,referral,2026-01-29,1,low,56,1,-3.0
U001128,110.854,126.83,0.0,6.6,1.144117487866924,2025-10-12,2,regular,mobile,referral,2026-01-30,1,high,110,1,-4.0
U001129,221.04561026458913,124.0,0.0,6.6,0.5609701990986086,2025-09-21,1,regular,web,organic,2026-01-29,4,high,131,1,-3.0
U001130,33.792,13.31,0.0,6.4,0.3938802083333333,2025-10-14,2,value,web,search,2026-01-26,3,low,108,1,0.0
U001131,55.66799999999999,15.48,0.0,6.6,0.2780771718042682,2025-08-15,3,value,web,organic,2026-01-30,5,medium,168,1,-4.0
U001132,81.998,63.35,0.0,6.2,0.7725798190199761,2025-10-20,1,regular,web,organic,2026-01-29,2,medium,102,1,-3.0
U001133,72.98,0.0,0.0,6.4,0.0,2025-11-20,1,regular,mobile,paid_social,2026-01-15,2,medium,71,1,11.0
U001134,77.148,32.73,0.0,6.6,0.42424949447814586,2025-11-12,1,value,web,search,2026-01-28,2,low,79,1,-2.0
U001135,209.91199999999998,214.78,0.0,6.6,1.0231906703761577,2025-10-06,1,premium,web,organic,2026-01-30,3,high,116,1,-4.0
U001136,161.51399999999998,170.91,0.0,6.6,1.0581745235707123,2025-05-19,3,regular,mobile,referral,2026-01-30,8,high,256,1,-4.0
U001137,46.038,21.48,0.0,6.6,0.46657109344454584,2025-11-02,3,value,web,paid_social,2026-01-29,2,low,89,1,-3.0
U001138,108.09400000000001,34.72,0.0,6.6,0.3212019168501489,2025-08-05,1,regular,web,paid_social,2026-01-30,4,high,178,1,-4.0
U001139,113.00399999999999,47.11,0.0,6.6,0.4168878977735302,2025-11-07,2,regular,web,organic,2026-01-28,2,medium,84,1,-2.0
U001140,131.632,0.0,0.0,6.6,0.0,2025-09-17,1,premium,web,email,2026-01-17,2,high,135,0,9.0
U001141,44.432,35.54,0.0,6.4,0.7998739647101187,2025-12-12,2,value,web,search,2026-01-29,1,low,49,1,-3.0
U001142,78.452,23.86,0.0,6.6,0.30413501249171465,2025-07-28,3,value,web,search,2026-01-30,5,medium,186,1,-4.0
U001143,84.682,56.67,0.0,6.6,0.6692095132377601,2025-12-24,2,regular,web,organic,2026-01-30,1,low,37,1,-4.0
U001144,39.87,0.0,0.0,6.4,0.0,2025-12-02,1,value,mobile,referral,2026-01-25,1,low,59,1,1.0
U001145,236.10698048889475,31.04,0.0,6.6,0.13146582932756604,2025-07-27,2,regular,mobile,search,2026-01-30,6,high,187,1,-4.0
U001146,86.176,57.83,0.0,6.4,0.671068510954326,2025-09-03,3,regular,nan,referral,2026-01-30,4,high,149,1,-4.0
U001147,43.628,59.95,0.0,6.6,1.3741175391950124,2025-09-15,2,value,web,paid_social,2026-01-30,4,medium,137,1,-4.0
U001148,160.024,70.79,0.0,6.6,0.4423711443283508,2025-11-13,1,regular,web,referral,2026-01-30,2,medium,78,1,-4.0
U001149,179.20600000000002,47.29,0.0,6.0,0.2638862538084662,2025-10-24,1,premium,mobile,paid_social,2026-01-27,3,high,98,1,-1.0
U001150,147.28199999999998,93.24,0.0,6.6,0.6330712510693771,2025-12-04,2,regular,mobile,email,2026-01-29,1,medium,57,1,-3.0
U001151,0.0,0.0,0.0,6.4,,2025-08-05,2,regular,web,organic,2025-12-08,2,medium,178,0,49.0
U001152,37.589999999999996,35.11,0.0,6.6,0.9340250066507051,2025-09-08,3,value,web,organic,2026-01-29,4,medium,144,1,-3.0
U001153,91.97200000000001,37.4,0.0,6.6,0.40664550080459266,2025-08-21,3,value,web,paid_social,2026-01-26,5,medium,162,1,0.0
U001154,211.41199999999998,92.86,0.0,6.6,0.4392371293966284,2025-12-19,3,premium,web,search,2026-01-30,1,medium,42,1,-4.0
U001155,91.47,9.17,0.0,6.6,0.10025144856237017,2025-07-20,3,regular,web,paid_social,2026-01-29,6,high,194,1,-3.0
U001156,90.978,71.62,0.0,6.4,0.7872232847501595,2025-09-29,1,regular,web,paid_social,2026-01-28,3,medium,123,1,-2.0
U001157,174.566,44.01,1.0,6.2,0.2521109494403263,2025-06-04,2,premium,mobile,search,2026-01-30,6,high,240,1,-4.0
U001158,8.874,0.0,0.0,6.4,0.0,2025-12-04,2,value,mobile,referral,2026-01-05,0,low,57,0,21.0
U001159,0.0,0.0,0.0,6.4,,2025-08-09,2,regular,mobile,organic,2025-12-05,4,medium,174,0,52.0
U001160,0.0,0.0,0.0,6.6,,2025-07-29,3,value,web,referral,2025-10-02,1,low,185,0,116.0
U001161,46.884,28.53,0.0,6.6,0.608523163552598,2025-09-28,2,value,mobile,organic,2026-01-28,4,medium,124,1,-2.0
U001162,85.99600000000001,68.46000000000001,0.0,6.6,0.7960835387692451,2025-09-07,3,regular,mobile,paid_social,2026-01-29,4,high,145,1,-3.0
U001163,106.21199999999999,38.47,0.0,6.6,0.3622001280457952,2025-12-03,2,regular,web,referral,2026-01-29,1,low,58,1,-3.0
U001164,248.904,126.1,0.0,6.6,0.506621026580529,2025-09-15,2,premium,mobile,organic,2026-01-29,4,high,137,1,-3.0
U001165,65.924,44.53,0.0,6.6,0.6754747891511437,2025-09-11,2,value,mobile,organic,2026-01-29,3,medium,141,1,-3.0
U001166,130.46800000000002,65.52000000000001,0.0,6.6,0.502192108409725,2025-05-31,1,regular,mobile,organic,2026-01-30,7,high,244,1,-4.0
U001167,133.926,147.01999999999998,0.0,6.2,1.0977704105252153,2025-05-10,1,regular,web,search,2026-01-30,5,high,265,1,-4.0
U001168,81.574,47.79,0.0,6.6,0.5858484320984627,2025-08-13,2,regular,mobile,search,2026-01-28,5,high,170,1,-2.0
U001169,141.6725,93.7,0.0,5.0,0.6613845312251848,2026-01-10,1,premium,web,organic,2026-01-29,1,low,20,1,-3.0
U001170,76.804,0.0,0.0,6.6,0.0,2025-12-21,3,regular,web,referral,2026-01-23,1,low,40,1,3.0
U001171,180.23,113.34,0.0,6.6,0.6288631193475005,2025-10-09,1,regular,nan,organic,2026-01-29,3,high,113,1,-3.0
U001172,49.766,10.28,0.0,6.6,0.2065667323071977,2025-10-10,1,value,web,search,2026-01-26,1,low,112,1,0.0
U001173,57.803999999999995,31.720000000000002,0.0,6.4,0.5487509514912464,2025-08-11,3,value,web,paid_social,2026-01-27,5,medium,172,1,-1.0
U001174,177.256,101.3,0.0,6.2,0.5714898226294173,2025-06-18,1,premium,web,organic,2026-01-30,7,high,226,1,-4.0
U001175,105.39000000000001,61.379999999999995,0.0,6.4,0.5824081981212638,2025-05-07,3,regular,mobile,organic,2026-01-29,7,high,268,1,-3.0
U001176,0.0,0.0,0.0,6.4,,2025-07-29,2,value,web,email,2025-12-25,4,medium,185,0,32.0
U001177,24.267999999999997,0.0,0.0,6.6,0.0,2025-07-23,1,value,mobile,paid_social,2026-01-09,6,medium,191,1,17.0
U001178,111.91600000000001,42.88,0.0,6.0,0.38314450123306765,2025-06-22,2,regular,web,organic,2026-01-26,7,high,222,1,0.0
U001179,157.31,36.21,0.0,6.4,0.23018244231135973,2025-07-09,2,regular,nan,referral,2026-01-29,6,high,205,1,-3.0
U001180,69.478,103.81,0.0,6.6,1.4941420305708284,2025-05-11,3,value,mobile,search,2026-01-30,8,medium,264,1,-4.0
U001181,132.252,101.1,0.0,6.4,0.7644496869612557,2025-10-04,3,regular,mobile,organic,2026-01-30,3,medium,118,1,-4.0
U001182,96.864,35.629999999999995,0.0,6.6,0.36783531549388826,2025-12-23,2,regular,mobile,paid_social,2026-01-30,1,low,38,1,-4.0
U001183,93.89200000000001,59.91,0.0,6.6,0.6380735312912708,2025-10-25,2,regular,mobile,search,2026-01-28,3,medium,97,1,-2.0
U001184,60.664,47.980000000000004,0.0,6.4,0.7909138863246736,2025-08-25,2,value,web,organic,2026-01-30,5,medium,158,1,-4.0
U001185,164.084,125.6,0.0,6.6,0.7654615928426903,2025-08-18,2,regular,web,referral,2026-01-30,5,high,165,1,-4.0
U001186,0.0,0.0,0.0,6.6,,2025-07-21,3,value,web,organic,2025-12-08,4,medium,193,0,49.0
U001187,0.0,0.0,0.0,6.6,,2025-06-09,2,value,web,organic,2025-12-07,4,medium,235,0,50.0
U001188,150.832,85.39,0.0,6.6,0.5661265513949295,2025-10-02,2,regular,web,organic,2026-01-28,3,high,120,1,-2.0
U001189,0.0,0.0,0.0,6.2,,2025-09-24,2,regular,web,paid_social,2025-11-19,1,low,128,0,68.0
U001190,52.96,14.34,0.0,6.6,0.2707703927492447,2025-05-06,3,value,mobile,paid_social,2026-01-29,8,medium,269,1,-3.0
U001191,203.3,181.44,0.0,6.4,0.8924741760944417,2025-08-17,3,premium,mobile,email,2026-01-30,5,high,166,1,-4.0
U001192,82.77,78.85,0.0,6.6,0.952639845354597,2025-07-13,1,value,mobile,organic,2026-01-28,5,medium,201,1,-2.0
U001193,127.1,57.88,0.0,6.4,0.4553894571203777,2025-06-16,1,regular,mobile,referral,2026-01-29,7,high,228,1,-3.0
U001194,223.234,112.72999999999999,0.0,6.6,0.5049857996541744,2025-10-28,2,premium,web,search,2026-01-30,1,high,94,1,-4.0
U001195,99.562,35.68,0.0,6.6,0.35836965910688817,2025-09-13,2,regular,web,organic,2026-01-28,4,high,139,1,-2.0
U001196,0.0,0.0,0.0,6.6,,2025-10-11,2,regular,mobile,organic,2025-12-08,2,high,111,0,49.0
U001197,104.13,67.63,0.0,6.6,0.6494766157687506,2025-10-31,1,regular,mobile,referral,2026-01-30,2,medium,91,1,-4.0
U001198,110.6175,32.06,0.0,6.25,0.28982755893054896,2026-01-06,2,regular,web,organic,2026-01-28,1,low,24,1,-2.0
U001199,0.0,0.0,0.0,6.6,,2025-11-22,2,regular,web,paid_social,2025-12-18,1,low,69,0,39.0
U001200,0.0,0.0,0.0,6.6,,2025-10-07,2,regular,web,search,2025-11-13,1,low,115,0,74.0
U001201,13.418000000000001,0.0,0.0,6.2,0.0,2025-12-11,2,value,web,organic,2026-01-13,0,low,50,0,13.0
U001202,0.0,0.0,0.0,6.6,,2025-09-01,2,regular,web,email,2025-11-29,2,medium,151,0,58.0
U001203,58.467499999999994,11.42,0.0,6.0,0.1953221875400864,2026-01-07,2,value,web,referral,2026-01-27,1,low,23,1,-1.0
U001204,0.0,0.0,0.0,6.4,,2025-11-12,3,premium,mobile,search,2025-12-09,1,low,79,0,48.0
U001205,69.494,41.53,0.0,6.6,0.5976055486804617,2025-10-15,2,value,mobile,paid_social,2026-01-27,3,medium,107,1,-1.0
U001206,39.552,0.0,0.0,6.6,0.0,2025-12-17,2,value,web,search,2026-01-22,1,low,44,1,4.0
U001207,188.068,199.09,0.0,6.6,1.0586064614926516,2025-09-11,2,premium,mobile,paid_social,2026-01-30,4,high,141,1,-4.0
U001208,50.558,30.48,0.0,6.4,0.6028719490486174,2025-11-01,1,value,mobile,organic,2026-01-29,3,low,90,1,-3.0
U001209,0.0,0.0,0.0,6.6,,2025-07-15,2,value,web,search,2025-12-12,5,medium,199,0,45.0
U001210,105.48999999999998,37.6,1.0,6.0,0.3564318892786047,2026-01-01,2,regular,mobile,organic,2026-01-27,0,low,29,1,-1.0
U001211,48.004000000000005,44.78,0.0,6.6,0.9328389300891592,2025-10-08,3,value,web,search,2026-01-29,3,medium,114,1,-3.0
U001212,54.888,41.849999999999994,0.0,6.6,0.7624617402710975,2025-11-17,2,value,mobile,search,2026-01-30,2,low,74,1,-4.0
U001213,137.62800000000001,187.93,0.0,6.6,1.3654924869939256,2025-08-28,1,regular,web,organic,2026-01-30,4,high,155,1,-4.0
U001214,42.518,32.48,0.0,6.4,0.7639117550214026,2025-12-08,2,value,mobile,email,2026-01-27,1,low,53,1,-1.0
U001215,0.0,0.0,0.0,6.4,,2025-05-23,1,value,mobile,organic,,1,low,252,0,
U001216,49.086,73.62,0.0,6.6,1.4998166483314999,2025-06-02,2,value,nan,organic,2026-01-29,7,medium,242,1,-3.0
U001217,27.03,0.0,0.0,6.4,0.0,2025-09-09,3,value,web,search,2026-01-23,4,medium,143,1,3.0
U001218,81.018,24.7,0.0,6.6,0.30487052259991604,2025-11-04,2,value,web,paid_social,2026-01-29,2,low,87,1,-3.0
U001219,26.782,48.05,0.0,6.4,1.794115450675827,2025-11-24,2,value,mobile,organic,2026-01-28,2,low,67,1,-2.0
U001220,107.602,66.1,0.0,6.4,0.6143008494265905,2025-08-23,2,regular,mobile,search,2026-01-30,5,high,160,1,-4.0
U001221,105.97999999999999,63.84,0.0,6.4,0.6023778071334215,2025-10-15,2,regular,web,paid_social,2026-01-30,3,medium,107,1,-4.0
U001222,71.80199999999999,45.77,0.0,6.4,0.6374474248628172,2025-09-20,3,value,mobile,organic,2026-01-29,3,medium,132,1,-3.0
U001223,94.268,123.36,0.0,5.6,1.3086094963296133,2026-01-01,2,value,web,email,2026-01-30,1,low,29,1,-4.0
U001224,291.662,113.0,0.0,6.6,0.3874347703848976,2025-10-16,2,premium,web,organic,2026-01-29,3,high,106,1,-3.0
U001225,0.0,0.0,0.0,6.6,,2025-08-17,2,regular,web,paid_social,2025-09-11,1,low,166,0,137.0
U001226,106.76199999999999,243.45999999999998,0.0,5.6,2.2803993930424684,2026-01-03,1,regular,web,organic,2026-01-30,1,low,27,1,-4.0
U001227,139.87,167.95999999999998,0.0,6.4,1.200829341531422,2025-05-31,1,regular,web,paid_social,2026-01-30,7,high,244,1,-4.0
U001228,16.4825,0.0,1.0,5.75,0.0,2026-01-07,1,value,web,referral,2026-01-24,0,low,23,1,2.0
U001229,128.614,92.51,0.0,6.6,0.7192840592781501,2025-06-12,2,regular,web,organic,2026-01-29,7,high,232,1,-3.0
U001230,186.37,55.040000000000006,0.0,6.6,0.29532650104630576,2025-07-16,3,premium,mobile,organic,2026-01-30,6,high,198,1,-4.0
U001231,199.352,179.44,0.0,6.6,0.9001163770616798,2025-11-27,2,premium,web,organic,2026-01-27,1,medium,64,1,-1.0
U001232,64.95,25.86,0.0,6.4,0.39815242494226327,2025-11-05,1,value,mobile,organic,2026-01-29,2,low,86,1,-3.0
U001233,30.162,0.0,0.0,5.6,0.0,2026-01-03,1,value,mobile,email,2026-01-16,1,low,27,1,10.0
U001234,34.352,30.15,0.0,6.6,0.877678155565906,2025-11-09,2,value,mobile,paid_social,2026-01-29,2,low,82,1,-3.0
U001235,0.0,0.0,0.0,6.6,,2025-10-11,3,value,web,paid_social,2025-12-08,1,low,111,0,49.0
U001236,0.0,0.0,0.0,6.6,,2025-07-30,2,value,mobile,email,2025-08-27,0,low,184,0,152.0
U001237,0.0,0.0,0.0,6.6,,2025-05-06,3,regular,web,referral,2025-07-04,2,low,269,0,206.0
U001238,32.292,0.0,0.0,6.4,0.0,2025-06-05,3,value,web,referral,2026-01-23,5,medium,239,1,3.0
U001239,169.73600000000002,186.88,0.0,6.6,1.1010039119573924,2025-07-18,1,premium,web,organic,2026-01-30,6,high,196,1,-4.0
U001240,39.958000000000006,13.73,0.0,6.6,0.3436107913308974,2025-05-15,2,value,web,organic,2026-01-30,8,medium,260,1,-4.0
U001241,54.826,61.0,0.0,6.6,1.1126108050924743,2025-09-09,3,value,mobile,organic,2026-01-30,4,medium,143,1,-4.0
U001242,164.19400000000002,109.05,0.0,6.6,0.6641533795388381,2025-11-16,2,premium,mobile,search,2026-01-30,2,high,75,1,-4.0
U001243,117.922,127.00999999999999,0.0,5.8,1.0770678923356116,2026-01-01,1,regular,mobile,search,2026-01-29,1,low,29,1,-3.0
U001244,0.0,0.0,0.0,6.6,,2025-09-04,3,value,web,organic,2025-10-27,1,low,148,0,91.0
U001245,147.026,103.02000000000001,0.0,6.4,0.7006923945424619,2025-12-10,3,regular,mobile,search,2026-01-29,1,medium,51,1,-3.0
U001246,80.3275,74.41,0.0,6.0,0.9263328249976658,2026-01-07,2,value,mobile,search,2026-01-29,1,low,23,1,-3.0
U001247,72.65400000000001,0.0,0.0,6.6,0.0,2025-12-06,2,value,web,organic,2026-01-25,1,low,55,1,1.0
U001248,0.0,0.0,0.0,6.4,,2025-08-29,1,regular,web,organic,2025-09-26,1,low,154,0,122.0
U001249,60.188,37.64,0.0,6.6,0.6253738286701668,2025-07-25,3,value,mobile,search,2026-01-29,6,medium,189,1,-3.0
U001250,123.56,173.04,0.0,6.25,1.4004532211071543,2026-01-05,2,regular,web,search,2026-01-30,1,low,25,1,-4.0
U001251,0.0,0.0,0.0,6.6,,2025-07-04,1,value,web,paid_social,2025-08-04,0,low,210,0,175.0
U001252,40.326,0.0,0.0,6.6,0.0,2025-08-16,2,regular,mobile,paid_social,2026-01-12,4,medium,167,0,14.0
U001253,144.71,87.44,0.0,6.2,0.6042429686960127,2025-05-23,3,regular,web,organic,2026-01-29,8,high,252,1,-3.0
U001254,57.59000000000001,114.65,0.0,6.4,1.9907970133703765,2025-11-20,3,value,web,organic,2026-01-29,2,low,71,1,-3.0
U001255,52.726,9.87,0.0,6.6,0.18719417365246746,2025-10-15,2,value,web,organic,2026-01-30,2,low,107,1,-4.0
U001256,136.548,55.57,0.0,6.4,0.4069631191961801,2025-05-26,1,regular,mobile,organic,2026-01-28,8,high,249,1,-2.0
U001257,116.654,47.91,0.0,6.6,0.41070173333104737,2025-06-29,3,regular,mobile,search,2026-01-28,7,high,215,1,-2.0
U001258,139.0410139519138,106.73,0.0,6.6,0.7676152306894978,2025-09-21,3,regular,mobile,email,2026-01-30,3,high,131,1,-4.0
U001259,148.178,177.64,0.0,6.4,1.1988284360701318,2025-09-17,2,regular,mobile,organic,2026-01-29,3,high,135,1,-3.0
U001260,126.056,104.77,0.0,6.4,0.8311385416005584,2025-11-22,2,regular,mobile,organic,2026-01-30,2,medium,69,1,-4.0
U001261,70.13399999999999,58.25,0.0,6.6,0.830552941511963,2025-07-10,2,value,mobile,paid_social,2026-01-30,6,medium,204,1,-4.0
U001262,173.46950062066406,0.0,1.0,6.6,0.0,2025-12-23,2,regular,web,search,2026-01-18,1,medium,38,1,8.0
U001263,43.46,20.54,0.0,6.6,0.47261849976990333,2025-08-24,1,value,web,organic,2026-01-29,5,medium,159,1,-3.0
U001264,89.832,156.32,0.0,6.6,1.7401371448926886,2025-11-27,1,regular,mobile,organic,2026-01-29,2,low,64,1,-3.0
U001265,62.702,34.82,0.0,6.4,0.5553251889891869,2025-07-03,1,value,mobile,email,2026-01-28,6,medium,211,1,-2.0
U001266,47.910000000000004,25.869999999999997,0.0,6.6,0.5399707785431016,2025-05-14,3,value,web,organic,2026-01-27,8,medium,261,1,-1.0
U001267,28.236,0.0,0.0,6.6,0.0,2025-05-18,1,regular,mobile,paid_social,2026-01-07,7,high,257,0,19.0
U001268,91.02000000000001,0.0,0.0,6.6,0.0,2025-08-06,1,regular,mobile,referral,2026-01-23,4,high,177,1,3.0
U001269,112.322,97.4,0.0,6.2,0.8671498014636492,2025-12-30,2,regular,web,organic,2026-01-29,1,low,31,1,-3.0
U001270,98.772,125.50999999999999,0.0,6.6,1.2707042481674966,2025-05-17,1,regular,web,paid_social,2026-01-30,7,high,258,1,-4.0
U001271,188.352,247.69,0.0,6.6,1.3150378015630309,2025-08-05,1,premium,web,organic,2026-01-30,5,high,178,1,-4.0
U001272,132.246,73.02,0.0,6.6,0.5521528061340228,2025-06-01,2,regular,web,organic,2026-01-29,7,high,243,1,-3.0
U001273,202.084,139.31,0.0,6.4,0.6893667979652026,2025-12-24,2,premium,web,organic,2026-01-30,1,medium,37,1,-4.0
U001274,109.896,90.11,0.0,6.6,0.8199570503021038,2025-10-21,2,regular,web,email,2026-01-30,3,medium,101,1,-4.0
U001275,47.632,0.0,0.0,6.6,0.0,2025-11-12,3,regular,web,organic,2026-01-17,2,low,79,0,9.0
U001276,53.443999999999996,44.94,0.0,6.6,0.8408801736396977,2025-10-31,1,regular,web,organic,2026-01-27,3,medium,91,1,-1.0
U001277,92.828,16.23,0.0,6.6,0.17483948808549143,2025-10-16,3,regular,mobile,email,2026-01-27,3,medium,106,1,-1.0
U001278,10.45,0.0,0.0,6.6,0.0,2025-11-15,3,value,mobile,organic,2026-01-12,2,low,76,0,14.0
U001279,85.61800000000001,71.92,0.0,6.4,0.8400102782125254,2025-05-07,3,regular,web,referral,2026-01-30,8,high,268,1,-4.0
U001280,6.9799999999999995,0.0,0.0,6.6,0.0,2025-12-08,2,value,web,paid_social,2026-01-05,0,low,53,0,21.0
U001281,4.266,0.0,0.0,6.6,0.0,2025-11-06,2,value,web,search,2026-01-03,2,low,85,0,23.0
U001282,223.8,189.74,0.0,6.6,0.84781054512958,2025-11-06,2,premium,web,paid_social,2026-01-30,2,high,85,1,-4.0
U001283,45.838,38.03,0.0,6.4,0.8296609799729482,2025-08-11,2,value,web,paid_social,2026-01-30,5,medium,172,1,-4.0
U001284,0.0,0.0,0.0,6.6,,2025-11-22,1,regular,web,organic,2025-12-26,1,low,69,0,31.0
U001285,130.286,75.49,0.0,6.6,0.5794175889965153,2025-08-08,3,regular,web,email,2026-01-30,5,high,175,1,-4.0
U001286,40.37,22.14,0.0,6.6,0.5484270497894477,2025-05-17,2,value,mobile,email,2026-01-28,7,medium,258,1,-2.0
U001287,303.9,301.48,0.0,6.6,0.9920368542283647,2025-12-18,3,premium,web,referral,2026-01-30,0,medium,43,1,-4.0
U001288,62.065999999999995,6.21,0.0,6.2,0.10005478039506333,2025-07-02,2,value,mobile,paid_social,2026-01-27,5,medium,212,1,-1.0
U001289,122.97800000000002,0.0,0.0,6.6,0.0,2025-05-30,1,premium,web,search,2026-01-24,7,high,245,1,2.0
U001290,162.036,224.03,0.0,6.6,1.3825939914586882,2025-10-08,2,regular,web,search,2026-01-30,3,high,114,1,-4.0
U001291,36.242000000000004,0.0,1.0,6.6,0.0,2025-07-02,2,value,mobile,organic,2026-01-19,7,medium,212,1,7.0
U001292,20.162,0.0,0.0,6.6,0.0,2025-12-06,2,value,web,search,2026-01-21,1,low,55,1,5.0
U001293,53.132000000000005,37.07,0.0,6.4,0.6976963035458856,2025-08-24,2,value,mobile,paid_social,2026-01-29,4,medium,159,1,-3.0
U001294,0.0,0.0,0.0,6.6,,2025-05-06,1,regular,mobile,paid_social,,0,low,269,0,
U001295,96.06101744327728,26.27,0.0,6.6,0.2734720149670711,2025-12-29,2,value,mobile,organic,2026-01-28,1,low,32,1,-2.0
U001296,169.298,201.94,0.0,6.6,1.192807948115158,2025-09-11,2,premium,web,search,2026-01-30,3,high,141,1,-4.0
U001297,0.0,0.0,0.0,6.6,,2025-07-10,3,value,web,paid_social,2025-08-09,1,low,204,0,170.0
U001298,95.358,0.0,0.0,6.6,0.0,2025-10-21,1,regular,web,search,2026-01-20,3,medium,101,1,6.0
U001299,27.684000000000005,0.0,0.0,6.6,0.0,2025-09-15,2,value,web,email,2026-01-22,3,medium,137,1,4.0
U001300,219.06599999999997,70.72,0.0,6.6,0.32282508467767707,2025-05-12,2,premium,web,paid_social,2026-01-30,8,high,263,1,-4.0
U001301,79.952,31.44,0.0,6.4,0.39323594156493896,2025-11-11,2,value,mobile,organic,2026-01-30,2,low,80,1,-4.0
U001302,153.852,125.56,0.0,6.4,0.8161089878584614,2025-08-13,2,regular,mobile,organic,2026-01-30,5,high,170,1,-4.0
U001303,117.776,162.76,0.0,6.6,1.381945387854911,2025-10-27,2,regular,web,paid_social,2026-01-30,3,medium,95,1,-4.0
U001304,21.714,0.0,0.0,6.6,0.0,2025-12-15,3,value,web,search,2026-01-10,1,low,46,0,16.0
U001305,145.80599999999998,31.240000000000002,0.0,6.6,0.2142573007969494,2025-10-05,2,regular,mobile,referral,2026-01-29,3,high,117,1,-3.0
U001306,0.0,0.0,0.0,6.4,,2025-10-20,2,value,mobile,organic,2025-11-18,1,low,102,0,69.0
U001307,90.86,65.53999999999999,0.0,6.6,0.7213295179396874,2025-07-07,1,regular,web,organic,2026-01-29,6,high,207,1,-3.0
U001308,103.402,33.87,0.0,6.4,0.327556526953057,2025-07-03,2,regular,web,search,2026-01-29,6,high,211,1,-3.0
U001309,95.886,57.150000000000006,0.0,6.6,0.5960202740754647,2025-08-17,2,regular,mobile,paid_social,2026-01-30,5,high,166,1,-4.0
U001310,5.796,0.0,0.0,6.6,0.0,2025-12-05,1,value,mobile,email,2026-01-02,1,low,56,0,24.0
U001311,58.754,51.37,0.0,6.6,0.8743234503182762,2025-09-13,2,value,mobile,referral,2026-01-30,4,medium,139,1,-4.0
U001312,48.378,37.54,0.0,6.6,0.7759725495059737,2025-07-31,2,value,web,search,2026-01-28,5,medium,183,1,-2.0
U001313,12.644,0.0,0.0,6.4,0.0,2025-11-16,2,value,web,referral,2026-01-19,2,low,75,0,7.0
U001314,2.466,0.0,0.0,6.6,0.0,2025-12-05,2,value,web,organic,2025-12-29,1,low,56,0,28.0
U001315,209.57799999999997,245.86,0.0,6.6,1.1731193159587363,2025-12-17,2,premium,web,search,2026-01-28,1,medium,44,1,-2.0
U001316,0.0,0.0,0.0,6.6,,2025-07-19,2,regular,mobile,email,2025-10-20,3,medium,195,0,98.0
U001317,159.318,76.95,0.0,6.6,0.4829962716077279,2025-10-30,1,regular,web,search,2026-01-29,2,medium,92,1,-3.0
U001318,50.815999999999995,0.0,0.0,6.6,0.0,2025-09-30,1,value,mobile,email,2026-01-24,4,medium,122,1,2.0
U001319,38.638,31.31,0.0,6.6,0.8103421502148145,2025-08-25,2,value,mobile,organic,2026-01-29,5,medium,158,1,-3.0
U001320,31.662,0.0,0.0,6.6,0.0,2025-08-12,3,regular,mobile,organic,2026-01-09,5,high,171,0,17.0
U001321,28.072000000000003,10.61,0.0,6.0,0.37795668281561695,2025-06-02,1,value,mobile,search,2026-01-28,7,medium,242,1,-2.0
U001322,0.0,0.0,0.0,6.6,,2025-07-12,2,value,mobile,email,2025-11-11,4,medium,202,0,76.0
U001323,104.168,23.84,0.0,6.6,0.22886107057829658,2025-09-19,3,regular,web,organic,2026-01-28,4,high,133,1,-2.0
U001324,142.13,96.27000000000001,0.0,6.6,0.6773376486315346,2025-12-13,3,regular,web,referral,2026-01-28,1,medium,48,1,-2.0
U001325,19.262,0.0,0.0,6.4,0.0,2025-12-08,2,premium,web,organic,2026-01-02,0,low,53,0,24.0
U001326,70.196,127.43,0.0,6.6,1.8153456037381048,2025-06-21,2,value,mobile,paid_social,2026-01-29,7,medium,223,1,-3.0
U001327,0.0,0.0,0.0,6.6,,2025-10-22,2,regular,mobile,search,2025-12-17,1,medium,100,0,40.0
U001328,69.41,13.82,0.0,6.4,0.19910675695144794,2025-05-26,3,value,web,organic,2026-01-29,8,medium,249,1,-3.0
U001329,54.616,16.56,0.0,6.6,0.3032078511791416,2025-10-21,1,value,web,paid_social,2026-01-27,3,low,101,1,-1.0
U001330,84.216,120.3,0.0,6.6,1.4284696494727844,2025-07-29,3,regular,web,paid_social,2026-01-30,6,high,185,1,-4.0
U001331,141.08573685076527,403.8086842538264,0.0,6.4,2.862151010211321,2025-08-25,1,value,web,search,2026-01-30,5,medium,158,1,-4.0
U001332,143.654,100.39,0.0,6.6,0.6988319155749231,2025-11-01,3,regular,mobile,organic,2026-01-29,2,medium,90,1,-3.0
U001333,69.71600000000001,48.83,0.0,6.6,0.7004131045957885,2025-08-19,1,regular,web,organic,2026-01-29,5,high,164,1,-3.0
U001334,37.944,5.52,0.0,6.6,0.14547754585705247,2025-11-23,1,value,mobile,email,2026-01-27,2,low,68,1,-1.0
U001335,207.75,168.61,0.0,6.4,0.8116004813477738,2025-09-15,1,premium,mobile,paid_social,2026-01-30,4,high,137,1,-4.0
U001336,86.42,80.39,0.0,5.25,0.9302244850728998,2026-01-10,2,regular,web,referral,2026-01-30,1,low,20,1,-4.0
U001337,145.13400000000001,49.730000000000004,0.0,6.6,0.3426488624305814,2025-10-12,2,regular,web,paid_social,2026-01-29,3,high,110,1,-3.0
U001338,0.0,0.0,0.0,6.6,,2025-07-18,1,regular,mobile,referral,2025-09-14,2,low,196,0,134.0
U001339,43.202,0.0,0.0,6.6,0.0,2025-11-15,2,premium,mobile,organic,2026-01-14,1,medium,76,0,12.0
U001340,58.672000000000004,22.299999999999997,0.0,6.6,0.38007908371966176,2025-08-15,2,value,web,search,2026-01-30,4,medium,168,1,-4.0
U001341,41.708,0.0,0.0,6.6,0.0,2025-09-16,3,regular,web,paid_social,2026-01-20,2,medium,136,1,6.0
U001342,137.678,32.68,0.0,6.6,0.23736544691236072,2025-06-08,3,regular,mobile,organic,2026-01-30,7,high,236,1,-4.0
U001343,57.912,47.27,0.0,6.6,0.8162384307224756,2025-06-03,2,value,mobile,organic,2026-01-26,7,medium,241,1,0.0
U001344,0.0,0.0,0.0,6.6,,2025-09-26,1,value,mobile,paid_social,2025-10-26,0,low,126,0,92.0
U001345,245.176,82.57,0.0,6.4,0.3367784775018762,2025-06-20,2,premium,mobile,referral,2026-01-30,7,high,224,1,-4.0
U001346,81.965,59.510000000000005,1.0,5.0,0.7260416031232844,2026-01-10,3,regular,mobile,paid_social,2026-01-29,0,low,20,1,-3.0
U001347,5.13,0.0,0.0,6.6,0.0,2025-12-05,1,regular,web,organic,2025-12-31,1,low,56,0,26.0
U001348,123.402,72.13,0.0,6.4,0.5845124066060517,2025-10-27,2,regular,mobile,email,2026-01-29,3,medium,95,1,-3.0
U001349,11.876000000000001,0.0,0.0,6.6,0.0,2025-11-05,3,regular,web,organic,2025-12-30,2,medium,86,0,27.0
U001350,260.46400000000006,263.11,0.0,6.6,1.0101587935376863,2025-10-01,3,premium,mobile,organic,2026-01-30,3,high,121,1,-4.0
U001351,85.356,97.71000000000001,0.0,6.6,1.144734992267679,2025-05-20,2,regular,mobile,email,2026-01-30,8,high,255,1,-4.0
U001352,85.686,150.81,0.0,6.6,1.7600308101673552,2025-08-11,2,value,mobile,paid_social,2026-01-30,5,medium,172,1,-4.0
U001353,65.772,29.35,0.0,6.6,0.4462385209511646,2025-09-06,2,value,web,email,2026-01-29,4,medium,146,1,-3.0
U001354,137.15,46.73,0.0,6.6,0.34072183740430184,2025-12-20,3,regular,mobile,referral,2026-01-28,0,low,41,1,-2.0
U001355,111.91199999999999,66.8,0.0,6.2,0.5968975623704339,2025-06-29,1,regular,mobile,paid_social,2026-01-30,7,high,215,1,-4.0
U001356,116.33600000000001,140.3,0.0,6.4,1.2059895475175353,2025-09-06,1,regular,mobile,organic,2026-01-30,4,medium,146,1,-4.0
U001357,7.093999999999999,0.0,0.0,6.6,0.0,2025-07-30,2,value,mobile,organic,2026-01-01,4,medium,184,0,25.0
U001358,52.76800000000001,71.97,0.0,6.6,1.3638947847180107,2025-06-07,1,value,web,email,2026-01-28,7,medium,237,1,-2.0
U001359,91.51,100.59,0.0,6.6,1.0992241285105453,2025-05-30,2,regular,web,referral,2026-01-30,8,high,245,1,-4.0
U001360,116.242,24.04,0.0,6.4,0.2068099310060047,2025-08-04,2,regular,mobile,search,2026-01-29,5,high,179,1,-3.0
U001361,0.0,0.0,0.0,6.6,,2025-05-25,3,value,mobile,search,2025-07-10,2,low,250,0,200.0
U001362,0.0,0.0,0.0,6.4,,2025-05-21,3,regular,mobile,organic,2025-10-20,4,medium,254,0,98.0
U001363,104.56599999999999,101.59,0.0,6.4,0.9715395061492265,2025-08-01,2,regular,mobile,organic,2026-01-28,5,high,182,1,-2.0
U001364,185.644,166.71,0.0,6.2,0.8980090926719959,2025-06-24,3,premium,web,referral,2026-01-29,7,high,220,1,-3.0
U001365,0.0,0.0,0.0,6.6,,2025-09-21,2,value,web,organic,2025-11-20,2,low,131,0,67.0
U001366,168.73399999999998,91.05,0.0,6.4,0.5396067182666209,2025-05-09,2,premium,mobile,search,2026-01-29,7,high,266,1,-3.0
U001367,0.0,0.0,0.0,6.6,,2025-07-19,1,regular,web,email,2025-10-20,2,medium,195,0,98.0
U001368,77.584,46.370000000000005,0.0,6.6,0.5976747783048052,2025-08-26,3,regular,mobile,search,2026-01-29,5,high,157,1,-3.0
U001369,52.732000000000006,87.62,0.0,6.0,1.6616096487901084,2026-01-01,3,value,mobile,search,2026-01-30,1,low,29,1,-4.0
U001370,137.862,120.02,0.0,6.6,0.8705807256531894,2025-10-11,3,regular,mobile,organic,2026-01-30,3,medium,111,1,-4.0
U001371,130.732,48.22,0.0,6.6,0.3688461891503228,2025-12-12,3,regular,web,organic,2026-01-27,1,low,49,1,-1.0
U001372,73.55799999999999,14.03,0.0,6.6,0.19073384268196525,2025-07-30,3,value,mobile,organic,2026-01-27,6,high,184,1,-1.0
U001373,121.172,87.94000000000001,0.0,6.4,0.7257452216683723,2025-08-25,1,regular,web,organic,2026-01-30,5,high,158,1,-4.0
U001374,133.748,38.46,0.0,6.4,0.2875557017675031,2025-08-18,3,regular,web,organic,2026-01-30,5,high,165,1,-4.0
U001375,131.952,210.65,0.0,6.6,1.5964138474596823,2025-12-13,2,regular,web,organic,2026-01-30,1,low,48,1,-4.0
U001376,21.332,0.0,0.0,6.2,0.0,2025-12-31,2,value,web,organic,2026-01-21,1,low,30,1,5.0
U001377,52.202,0.0,0.0,6.0,0.0,2026-01-01,2,regular,mobile,organic,2026-01-18,1,low,29,1,8.0
U001378,44.41799999999999,73.35,0.0,6.6,1.6513575577468596,2025-11-09,2,value,mobile,email,2026-01-29,2,low,82,1,-3.0
U001379,180.424,149.54,0.0,6.6,0.8288254334234912,2025-09-08,2,premium,web,organic,2026-01-28,3,high,144,1,-2.0
U001380,209.98200000000003,74.32000000000001,0.0,6.6,0.353935099198979,2025-09-17,1,premium,mobile,search,2026-01-27,4,high,135,1,-1.0
U001381,62.8675,44.25,0.0,6.25,0.703861295581978,2026-01-06,1,value,web,referral,2026-01-29,1,low,24,1,-3.0
U001382,47.827999999999996,55.19,0.0,6.4,1.1539265702099188,2025-07-15,2,value,mobile,organic,2026-01-29,6,medium,199,1,-3.0
U001383,62.989999999999995,22.0,0.0,6.4,0.34926178758533105,2025-07-31,3,value,mobile,search,2026-01-26,5,medium,183,1,0.0
U001384,95.436,108.47,0.0,6.4,1.1365732008885534,2025-12-16,2,regular,mobile,referral,2026-01-30,1,low,45,1,-4.0
U001385,187.97,153.94,0.0,6.6,0.818960472415811,2025-08-09,2,premium,web,search,2026-01-30,5,high,174,1,-4.0
U001386,74.60600000000001,27.77,0.0,6.6,0.3722220732916923,2025-07-03,2,regular,web,organic,2026-01-26,5,high,211,1,0.0
U001387,48.804,38.33,0.0,6.6,0.78538644373412,2025-09-22,2,value,web,paid_social,2026-01-30,4,medium,130,1,-4.0
U001388,45.372,20.65,0.0,6.6,0.4551265097416909,2025-07-25,1,value,mobile,paid_social,2026-01-26,6,medium,189,1,0.0
U001389,56.34400000000001,23.93,0.0,6.6,0.4247124804770694,2025-12-14,3,value,mobile,search,2026-01-30,1,low,47,1,-4.0
U001390,151.998,64.27000000000001,0.0,6.6,0.42283451098040775,2025-12-19,1,regular,web,organic,2026-01-28,1,low,42,1,-2.0
U001391,0.0,0.0,0.0,6.6,,2025-07-20,2,regular,web,organic,2025-11-13,3,high,194,0,74.0
U001392,136.268,17.79,0.0,6.6,0.13055156016085948,2025-09-14,3,regular,mobile,referral,2026-01-29,4,high,138,1,-3.0
U001393,27.255,17.52,1.0,6.25,0.6428178315905339,2026-01-06,2,value,web,organic,2026-01-29,0,low,24,1,-3.0
U001394,184.786,173.20999999999998,0.0,6.4,0.9373545614927536,2025-11-07,3,premium,mobile,organic,2026-01-30,2,high,84,1,-4.0
U001395,0.0,0.0,0.0,6.2,,2025-06-28,2,value,mobile,search,2025-12-26,5,medium,216,0,31.0
U001396,123.89200000000001,129.5,1.0,6.6,1.0452652310076518,2025-09-30,3,regular,web,email,2026-01-29,3,medium,122,1,-3.0
U001397,252.006,164.97,0.0,6.6,0.6546272707792672,2025-10-07,2,premium,web,organic,2026-01-29,2,high,115,1,-3.0
U001398,0.0,0.0,0.0,6.6,,2025-10-16,3,regular,web,organic,2025-12-15,2,medium,106,0,42.0
U001399,164.526,156.3,0.0,6.4,0.9500018234200066,2025-05-11,2,premium,web,search,2026-01-30,7,high,264,1,-4.0
U001400,0.0,0.0,0.0,6.6,,2025-07-19,3,value,nan,paid_social,2025-11-11,2,medium,195,0,76.0
U001401,15.216,0.0,0.0,6.6,0.0,2025-12-05,3,regular,mobile,search,2026-01-02,0,low,56,0,24.0
U001402,38.976,100.13,0.0,6.4,2.569016830870279,2025-07-04,2,value,web,referral,2026-01-30,5,medium,210,1,-4.0
U001403,110.27000000000001,131.49,0.0,6.6,1.1924367461684955,2025-07-19,3,regular,web,organic,2026-01-29,6,high,195,1,-3.0
U001404,0.0,0.0,0.0,6.4,,2025-07-24,2,value,web,search,2025-12-27,4,medium,190,0,30.0
U001405,7.85,0.0,0.0,6.6,0.0,2025-06-18,2,value,web,search,2026-01-16,7,medium,226,0,10.0
U001406,54.44199999999999,36.81,0.0,6.4,0.676132397781125,2025-06-13,3,value,mobile,search,2026-01-27,7,medium,231,1,-1.0
U001407,51.536,0.0,0.0,6.4,0.0,2025-07-31,2,value,mobile,search,2026-01-23,5,medium,183,1,3.0
U001408,96.36800000000001,99.47,0.0,6.4,1.032189108417732,2025-12-10,2,regular,mobile,referral,2026-01-30,1,medium,51,1,-4.0
U001409,176.022,148.88,0.0,6.6,0.8458033654884048,2025-05-05,1,regular,web,organic,2026-01-29,8,high,270,1,-3.0
U001410,0.0,0.0,0.0,6.6,,2025-07-15,1,value,mobile,paid_social,2025-08-05,1,low,199,0,174.0
U001411,0.0,0.0,0.0,6.6,,2025-05-20,3,premium,web,organic,2025-12-20,6,high,255,0,37.0
U001412,138.544,78.08000000000001,0.0,6.6,0.5635754706086153,2025-09-22,2,premium,mobile,search,2026-01-29,4,high,130,1,-3.0
U001413,25.57,24.06,0.0,6.4,0.9409464215877982,2025-07-06,2,value,mobile,search,2026-01-29,6,medium,208,1,-3.0
U001414,125.95599999999999,116.94,0.0,6.6,0.9284194480612278,2025-11-19,1,regular,mobile,search,2026-01-30,2,medium,72,1,-4.0
U001415,148.39933677549556,105.65,0.0,6.6,0.7119304054561345,2025-09-28,2,regular,web,organic,2026-01-29,3,high,124,1,-3.0
U001416,108.904,108.49,0.0,6.4,0.9961984867406156,2025-11-17,3,regular,web,email,2026-01-29,2,medium,74,1,-3.0
U001417,56.193999999999996,16.73,0.0,6.6,0.29771861764601204,2025-10-11,3,value,mobile,email,2026-01-26,3,low,111,1,0.0
U001418,81.304,43.629999999999995,0.0,6.6,0.5366279641838039,2025-08-23,1,regular,web,referral,2026-01-28,5,high,160,1,-2.0
U001419,14.492,0.0,0.0,6.6,0.0,2025-12-07,2,value,mobile,referral,2026-01-09,1,low,54,0,17.0
U001420,30.389999999999997,12.94,0.0,6.6,0.42579795985521557,2025-09-01,2,value,web,organic,2026-01-28,4,medium,151,1,-2.0
U001421,46.358,54.97,0.0,6.6,1.185771603606713,2025-12-29,2,regular,mobile,search,2026-01-27,1,low,32,1,-1.0
U001422,96.73750000000001,34.47,1.0,5.5,0.3563251066029202,2026-01-09,2,regular,web,organic,2026-01-29,0,low,21,1,-3.0
U001423,93.208,164.38,0.0,6.6,1.7635825251051411,2025-09-29,2,regular,mobile,referral,2026-01-30,3,high,123,1,-4.0
U001424,36.416,37.839999999999996,0.0,6.6,1.039103690685413,2025-10-21,2,value,nan,organic,2026-01-29,3,low,101,1,-3.0
U001425,59.504000000000005,6.11,0.0,6.4,0.10268217262705027,2025-07-08,2,value,web,organic,2026-01-27,6,high,206,1,-1.0
U001426,0.0,0.0,0.0,6.6,,2025-11-25,2,value,web,paid_social,2025-12-28,0,low,66,0,29.0
U001427,56.157999999999994,98.35,0.0,6.6,1.751308807293707,2025-10-20,2,value,web,organic,2026-01-28,3,low,102,1,-2.0
U001428,52.965999999999994,35.36,0.0,6.6,0.6675980817883171,2025-12-17,3,value,mobile,paid_social,2026-01-29,1,low,44,1,-3.0
U001429,88.026,84.33,0.0,6.6,0.9580124054256697,2025-07-11,2,regular,mobile,organic,2026-01-26,4,high,203,1,0.0
U001430,96.042,88.92999999999999,0.0,6.6,0.9259490639511879,2025-11-18,2,regular,mobile,paid_social,2026-01-29,2,medium,73,1,-3.0
U001431,174.63400000000001,132.31,0.0,6.6,0.7576416963477902,2025-08-31,3,regular,mobile,referral,2026-01-30,5,high,152,1,-4.0
U001432,143.12,43.16,0.0,6.4,0.3015651201788708,2025-06-20,3,regular,mobile,paid_social,2026-01-29,7,high,224,1,-3.0
U001433,55.327999999999996,17.880000000000003,0.0,6.6,0.3231636784268364,2025-06-16,1,value,web,organic,2026-01-30,7,medium,228,1,-4.0
U001434,133.098,136.99,0.0,6.6,1.029241611444199,2025-09-23,2,regular,mobile,organic,2026-01-28,3,high,129,1,-2.0
U001435,70.744,0.0,0.0,6.6,0.0,2025-07-24,2,value,web,organic,2026-01-23,6,medium,190,1,3.0
U001436,229.24200000000002,154.84,0.0,6.4,0.6754434178728156,2025-05-30,2,premium,mobile,organic,2026-01-30,7,high,245,1,-4.0
U001437,0.0,0.0,0.0,6.6,,2025-08-20,1,value,web,search,2025-12-15,4,low,163,0,42.0
U001438,95.55,109.65,0.0,6.6,1.1475667189952905,2025-10-15,2,regular,mobile,search,2026-01-29,3,medium,107,1,-3.0
U001439,208.18800000000002,63.71,0.0,6.4,0.30602148058485595,2025-07-24,2,premium,web,organic,2026-01-29,6,high,190,1,-3.0
U001440,117.258,160.45,0.0,6.4,1.3683501338927835,2025-12-30,2,regular,web,organic,2026-01-30,1,low,31,1,-4.0
U001441,7.622,0.0,0.0,6.6,0.0,2025-11-16,3,regular,web,email,2026-01-13,2,low,75,0,13.0
U001442,105.14000000000001,0.0,0.0,6.6,0.0,2025-09-10,2,regular,web,organic,2026-01-23,4,high,142,1,3.0
U001443,42.676,0.0,0.0,6.6,0.0,2025-12-25,3,value,web,organic,2026-01-24,1,low,36,1,2.0
U001444,0.0,0.0,0.0,6.6,,2025-08-21,3,regular,web,search,2025-11-17,3,medium,162,0,70.0
U001445,0.0,0.0,0.0,6.6,,2025-06-09,3,premium,web,organic,2025-11-06,5,high,235,0,81.0
U001446,195.948,89.93,0.0,6.6,0.4589482924041072,2025-05-13,1,premium,mobile,email,2026-01-30,8,high,262,1,-4.0
U001447,105.418,76.81,0.0,6.4,0.7286231952797435,2025-12-26,3,regular,web,organic,2026-01-30,1,low,35,1,-4.0
U001448,29.334000000000003,0.0,1.0,6.0,0.0,2025-12-31,1,value,mobile,paid_social,2026-01-19,1,low,30,1,7.0
U001449,109.16199999999999,17.32,0.0,6.4,0.15866327110166542,2025-11-06,2,regular,web,paid_social,2026-01-28,2,medium,85,1,-2.0
U001450,134.664,166.89,1.0,6.6,1.2393067189449296,2025-05-30,3,regular,mobile,referral,2026-01-30,7,high,245,1,-4.0
U001451,41.756,69.83,0.0,6.6,1.6723345148002682,2025-07-17,2,value,web,paid_social,2026-01-30,6,medium,197,1,-4.0
U001452,61.976,19.23,0.0,6.6,0.3102813992513231,2025-05-15,2,value,web,paid_social,2026-01-28,8,medium,260,1,-2.0
U001453,50.059999999999995,31.51,0.0,6.6,0.6294446664003197,2025-05-17,2,value,mobile,search,2026-01-29,7,medium,258,1,-3.0
U001454,134.498,149.16,0.0,6.6,1.1090127734241402,2025-07-05,3,regular,mobile,search,2026-01-29,6,high,209,1,-3.0
U001455,36.946000000000005,40.34,0.0,6.6,1.091863801223407,2025-09-25,2,value,web,paid_social,2026-01-30,4,medium,127,1,-4.0
U001456,38.622,0.0,0.0,6.4,0.0,2025-05-21,2,value,web,search,2026-01-12,8,medium,254,1,14.0
U001457,82.1225,39.62,0.0,6.0,0.4824499984778836,2026-01-07,3,value,web,search,2026-01-28,1,low,23,1,-2.0
U001458,0.0,0.0,0.0,6.2,,2025-08-27,1,premium,web,organic,2025-12-26,4,high,156,0,31.0
U001459,55.922000000000004,93.27,0.0,6.4,1.667858803333214,2025-07-10,1,value,web,organic,2026-01-30,6,medium,204,1,-4.0
U001460,50.694,0.0,0.0,6.6,0.0,2025-09-11,2,value,mobile,search,2026-01-23,4,medium,141,1,3.0
U001461,114.28,23.97,0.0,6.6,0.20974798739936995,2025-11-19,3,regular,web,organic,2026-01-28,2,medium,72,1,-2.0
U001462,66.076,28.05,0.0,6.6,0.42451116895695873,2025-07-22,1,value,mobile,search,2026-01-30,6,medium,192,1,-4.0
U001463,213.2,154.47,0.0,6.6,0.72453095684803,2025-05-16,1,premium,web,organic,2026-01-30,8,high,259,1,-4.0
U001464,197.83800000000002,152.21,0.0,6.6,0.7693668557102276,2025-05-17,1,premium,web,search,2026-01-30,7,high,258,1,-4.0
U001465,0.0,0.0,0.0,6.4,,2025-12-04,3,regular,web,paid_social,2025-12-26,0,low,57,0,31.0
U001466,96.732,183.78,0.0,6.6,1.899888351321176,2025-06-02,1,regular,web,search,2026-01-30,7,high,242,1,-4.0
U001467,6.406000000000001,0.0,0.0,6.6,0.0,2025-10-11,2,value,web,paid_social,2026-01-12,2,low,111,0,14.0
U001468,14.352,0.0,0.0,6.6,0.0,2025-08-09,3,value,mobile,organic,2026-01-06,5,medium,174,0,20.0
U001469,59.1,67.88,0.0,6.4,1.1485617597292723,2025-11-16,1,value,mobile,organic,2026-01-30,1,low,75,1,-4.0
U001470,48.769999999999996,0.0,0.0,6.6,0.0,2025-05-20,2,value,web,paid_social,2026-01-20,8,medium,255,1,6.0
U001471,54.818000000000005,29.799999999999997,0.0,6.6,0.5436170600897514,2025-12-16,2,value,web,referral,2026-01-29,1,low,45,1,-3.0
U001472,110.622,105.81,0.0,6.6,0.9565005152682107,2025-10-27,3,regular,mobile,paid_social,2026-01-30,2,medium,95,1,-4.0
U001473,44.742000000000004,0.0,0.0,6.6,0.0,2025-08-25,2,value,web,paid_social,2026-01-22,4,medium,158,1,4.0
U001474,36.634,0.0,1.0,6.4,0.0,2025-06-25,2,value,web,paid_social,2026-01-21,7,medium,219,1,5.0
U001475,85.1,64.9,1.0,6.25,0.7626321974148063,2026-01-05,1,regular,mobile,paid_social,2026-01-30,0,low,25,1,-4.0
U001476,103.732,41.3,0.0,6.2,0.39814136428488794,2025-07-19,2,regular,web,paid_social,2026-01-30,6,high,195,1,-4.0
U001477,45.35,25.94,0.0,6.6,0.5719955898566703,2025-09-05,3,value,web,paid_social,2026-01-28,4,medium,147,1,-2.0
U001478,67.514,103.45,0.0,6.6,1.5322747874514917,2025-08-11,1,value,web,organic,2026-01-30,5,medium,172,1,-4.0
U001479,61.85,15.03,0.0,6.4,0.2430072756669361,2025-07-01,2,value,mobile,organic,2026-01-28,6,high,213,1,-2.0
U001480,0.0,0.0,0.0,6.4,,2025-08-17,3,value,web,search,2025-10-13,2,low,166,0,105.0
U001481,81.06800000000001,0.0,0.0,6.4,0.0,2025-06-12,1,regular,mobile,search,2026-01-23,7,high,232,1,3.0
U001482,185.878,82.12,0.0,6.6,0.4417951559625131,2025-05-05,2,premium,web,paid_social,2026-01-29,7,high,270,1,-3.0
U001483,78.788,139.68,0.0,6.0,1.7728588109864447,2025-07-16,2,regular,web,organic,2026-01-30,6,high,198,1,-4.0
U001484,130.728,138.8,0.0,6.6,1.061746527140322,2025-06-02,2,regular,web,organic,2026-01-30,8,high,242,1,-4.0
U001485,132.792,106.17,0.0,6.6,0.7995210554852702,2025-08-17,2,regular,mobile,referral,2026-01-30,5,high,166,1,-4.0
U001486,31.044,0.0,0.0,6.4,0.0,2025-12-07,2,regular,web,organic,2026-01-04,1,low,54,0,22.0
U001487,0.0,0.0,0.0,6.4,,2025-06-14,1,value,mobile,referral,2025-11-15,5,medium,230,0,72.0
U001488,57.092000000000006,104.17,0.0,6.6,1.824598893014783,2025-05-05,2,value,web,organic,2026-01-30,8,medium,270,1,-4.0
U001489,0.0,0.0,0.0,6.6,,2025-06-01,2,regular,web,search,,1,low,243,0,
U001490,19.259999999999998,0.0,0.0,6.6,0.0,2025-09-09,2,regular,web,search,2025-12-31,3,high,143,0,26.0
U001491,14.61,0.0,0.0,6.6,0.0,2025-07-12,1,value,web,organic,2026-01-02,6,medium,202,0,24.0
U001492,16.892,0.0,0.0,6.6,0.0,2025-09-04,3,value,web,organic,2026-01-22,4,medium,148,1,4.0
U001493,0.0,0.0,0.0,6.4,,2025-05-12,1,value,mobile,organic,2025-10-11,5,low,263,0,107.0
U001494,34.016,0.0,0.0,6.4,0.0,2025-07-27,3,value,mobile,organic,2026-01-21,6,medium,187,1,5.0
U001495,141.058,56.31,0.0,6.4,0.3991974932297353,2025-08-15,2,regular,mobile,organic,2026-01-30,5,high,168,1,-4.0
U001496,96.344,43.21,0.0,6.6,0.448497052229511,2025-08-21,3,regular,mobile,referral,2026-01-29,5,high,162,1,-3.0
U001497,125.268,63.89,0.0,6.6,0.5100265031771881,2025-09-20,1,regular,web,organic,2026-01-29,4,high,132,1,-3.0
U001498,44.56,41.790000000000006,0.0,6.6,0.9378366247755836,2025-11-16,1,value,mobile,search,2026-01-30,2,low,75,1,-4.0
U001499,79.42,0.0,0.0,6.6,0.0,2025-08-30,2,value,web,organic,2026-01-25,5,medium,153,1,1.0
U001500,153.108,59.86,0.0,6.6,0.3909658541682995,2025-12-02,1,regular,mobile,email,2026-01-29,1,medium,59,1,-3.0
U001501,97.44200000000001,74.48,0.0,6.6,0.764352127419388,2025-09-14,1,regular,mobile,referral,2026-01-30,4,high,138,1,-4.0
U001502,32.910000000000004,22.939999999999998,0.0,6.6,0.6970525676086294,2025-07-09,2,value,web,email,2026-01-28,6,medium,205,1,-2.0
U001503,55.67999999999999,0.0,0.0,6.6,0.0,2025-07-01,3,value,mobile,email,2026-01-21,7,medium,213,1,5.0
U001504,113.146,88.72,0.0,6.6,0.7841196330404964,2025-07-24,1,regular,mobile,organic,2026-01-30,6,high,190,1,-4.0
U001505,0.0,0.0,0.0,6.4,,2025-10-01,3,regular,web,paid_social,2025-10-31,0,low,121,0,87.0
U001506,157.804,193.45999999999998,0.0,6.6,1.2259511799447413,2025-07-04,3,premium,mobile,organic,2026-01-30,6,high,210,1,-4.0
U001507,117.5,75.67,0.0,6.6,0.644,2025-12-20,3,regular,web,referral,2026-01-28,1,low,41,1,-2.0
U001508,98.038,74.31,0.0,6.4,0.7579713988453457,2025-09-02,2,regular,web,search,2026-01-27,4,high,150,1,-1.0
U001509,127.31400000000001,53.1,0.0,6.6,0.41707903294217447,2025-12-07,2,regular,web,search,2026-01-30,1,medium,54,1,-4.0
U001510,0.0,0.0,0.0,6.4,,2025-10-23,2,value,mobile,email,2025-12-16,2,low,99,0,41.0
U001511,142.916,121.65,0.0,6.6,0.851199305885975,2025-07-27,2,regular,web,referral,2026-01-30,6,high,187,1,-4.0
U001512,69.476,31.65,0.0,6.6,0.4555529967182912,2025-07-01,3,regular,mobile,email,2026-01-30,7,high,213,1,-4.0
U001513,65.048,66.53,0.0,6.4,1.0227831755011683,2025-11-07,1,value,web,organic,2026-01-30,2,low,84,1,-4.0
U001514,225.904,84.50999999999999,0.0,6.6,0.3740969615411856,2025-07-27,2,premium,web,organic,2026-01-29,6,high,187,1,-3.0
U001515,55.44199999999999,34.91,0.0,6.6,0.629667039428592,2025-07-05,1,value,mobile,organic,2026-01-28,5,high,209,1,-2.0
U001516,69.394,41.62,0.0,6.6,0.5997636683286739,2025-12-24,3,value,web,search,2026-01-28,1,low,37,1,-2.0
U001517,80.818,0.0,0.0,6.4,0.0,2025-09-03,2,value,mobile,search,2026-01-25,4,medium,149,1,1.0
U001518,262.51000000000005,165.41000000000003,0.0,6.6,0.6301093291684126,2025-05-17,2,premium,web,organic,2026-01-28,8,high,258,1,-2.0
U001519,191.904,171.29000000000002,0.0,6.4,0.892581707520427,2025-09-06,3,premium,mobile,referral,2026-01-30,3,high,146,1,-4.0
U001520,45.554,20.64,1.0,6.6,0.453088642051192,2025-08-28,3,regular,mobile,organic,2026-01-28,4,medium,155,1,-2.0
U001521,262.76946224961887,170.98,0.0,6.2,0.6506844385044137,2025-12-07,1,premium,web,paid_social,2026-01-29,1,high,54,1,-3.0
U001522,17.146,0.0,0.0,6.4,0.0,2025-10-30,3,premium,web,referral,2026-01-03,1,high,92,0,23.0
U001523,0.0,0.0,0.0,6.6,,2025-06-22,3,regular,web,paid_social,2025-09-20,2,medium,222,0,128.0
U001524,218.80599999999998,220.82999999999998,0.0,6.6,1.009250203376507,2025-06-11,1,premium,mobile,search,2026-01-30,6,high,233,1,-4.0
U001525,77.28599999999999,25.89,0.0,6.6,0.334989519447248,2025-10-03,3,regular,mobile,organic,2026-01-29,3,medium,119,1,-3.0
U001526,119.274,65.63,0.0,6.4,0.550245652866509,2025-05-16,2,regular,web,organic,2026-01-29,8,high,259,1,-3.0
U001527,0.0,0.0,0.0,6.6,,2025-07-24,2,regular,web,paid_social,2025-11-13,4,high,190,0,74.0
U001528,0.0,0.0,0.0,6.4,,2025-06-08,2,regular,mobile,search,2025-11-10,4,medium,236,0,77.0
U001529,34.688,4.16,0.0,6.4,0.11992619926199262,2025-05-10,2,value,web,organic,2026-01-28,8,medium,265,1,-2.0
U001530,122.918,111.38,0.0,6.6,0.906132543646984,2025-12-21,1,regular,mobile,email,2026-01-30,1,low,40,1,-4.0
U001531,0.0,0.0,0.0,6.6,,2025-05-27,1,premium,mobile,paid_social,2025-09-17,3,high,248,0,131.0
U001532,0.0,0.0,0.0,6.6,,2025-05-07,1,value,web,referral,2025-08-07,2,low,268,0,172.0
U001533,126.35,99.87,0.0,6.6,0.790423426988524,2025-12-25,2,premium,web,search,2026-01-30,1,low,36,1,-4.0
U001534,96.5548274271982,20.61,0.0,6.6,0.21345385362052274,2025-06-21,2,value,web,email,2026-01-27,6,medium,223,1,-1.0
U001535,52.676,23.43,0.0,6.6,0.44479459336320143,2025-11-25,1,value,web,organic,2026-01-26,2,low,66,1,0.0
U001536,39.748000000000005,0.0,0.0,6.6,0.0,2025-05-12,2,value,mobile,organic,2026-01-22,8,medium,263,1,4.0
U001537,131.794,86.5,0.0,6.6,0.656327298663065,2025-06-12,2,regular,mobile,referral,2026-01-28,7,high,232,1,-2.0
U001538,37.948,0.0,0.0,6.4,0.0,2025-06-01,2,regular,mobile,referral,2026-01-25,8,high,243,1,1.0
U001539,61.50599999999999,26.96,0.0,6.6,0.4383312197184015,2025-10-29,3,value,web,search,2026-01-30,3,low,93,1,-4.0
U001540,157.488,62.98,0.0,6.6,0.39990348470994613,2025-10-07,2,regular,web,organic,2026-01-29,3,medium,115,1,-3.0
U001541,54.576,22.450000000000003,0.0,6.6,0.4113529756669599,2025-09-01,3,value,mobile,organic,2026-01-29,4,medium,151,1,-3.0
U001542,107.38400000000001,172.91,0.0,6.4,1.6102026372643967,2025-07-04,1,regular,web,paid_social,2026-01-29,5,high,210,1,-3.0
U001543,163.59,141.93,0.0,6.6,0.867595818815331,2025-05-27,2,premium,web,referral,2026-01-30,7,high,248,1,-4.0
U001544,107.91400000000002,20.43,0.0,6.6,0.1893174194265804,2025-09-24,3,regular,web,search,2026-01-29,4,high,128,1,-3.0
U001545,113.434,0.0,0.0,6.6,0.0,2025-07-01,3,regular,mobile,organic,2026-01-25,7,high,213,1,1.0
U001546,92.772,121.27,0.0,6.6,1.3071832018281377,2025-09-30,2,regular,mobile,paid_social,2026-01-30,3,medium,122,1,-4.0
U001547,245.43599999999998,126.89,0.0,6.4,0.5169983213546505,2025-10-24,2,premium,web,paid_social,2026-01-28,3,high,98,1,-2.0
U001548,44.416,42.76,0.0,6.4,0.9627161383285303,2025-12-04,2,value,mobile,search,2026-01-30,1,low,57,1,-4.0
U001549,51.072,7.88,0.0,6.4,0.15429197994987467,2025-09-05,2,value,web,paid_social,2026-01-30,4,medium,147,1,-4.0
U001550,62.786,50.61,0.0,6.6,0.806071417194916,2025-05-06,3,value,web,email,2026-01-30,8,medium,269,1,-4.0
U001551,0.0,0.0,0.0,6.2,,2025-07-14,3,regular,web,organic,2025-12-10,4,high,200,0,47.0
U001552,18.968,0.0,0.0,6.4,0.0,2025-12-05,2,regular,mobile,search,2026-01-03,1,low,56,0,23.0
U001553,83.522,51.91,0.0,6.2,0.6215128948061588,2025-09-15,1,regular,web,paid_social,2026-01-28,4,high,137,1,-2.0
U001554,0.0,0.0,0.0,6.6,,2025-10-07,2,value,web,search,2025-12-05,2,low,115,0,52.0
U001555,67.24199999999999,46.370000000000005,0.0,6.6,0.6895987626780883,2025-08-27,1,value,web,referral,2026-01-30,4,medium,156,1,-4.0
U001556,102.838,122.14,0.0,6.6,1.187693265135456,2025-06-14,1,regular,mobile,paid_social,2026-01-29,7,high,230,1,-3.0
U001557,221.536,206.82999999999998,0.0,6.6,0.9336180124223602,2025-12-16,2,premium,mobile,search,2026-01-29,1,medium,45,1,-3.0
U001558,19.114,21.79,0.0,6.6,1.1400020927069163,2025-11-15,2,value,web,organic,2026-01-29,2,low,76,1,-3.0
U001559,47.02250000000001,24.64,1.0,5.5,0.5240044659471529,2026-01-09,1,value,mobile,paid_social,2026-01-27,0,low,21,1,-1.0
U001560,73.216,74.11,0.0,6.6,1.0122104458041958,2025-12-05,1,value,web,organic,2026-01-29,1,low,56,1,-3.0
U001561,123.87,76.0,0.0,6.6,0.6135464599983854,2025-07-17,1,regular,web,organic,2026-01-30,6,high,197,1,-4.0
U001562,0.0,0.0,0.0,6.6,,2025-07-07,3,value,mobile,search,2025-10-07,3,low,207,0,111.0
U001563,69.4,25.25,0.0,6.4,0.36383285302593654,2025-07-06,2,value,mobile,search,2026-01-30,5,medium,208,1,-4.0
U001564,139.612,57.17,0.0,6.6,0.4094920207432026,2025-12-21,1,regular,web,email,2026-01-30,1,low,40,1,-4.0
U001565,87.16600000000001,91.85000000000001,0.0,6.4,1.0537365486542918,2025-09-21,1,value,mobile,paid_social,2026-01-30,4,medium,131,1,-4.0
U001566,109.50399999999999,83.61,0.0,6.4,0.7635337521917008,2025-08-27,2,regular,web,referral,2026-01-29,5,high,156,1,-3.0
U001567,65.44399999999999,45.4,0.0,5.4,0.6937228775747205,2026-01-03,2,value,mobile,search,2026-01-29,1,low,27,1,-3.0
U001568,0.0,0.0,0.0,6.6,,2025-10-03,2,premium,mobile,search,2025-10-31,1,low,119,0,87.0
U001569,153.744,148.66,0.0,6.6,0.9669320428764699,2025-12-19,2,regular,mobile,email,2026-01-29,1,low,42,1,-3.0
U001570,51.5725,0.0,0.0,5.75,0.0,2026-01-07,3,value,web,search,2026-01-25,1,low,23,1,1.0
U001571,61.489999999999995,0.0,0.0,6.6,0.0,2025-05-24,2,value,mobile,referral,2026-01-18,7,medium,251,1,8.0
U001572,0.0,0.0,0.0,6.6,,2025-08-03,2,regular,mobile,search,2025-09-02,1,low,180,0,146.0
U001573,206.55599999999998,123.36,0.0,6.6,0.5972230291059084,2025-11-05,1,premium,web,organic,2026-01-28,2,high,86,1,-2.0
U001574,47.72,56.42,0.0,6.4,1.1823134953897738,2025-11-25,3,value,web,paid_social,2026-01-30,1,low,66,1,-4.0
U001575,66.16600000000001,30.8,0.0,6.2,0.4654958740138439,2025-06-11,3,value,mobile,organic,2026-01-30,7,medium,233,1,-4.0
U001576,60.71,10.07,0.0,6.4,0.16587053203755558,2025-07-23,2,value,web,organic,2026-01-30,6,medium,191,1,-4.0
U001577,103.28599999999999,64.65,0.0,6.6,0.6259318784733654,2025-09-19,2,regular,mobile,organic,2026-01-28,4,high,133,1,-2.0
U001578,164.14,232.13,0.0,6.6,1.4142195686608994,2025-11-21,1,premium,web,organic,2026-01-30,2,medium,70,1,-4.0
U001579,107.50399999999999,103.58,0.0,6.4,0.963499032594136,2025-06-02,3,regular,mobile,search,2026-01-30,7,high,242,1,-4.0
U001580,0.0,0.0,0.0,6.6,,2025-10-02,2,value,web,referral,2025-10-24,0,low,120,0,94.0
U001581,107.876,70.65,0.0,6.6,0.6549186102562201,2025-07-18,1,regular,mobile,search,2026-01-30,6,high,196,1,-4.0
U001582,0.0,0.0,0.0,6.6,,2025-06-28,2,regular,mobile,referral,2025-12-26,6,high,216,0,31.0
U001583,60.04600000000001,64.69999999999999,0.0,6.6,1.0775072444459244,2025-09-11,2,value,web,search,2026-01-28,4,medium,141,1,-2.0
U001584,40.408,0.0,0.0,6.6,0.0,2025-08-16,3,value,mobile,organic,2026-01-24,5,medium,167,1,2.0
U001585,140.67219441637414,59.82,0.0,6.4,0.4252439527810266,2025-10-11,2,value,mobile,organic,2026-01-27,3,medium,111,1,-1.0
U001586,105.636,64.92,0.0,6.4,0.6145632170850847,2025-07-23,2,regular,web,email,2026-01-30,6,high,191,1,-4.0
U001587,7.562,0.0,0.0,6.6,0.0,2025-11-27,2,regular,web,paid_social,2025-12-31,0,low,64,0,26.0
U001588,104.20599999999999,52.5,0.0,6.6,0.5038097614340825,2025-05-24,2,regular,mobile,email,2026-01-29,8,high,251,1,-3.0
U001589,102.27799999999999,170.45,0.0,6.6,1.6665363030172666,2025-12-07,2,regular,mobile,organic,2026-01-30,1,low,54,1,-4.0
U001590,72.988,23.09,0.0,6.6,0.31635337315723133,2025-05-12,1,value,web,paid_social,2026-01-29,7,medium,263,1,-3.0
U001591,65.64,32.93,0.0,6.6,0.5016758074344911,2025-11-05,3,value,mobile,paid_social,2026-01-29,1,medium,86,1,-3.0
U001592,53.056000000000004,73.83,0.0,6.4,1.3915485524728588,2025-07-30,2,value,web,email,2026-01-30,5,medium,184,1,-4.0
U001593,197.41199999999998,137.93,0.0,6.6,0.6986910623467673,2025-08-09,2,premium,web,organic,2026-01-28,5,high,174,1,-2.0
U001594,92.46000000000001,60.25,0.0,6.4,0.6516331386545533,2025-05-09,1,regular,mobile,email,2026-01-28,8,high,266,1,-2.0
U001595,46.038,12.23,0.0,6.6,0.2656501151222903,2025-10-28,1,value,web,search,2026-01-27,2,low,94,1,-1.0
U001596,43.70399999999999,23.42,0.0,6.2,0.5358777228628959,2025-06-15,2,value,web,referral,2026-01-29,7,medium,229,1,-3.0
U001597,82.774,63.47,0.0,6.6,0.7667866721434267,2025-10-17,1,regular,web,search,2026-01-30,3,medium,105,1,-4.0
U001598,0.0,0.0,0.0,6.6,,2025-11-03,1,regular,web,search,2025-12-24,2,low,88,0,33.0
U001599,27.856,0.0,0.0,6.4,0.0,2025-12-03,3,regular,web,search,2026-01-04,1,low,58,0,22.0
U001600,38.576,33.900000000000006,0.0,6.6,0.8787847366238077,2025-10-29,2,value,mobile,referral,2026-01-27,2,low,93,1,-1.0
U001601,206.56199999999998,135.63,0.0,6.4,0.6566067330874024,2025-07-19,2,premium,web,organic,2026-01-29,6,high,195,1,-3.0
U001602,167.25,143.29,0.0,6.4,0.8567414050822122,2025-11-06,2,regular,mobile,search,2026-01-30,2,medium,85,1,-4.0
U001603,127.30799999999999,29.5,0.0,6.6,0.23172149432871464,2025-11-28,3,regular,mobile,search,2026-01-26,2,medium,63,1,0.0
U001604,126.186,85.68,0.0,6.6,0.678997670106034,2025-07-23,2,regular,web,paid_social,2026-01-30,6,high,191,1,-4.0
U001605,151.738,123.49000000000001,0.0,6.6,0.8138370085278573,2025-06-05,3,premium,web,search,2026-01-29,7,high,239,1,-3.0
U001606,248.07600000000002,228.29999999999998,0.0,6.6,0.9202824940743964,2025-12-14,3,premium,mobile,paid_social,2026-01-30,1,medium,47,1,-4.0
U001607,151.19400000000002,133.48000000000002,0.0,6.6,0.8828392661084434,2025-06-11,2,regular,web,search,2026-01-30,7,high,233,1,-4.0
U001608,79.304,116.33,0.0,6.6,1.466886916170685,2025-10-01,2,regular,web,paid_social,2026-01-29,3,medium,121,1,-3.0
U001609,79.65400000000001,136.04000000000002,0.0,6.4,1.7078866095864615,2025-07-03,2,value,mobile,paid_social,2026-01-29,6,high,211,1,-3.0
U001610,119.992,94.35,0.0,6.6,0.786302420161344,2025-06-05,2,regular,mobile,paid_social,2026-01-30,7,high,239,1,-4.0
U001611,142.402,59.09,0.0,6.6,0.41495203719048895,2025-11-15,2,regular,mobile,referral,2026-01-30,2,medium,76,1,-4.0
U001612,0.0,0.0,0.0,6.4,,2025-06-10,2,value,web,search,2025-12-04,6,medium,234,0,53.0
U001613,42.592,16.68,0.0,6.4,0.3916228399699474,2025-10-20,2,value,web,organic,2026-01-28,3,low,102,1,-2.0
U001614,185.426,94.17,0.0,6.6,0.5078575820003668,2025-10-25,1,premium,web,paid_social,2026-01-29,3,high,97,1,-3.0
U001615,194.74,95.91,0.0,6.6,0.49250282427852515,2025-05-20,2,premium,mobile,organic,2026-01-30,8,high,255,1,-4.0
U001616,173.252,254.29,0.0,6.4,1.4677464040819153,2025-06-17,1,premium,web,organic,2026-01-30,7,high,227,1,-4.0
U001617,133.73600000000002,80.63,0.0,6.6,0.6029042292277321,2025-11-20,2,regular,web,referral,2026-01-28,2,medium,71,1,-2.0
U001618,0.0,0.0,0.0,6.4,,2025-09-09,2,regular,web,search,2025-10-11,1,low,143,0,107.0
U001619,25.558,0.0,0.0,6.6,0.0,2025-06-04,3,regular,mobile,search,2026-01-04,7,high,240,0,22.0
U001620,50.1775,13.16,0.0,5.75,0.26226894524438243,2026-01-08,1,value,mobile,email,2026-01-30,1,low,22,1,-4.0
U001621,61.507999999999996,66.49,0.0,6.6,1.0809975938089353,2025-07-10,2,value,web,organic,2026-01-30,5,medium,204,1,-4.0
U001622,227.50799999999998,26.04,0.0,6.4,0.11445751358193998,2025-05-06,2,premium,web,organic,2026-01-29,7,high,269,1,-3.0
U001623,51.754,38.04,0.0,6.6,0.7350156509641766,2025-12-22,1,value,web,organic,2026-01-30,1,low,39,1,-4.0
U001624,0.0,0.0,0.0,6.6,,2025-05-09,1,regular,web,organic,2025-07-08,1,low,266,0,202.0
U001625,115.80999999999999,114.82000000000001,0.0,6.6,0.9914515154131769,2025-09-20,1,regular,web,paid_social,2026-01-29,3,medium,132,1,-3.0
U001626,80.28,164.66,0.0,5.5,2.05107125062282,2026-01-09,1,regular,web,paid_social,2026-01-30,1,low,21,1,-4.0
U001627,46.928000000000004,43.379999999999995,0.0,6.6,0.9243948175929081,2025-09-27,2,value,mobile,search,2026-01-29,3,low,125,1,-3.0
U001628,92.85,92.92999999999999,0.0,6.6,1.0008616047388261,2025-09-28,2,regular,mobile,organic,2026-01-30,4,medium,124,1,-4.0
U001629,0.0,0.0,0.0,6.6,,2025-08-10,2,value,mobile,search,2025-12-04,4,low,173,0,53.0
U001630,120.674,106.78,0.0,6.6,0.8848633508460811,2025-06-05,1,regular,mobile,organic,2026-01-30,7,high,239,1,-4.0
U001631,0.0,0.0,0.0,6.6,,2025-09-25,1,value,web,paid_social,2025-12-20,3,low,127,0,37.0
U001632,103.69200000000001,93.95,0.0,6.6,0.9060486826370404,2025-12-16,1,regular,web,paid_social,2026-01-29,1,low,45,1,-3.0
U001633,127.51399999999998,58.120000000000005,0.0,6.6,0.45579308938626356,2025-05-27,2,regular,web,organic,2026-01-28,6,high,248,1,-2.0
U001634,2.868,0.0,0.0,6.6,0.0,2025-12-11,2,value,mobile,referral,2026-01-02,1,low,50,0,24.0
U001635,39.942,40.96,0.0,6.6,1.0254869560863251,2025-08-17,2,value,web,paid_social,2026-01-26,5,medium,166,1,0.0
U001636,117.09,69.28,0.0,6.6,0.5916816124348792,2025-09-16,1,regular,web,organic,2026-01-29,4,high,136,1,-3.0
U001637,0.0,0.0,0.0,6.6,,2025-06-15,1,value,web,paid_social,2025-08-18,1,low,229,0,161.0
U001638,0.0,0.0,0.0,6.6,,2025-10-08,3,value,web,paid_social,2025-12-05,2,low,114,0,52.0
U001639,125.81599999999999,103.74,0.0,6.6,0.8245374197240415,2025-06-19,1,regular,mobile,organic,2026-01-30,6,high,225,1,-4.0
U001640,259.108,161.55,0.0,6.6,0.6234851876437625,2025-07-12,1,premium,mobile,organic,2026-01-30,6,high,202,1,-4.0
U001641,11.89,0.0,0.0,6.6,0.0,2025-11-02,1,regular,web,paid_social,2026-01-07,2,medium,89,0,19.0
U001642,0.0,0.0,0.0,6.6,,2025-05-17,3,regular,mobile,email,2025-09-15,4,medium,258,0,133.0
U001643,225.638,226.25,0.0,6.6,1.002712309096872,2025-08-25,2,premium,web,search,2026-01-29,5,high,158,1,-3.0
U001644,0.0,0.0,0.0,6.4,,2025-10-01,2,regular,web,search,2025-11-29,2,low,121,0,58.0
U001645,111.26199999999999,95.91999999999999,0.0,6.6,0.8621092556308533,2025-06-07,3,regular,web,paid_social,2026-01-30,7,high,237,1,-4.0
U001646,101.89,51.32,0.0,6.6,0.5036804396898616,2025-07-17,1,regular,mobile,search,2026-01-26,5,high,197,1,0.0
U001647,24.07,22.810000000000002,0.0,6.6,0.9476526796842544,2025-07-30,3,value,mobile,organic,2026-01-28,5,medium,184,1,-2.0
U001648,42.774,0.0,0.0,6.6,0.0,2025-10-18,1,value,web,search,2026-01-23,2,low,104,1,3.0
U001649,120.16,126.91999999999999,0.0,6.5,1.0562583222370172,2026-01-05,2,regular,mobile,email,2026-01-30,1,low,25,1,-4.0
U001650,0.0,0.0,0.0,6.4,,2025-11-30,2,value,web,referral,2025-12-24,1,low,61,0,33.0
U001651,81.262,51.68,0.0,6.4,0.6359676109374616,2025-06-21,2,regular,web,email,2026-01-29,7,high,223,1,-3.0
U001652,0.0,0.0,0.0,6.6,,2025-05-09,3,value,mobile,organic,2025-10-06,5,low,266,0,112.0
U001653,72.438,57.55,0.0,6.6,0.7944725144261299,2025-05-18,1,regular,mobile,search,2026-01-30,8,high,257,1,-4.0
U001654,35.452,27.23,0.0,6.4,0.7680807852871488,2025-10-01,3,value,mobile,paid_social,2026-01-30,3,low,121,1,-4.0
U001655,119.298,140.66,0.0,6.4,1.179064192190984,2025-06-13,2,regular,mobile,organic,2026-01-30,7,high,231,1,-4.0
U001656,0.0,0.0,0.0,6.6,,2025-07-02,2,regular,web,organic,2025-11-04,2,medium,212,0,83.0
U001657,0.64,0.0,0.0,6.6,0.0,2025-12-03,3,value,mobile,referral,2025-12-30,0,low,58,0,27.0
U001658,76.108,17.24,0.0,6.6,0.2265202081252956,2025-12-10,1,value,mobile,paid_social,2026-01-26,1,low,51,1,0.0
U001659,37.902,17.98,0.0,6.4,0.4743812991398871,2025-12-01,3,value,web,paid_social,2026-01-27,1,low,60,1,-1.0
U001660,112.81400000000001,147.08,0.0,6.4,1.3037388976545465,2025-07-07,2,regular,web,organic,2026-01-29,6,high,207,1,-3.0
U001661,56.178,157.5,0.0,6.6,2.8035885933995517,2025-10-07,2,value,mobile,search,2026-01-29,3,low,115,1,-3.0
U001662,128.7,78.95,0.0,6.6,0.6134421134421135,2025-10-05,1,regular,web,organic,2026-01-29,3,high,117,1,-3.0
U001663,53.258,45.9,0.0,6.6,0.8618423523226557,2025-06-20,2,value,web,organic,2026-01-28,7,medium,224,1,-2.0
U001664,66.71799999999999,25.189999999999998,0.0,6.6,0.37755927935489675,2025-09-20,2,value,mobile,search,2026-01-30,4,medium,132,1,-4.0
U001665,136.08599999999998,44.78,0.0,6.6,0.3290566259571154,2025-09-13,2,regular,mobile,organic,2026-01-30,4,high,139,1,-4.0
U001666,293.43581890258406,24.98,0.0,6.6,0.08512934819417174,2025-08-12,1,regular,mobile,email,2026-01-28,5,high,171,1,-2.0
U001667,50.74,72.65,0.0,6.4,1.4318092234923139,2025-11-09,1,value,mobile,search,2026-01-30,2,low,82,1,-4.0
U001668,214.42,47.23,0.0,6.6,0.22026863165749463,2025-10-22,3,premium,web,organic,2026-01-27,3,high,100,1,-1.0
U001669,0.0,0.0,0.0,6.6,,2025-09-15,1,value,mobile,organic,2025-10-12,1,low,137,0,106.0
U001670,66.5,73.08,0.0,6.6,1.0989473684210527,2025-11-03,2,value,web,paid_social,2026-01-30,2,low,88,1,-4.0
U001671,116.854,30.4,0.0,6.2,0.26015369606517535,2025-11-12,3,regular,mobile,organic,2026-01-27,2,medium,79,1,-1.0
U001672,0.0,0.0,0.0,6.6,,2025-09-24,1,regular,web,organic,2025-10-11,1,low,128,0,107.0
U001673,119.546,103.49000000000001,0.0,6.4,0.8656918675656233,2025-07-11,1,regular,mobile,search,2026-01-30,4,high,203,1,-4.0
U001674,9.847999999999999,0.0,0.0,6.6,0.0,2025-11-11,2,value,mobile,organic,2026-01-09,1,low,80,0,17.0
U001675,225.16,168.99,0.0,6.6,0.7505329543435779,2025-11-01,1,premium,mobile,paid_social,2026-01-30,2,high,90,1,-4.0
U001676,81.45750000000001,70.85000000000001,1.0,6.25,0.8697787189638768,2026-01-06,2,regular,web,search,2026-01-28,0,low,24,1,-2.0
U001677,181.098,43.49,0.0,6.6,0.2401462191741488,2025-06-11,2,premium,web,organic,2026-01-29,7,high,233,1,-3.0
U001678,66.23400000000001,12.79,0.0,6.6,0.19310324002778026,2025-08-18,2,regular,web,referral,2026-01-28,4,high,165,1,-2.0
U001679,38.052,0.0,0.0,6.6,0.0,2025-12-22,2,premium,web,search,2026-01-13,1,low,39,1,13.0
U001680,0.0,0.0,0.0,6.4,,2025-09-11,2,regular,mobile,paid_social,2025-11-07,1,medium,141,0,80.0
U001681,58.205999999999996,84.37,0.0,6.6,1.4495069236848437,2025-12-27,2,value,web,organic,2026-01-28,1,low,34,1,-2.0
U001682,98.66,120.2,0.0,6.4,1.2183255625380094,2025-05-08,1,regular,mobile,paid_social,2026-01-30,8,high,267,1,-4.0
U001683,0.0,0.0,0.0,6.6,,2025-05-13,2,regular,web,organic,2025-08-14,3,low,262,0,165.0
U001684,100.118,97.89,0.0,6.6,0.9777462594138917,2025-11-20,3,regular,web,search,2026-01-28,2,medium,71,1,-2.0
U001685,128.518,57.29,0.0,6.6,0.4457741328062995,2025-08-02,2,regular,mobile,organic,2026-01-30,5,high,181,1,-4.0
U001686,31.98,0.0,0.0,6.6,0.0,2025-09-12,2,value,web,email,2026-01-13,3,medium,140,0,13.0
U001687,123.18799999999999,73.45,0.0,6.6,0.5962431405656395,2025-08-20,2,regular,web,organic,2026-01-30,5,high,163,1,-4.0
U001688,31.534,19.61,0.0,6.6,0.6218684594406038,2025-08-15,1,value,web,email,2026-01-26,5,medium,168,1,0.0
U001689,216.038,293.08,0.0,6.6,1.3566131884205554,2025-12-26,1,premium,web,email,2026-01-30,1,medium,35,1,-4.0
U001690,23.354,13.23,0.0,6.4,0.5664982444120922,2025-05-28,1,value,mobile,search,2026-01-30,8,medium,247,1,-4.0
U001691,55.69878804265304,19.6,0.0,6.6,0.351892755457995,2025-11-14,3,value,web,organic,2026-01-26,2,low,77,1,0.0
U001692,161.74200000000002,96.11,0.0,6.6,0.5942179520470873,2025-12-14,1,regular,web,search,2026-01-30,1,medium,47,1,-4.0
U001693,112.498,86.4,0.0,6.6,0.7680136535760635,2025-10-17,3,regular,mobile,email,2026-01-27,3,medium,105,1,-1.0
U001694,138.498,49.58,0.0,6.6,0.35798350878713053,2025-08-12,1,regular,web,paid_social,2026-01-30,5,high,171,1,-4.0
U001695,197.598,100.27000000000001,0.0,6.6,0.5074444073320581,2025-06-14,2,premium,mobile,search,2026-01-29,7,high,230,1,-3.0
U001696,29.928000000000004,0.0,0.0,6.6,0.0,2025-10-23,2,value,nan,organic,2026-01-22,3,low,99,1,4.0
U001697,145.42000000000002,107.47,0.0,6.6,0.7390317700453857,2025-08-30,2,regular,mobile,referral,2026-01-29,5,high,153,1,-3.0
U001698,0.0,0.0,0.0,6.2,,2025-06-11,3,value,web,organic,2025-07-10,1,low,233,0,200.0
U001699,102.79400000000001,72.27,0.0,6.4,0.7030565986341614,2025-08-03,3,regular,web,organic,2026-01-29,4,high,180,1,-3.0
U001700,97.546,173.07,0.0,6.0,1.7742398458163327,2026-01-01,3,regular,mobile,organic,2026-01-30,1,low,29,1,-4.0
U001701,0.0,0.0,0.0,6.6,,2025-07-10,1,value,mobile,search,2025-09-05,1,low,204,0,143.0
U001702,106.52799999999999,109.23,0.0,6.4,1.0253642234905378,2025-06-18,3,regular,mobile,referral,2026-01-30,7,high,226,1,-4.0
U001703,126.708,105.69,0.0,6.4,0.8341225494838527,2025-10-23,1,regular,mobile,referral,2026-01-30,3,medium,99,1,-4.0
U001704,68.28,44.14,0.0,6.6,0.646455770357352,2025-06-24,3,value,web,organic,2026-01-30,7,medium,220,1,-4.0
U001705,185.088,30.73,0.0,6.6,0.16602913208852008,2025-12-21,2,premium,mobile,search,2026-01-28,1,medium,40,1,-2.0
U001706,149.022,53.25,0.0,6.6,0.3573297902323147,2025-12-06,2,regular,mobile,referral,2026-01-30,1,medium,55,1,-4.0
U001707,71.3375,23.99,0.0,6.25,0.3362887681794287,2026-01-06,1,value,web,search,2026-01-28,1,low,24,1,-2.0
U001708,173.918,96.94,0.0,6.4,0.5573891144102393,2025-12-20,1,regular,web,organic,2026-01-30,1,medium,41,1,-4.0
U001709,0.0,0.0,0.0,6.6,,2025-07-05,1,value,web,search,2025-10-07,3,low,209,0,111.0
U001710,48.304,22.52,0.0,6.4,0.4662139781384564,2025-06-27,3,value,mobile,paid_social,2026-01-29,6,medium,217,1,-3.0
U001711,127.66,89.78999999999999,0.0,6.6,0.7033526554911483,2025-07-30,3,regular,web,email,2026-01-30,6,high,184,1,-4.0
U001712,52.972,9.27,0.0,6.4,0.17499811221022427,2025-08-30,3,value,web,paid_social,2026-01-30,5,medium,153,1,-4.0
U001713,70.53999999999999,21.14,0.0,6.4,0.29968812021548064,2025-12-11,1,value,mobile,organic,2026-01-26,1,low,50,1,0.0
U001714,10.288,0.0,0.0,6.6,0.0,2025-11-05,2,regular,mobile,paid_social,2026-01-05,2,low,86,0,21.0
U001715,51.214,21.009999999999998,0.0,6.6,0.4102393876674347,2025-10-13,2,value,web,organic,2026-01-29,3,low,109,1,-3.0
U001716,51.089999999999996,0.0,0.0,6.6,0.0,2025-12-11,2,regular,mobile,referral,2026-01-10,0,low,50,0,16.0
U001717,110.266,81.7,0.0,6.6,0.7409355558377015,2025-10-14,2,regular,web,search,2026-01-30,3,medium,108,1,-4.0
U001718,43.372,126.13,0.0,6.4,2.908097390021212,2025-08-08,2,value,mobile,organic,2026-01-30,5,medium,175,1,-4.0
U001719,120.67,121.56,0.0,6.4,1.0073754868650038,2025-08-16,2,regular,web,search,2026-01-29,5,high,167,1,-3.0
U001720,0.0,0.0,0.0,6.6,,2025-09-11,1,value,web,organic,2025-10-16,1,low,141,0,102.0
U001721,91.06,75.48,0.0,6.6,0.8289040193279157,2025-05-27,2,regular,mobile,organic,2026-01-30,7,high,248,1,-4.0
U001722,13.166000000000002,0.0,0.0,6.2,0.0,2025-11-07,2,value,web,search,2026-01-02,2,low,84,0,24.0
U001723,193.63600000000002,63.2,0.0,6.6,0.326385589456506,2025-10-15,1,premium,web,paid_social,2026-01-29,2,high,107,1,-3.0
U001724,60.540000000000006,60.74,0.0,6.6,1.0033036009250083,2025-11-04,3,value,web,referral,2026-01-29,2,low,87,1,-3.0
U001725,132.71800000000002,49.95,0.0,6.6,0.3763619102156452,2025-09-16,2,regular,mobile,search,2026-01-29,4,high,136,1,-3.0
U001726,55.21,44.3,0.0,6.6,0.802390871218982,2025-11-17,3,value,mobile,organic,2026-01-29,2,low,74,1,-3.0
U001727,57.874,72.85,0.0,6.6,1.2587690500051836,2025-12-29,2,value,mobile,search,2026-01-28,1,low,32,1,-2.0
U001728,78.148,81.31,0.0,6.4,1.0404616880790296,2025-09-25,2,regular,mobile,search,2026-01-27,4,medium,127,1,-1.0
U001729,125.92,45.81,0.0,6.4,0.363802414231258,2025-08-24,2,regular,mobile,organic,2026-01-27,5,high,159,1,-1.0
U001730,197.624,154.94,0.0,6.4,0.7840140873578108,2025-05-31,3,premium,web,referral,2026-01-30,7,high,244,1,-4.0
U001731,0.0,0.0,0.0,6.6,,2025-11-16,2,value,web,email,2025-12-17,1,low,75,0,40.0
U001732,49.406,10.2,0.0,6.4,0.2064526575719548,2025-12-17,2,value,mobile,organic,2026-01-27,1,low,44,1,-1.0
U001733,61.742,53.02,0.0,6.6,0.858734734864436,2025-10-27,1,value,mobile,referral,2026-01-29,3,low,95,1,-3.0
U001734,62.077999999999996,46.260000000000005,0.0,6.6,0.7451915332323852,2025-12-08,2,value,mobile,paid_social,2026-01-29,1,low,53,1,-3.0
U001735,207.35399999999998,125.07,0.0,6.6,0.6031713880609971,2025-12-07,1,premium,mobile,organic,2026-01-30,1,medium,54,1,-4.0
U001736,187.51,191.35,0.0,6.6,1.0204789077915846,2025-11-21,1,premium,web,paid_social,2026-01-30,2,high,70,1,-4.0
U001737,250.08800000000002,134.89,0.0,6.6,0.539370141710118,2025-09-08,1,premium,mobile,organic,2026-01-30,4,high,144,1,-4.0
U001738,26.752,20.05,0.0,6.6,0.7494766746411484,2025-05-30,2,value,mobile,organic,2026-01-30,8,medium,245,1,-4.0
U001739,0.0,0.0,0.0,6.6,,2025-05-05,1,regular,mobile,email,,1,low,270,0,
U001740,69.186,0.0,0.0,6.6,0.0,2025-06-25,2,regular,mobile,paid_social,2026-01-20,6,high,219,1,6.0
U001741,54.342,50.629999999999995,0.0,6.6,0.931691877369254,2025-08-21,3,value,mobile,organic,2026-01-30,5,medium,162,1,-4.0
U001742,136.73999999999998,235.07,0.0,6.6,1.7191019452976453,2025-11-07,3,regular,mobile,search,2026-01-30,2,medium,84,1,-4.0
U001743,12.906,0.0,0.0,6.6,0.0,2025-08-27,2,value,web,email,2026-01-20,5,medium,156,1,6.0
U001744,58.572,10.98,0.0,6.6,0.1874615857406269,2025-05-10,2,value,mobile,search,2026-01-26,8,medium,265,1,0.0
U001745,152.164,118.19,1.0,6.6,0.7767277411214216,2025-06-26,2,premium,web,email,2026-01-30,7,high,218,1,-4.0
U001746,52.8075,42.26,0.0,6.5,0.8002651138569332,2026-01-05,2,value,web,referral,2026-01-30,1,low,25,1,-4.0
U001747,219.82000000000002,204.37,0.0,6.0,0.9297152215449003,2026-01-07,2,premium,web,search,2026-01-30,1,low,23,1,-4.0
U001748,57.924,84.42,0.0,6.6,1.4574269732753264,2025-08-07,1,value,web,paid_social,2026-01-30,5,medium,176,1,-4.0
U001749,10.946000000000002,0.0,0.0,6.4,0.0,2025-11-23,3,value,web,paid_social,2026-01-15,1,low,68,1,11.0
U001750,10.05,0.0,0.0,6.6,0.0,2025-11-01,1,value,mobile,paid_social,2026-01-02,1,low,90,0,24.0
U001751,41.56,0.0,0.0,6.6,0.0,2025-12-24,3,value,mobile,search,2026-01-24,1,low,37,1,2.0
U001752,110.13,0.0,0.0,6.6,0.0,2025-12-13,2,regular,mobile,organic,2026-01-23,1,low,48,1,3.0
U001753,28.28,31.04,0.0,6.6,1.0975954738330975,2025-10-09,1,value,web,organic,2026-01-29,3,low,113,1,-3.0
U001754,0.0,0.0,0.0,6.6,,2025-08-12,2,regular,web,paid_social,2025-10-07,1,low,171,0,111.0
U001755,231.10600000000005,103.62,0.0,6.6,0.4483656850103415,2025-10-09,1,premium,mobile,paid_social,2026-01-30,3,high,113,1,-4.0
U001756,17.31,0.0,0.0,6.4,0.0,2025-07-24,3,value,mobile,paid_social,2026-01-15,6,medium,190,1,11.0
U001757,52.162,33.71,0.0,6.4,0.646255895096047,2025-07-31,2,value,web,paid_social,2026-01-30,5,medium,183,1,-4.0
U001758,140.126,139.14999999999998,0.0,6.4,0.993034840072506,2025-10-04,1,regular,mobile,organic,2026-01-30,3,high,118,1,-4.0
U001759,186.08,94.5,0.0,6.4,0.5078460877042132,2025-09-25,1,regular,mobile,organic,2026-01-30,4,medium,127,1,-4.0
U001760,90.05199999999999,129.18,0.0,6.4,1.4345045085061967,2025-09-27,3,regular,mobile,referral,2026-01-30,3,medium,125,1,-4.0
U001761,41.211999999999996,4.53,0.0,6.6,0.1099194409395322,2025-08-09,2,value,mobile,search,2026-01-29,5,medium,174,1,-3.0
U001762,108.65599999999999,50.57,0.0,6.6,0.4654137829480195,2025-08-15,3,regular,mobile,referral,2026-01-28,5,high,168,1,-2.0
U001763,105.38200000000002,172.42000000000002,0.0,6.4,1.636142794784688,2025-05-07,3,regular,mobile,organic,2026-01-30,8,high,268,1,-4.0
U001764,1.144,0.0,0.0,6.6,0.0,2025-10-03,2,value,web,search,2025-12-29,3,low,119,0,28.0
U001765,1.584,0.0,0.0,6.6,0.0,2025-09-26,2,value,web,email,2025-12-29,3,low,126,0,28.0
U001766,181.892,261.83,0.0,6.6,1.4394805708882192,2025-12-25,2,premium,web,organic,2026-01-27,1,medium,36,1,-1.0
U001767,0.0,0.0,0.0,6.6,,2025-09-08,3,value,mobile,organic,2025-10-09,1,low,144,0,109.0
U001768,0.0,0.0,0.0,6.6,,2025-08-30,1,value,mobile,paid_social,2025-10-30,1,low,153,0,88.0
U001769,74.636,99.15,0.0,6.4,1.3284473980384803,2025-05-21,2,value,web,paid_social,2026-01-30,7,medium,254,1,-4.0
U001770,162.494,98.0,0.0,6.4,0.6030991913547578,2025-06-23,1,regular,mobile,email,2026-01-29,7,high,221,1,-3.0
U001771,0.0,0.0,0.0,6.6,,2025-07-28,2,regular,nan,email,2025-11-02,3,medium,186,0,85.0
U001772,104.17815020401656,18.009999999999998,0.0,6.6,0.17287694170735649,2025-08-07,2,value,web,paid_social,2026-01-29,5,medium,176,1,-3.0
U001773,0.0,0.0,0.0,6.6,,2025-08-04,2,regular,mobile,organic,2025-12-27,5,high,179,0,30.0
U001774,0.0,0.0,0.0,6.4,,2025-08-11,2,regular,web,search,2025-09-13,1,low,172,0,135.0
U001775,70.922,46.96,0.0,6.6,0.6621358675728265,2025-11-13,2,value,web,referral,2026-01-26,2,low,78,1,0.0
U001776,201.1,149.68,0.0,6.4,0.7443063152660369,2025-06-06,1,premium,web,search,2026-01-30,6,high,238,1,-4.0
U001777,12.234,0.0,0.0,6.6,0.0,2025-07-27,2,value,web,email,2026-01-08,5,medium,187,1,18.0
U001778,0.0,0.0,0.0,6.6,,2025-06-14,3,value,mobile,paid_social,2025-07-10,1,low,230,0,200.0
U001779,188.938,202.71,0.0,6.4,1.0728916364098278,2025-07-21,2,premium,mobile,organic,2026-01-30,6,high,193,1,-4.0
U001780,86.89399999999999,65.65,0.0,6.4,0.7555182175984534,2025-10-23,2,regular,mobile,search,2026-01-30,3,medium,99,1,-4.0
U001781,78.166,15.04,0.0,6.6,0.1924110226952895,2025-05-16,3,value,mobile,paid_social,2026-01-30,8,medium,259,1,-4.0
U001782,0.0,0.0,0.0,6.4,,2025-07-29,1,regular,web,organic,2025-09-13,1,low,185,0,135.0
U001783,119.75999999999999,40.85,0.0,6.6,0.3410988643954576,2025-05-10,2,regular,mobile,search,2026-01-28,7,high,265,1,-2.0
U001784,40.763999999999996,0.0,0.0,6.4,0.0,2025-12-30,1,value,web,paid_social,2026-01-24,1,low,31,1,2.0
U001785,125.59400000000001,24.62,0.0,6.6,0.19602847269774032,2025-11-03,3,regular,web,organic,2026-01-30,2,medium,88,1,-4.0
U001786,117.304,32.77,0.0,6.6,0.27935961263043035,2025-07-05,2,regular,mobile,search,2026-01-30,5,high,209,1,-4.0
U001787,0.0,0.0,0.0,6.6,,2025-06-23,2,value,web,paid_social,2025-09-24,3,low,221,0,124.0
U001788,0.0,0.0,0.0,6.4,,2025-05-29,1,regular,web,paid_social,2025-07-27,2,low,246,0,183.0
U001789,28.642000000000003,15.37,0.0,6.0,0.53662453739264,2025-08-31,1,value,nan,search,2026-01-27,5,medium,152,1,-1.0
U001790,26.576,0.0,0.0,6.6,0.0,2025-11-10,2,value,mobile,email,2026-01-15,2,low,81,0,11.0
U001791,173.25,111.67,0.0,6.4,0.6445598845598846,2025-09-28,2,premium,web,email,2026-01-27,4,high,124,1,-1.0
U001792,140.12399999999997,140.1,0.0,6.6,0.9998287231309414,2025-12-12,3,regular,web,search,2026-01-30,1,low,49,1,-4.0
U001793,158.472,152.37,0.0,6.2,0.9614947751022263,2025-07-30,3,regular,mobile,organic,2026-01-30,6,high,184,1,-4.0
U001794,0.0,0.0,0.0,6.6,,2025-07-13,2,regular,web,paid_social,2025-11-08,4,medium,201,0,79.0
U001795,0.0,0.0,0.0,6.4,,2025-09-01,2,regular,mobile,organic,2025-09-28,1,low,151,0,120.0
U001796,0.0,0.0,0.0,6.4,,2025-06-24,3,value,web,referral,2025-12-21,5,medium,220,0,36.0
U001797,148.47,82.45,0.0,5.4,0.5553310433084125,2026-01-04,2,premium,mobile,paid_social,2026-01-26,1,low,26,1,0.0
U001798,117.25399999999999,116.81,0.0,6.6,0.9962133487983353,2025-06-20,2,regular,mobile,search,2026-01-30,6,high,224,1,-4.0
U001799,142.28199999999998,81.89,0.0,6.4,0.5755471528373232,2025-09-02,3,regular,web,search,2026-01-30,4,high,150,1,-4.0
U001800,101.51400000000001,99.81,0.0,6.4,0.9832141379514155,2025-09-13,1,regular,mobile,search,2026-01-30,4,high,139,1,-4.0
U001801,57.846000000000004,102.18,0.0,6.4,1.766414272378384,2025-05-19,3,value,web,email,2026-01-30,8,medium,256,1,-4.0
U001802,47.403999999999996,46.89,0.0,6.6,0.9891570331617586,2025-08-30,1,value,mobile,organic,2026-01-29,4,medium,153,1,-3.0
U001803,0.962,0.0,0.0,6.6,0.0,2025-08-27,2,value,mobile,email,2025-12-29,4,low,156,0,28.0
U001804,38.284,33.339999999999996,0.0,6.4,0.8708598892487722,2025-07-09,3,value,mobile,organic,2026-01-30,5,medium,205,1,-4.0
U001805,107.70599999999999,118.46000000000001,0.0,6.6,1.099845876738529,2025-06-06,2,regular,mobile,paid_social,2026-01-30,7,high,238,1,-4.0
U001806,259.764,269.53000000000003,0.0,6.4,1.0375956637563328,2025-05-16,2,premium,mobile,email,2026-01-29,7,high,259,1,-3.0
U001807,23.860000000000003,0.0,0.0,6.6,0.0,2025-05-07,2,value,mobile,search,2026-01-19,7,medium,268,1,7.0
U001808,45.034000000000006,33.5,0.0,6.2,0.7438823999644711,2025-09-02,1,value,web,organic,2026-01-28,3,low,150,1,-2.0
U001809,103.508,76.71,0.0,6.6,0.7411021370328863,2025-05-27,1,regular,mobile,referral,2026-01-30,8,high,248,1,-4.0
U001810,47.586,52.8,0.0,6.2,1.1095700416088765,2025-12-31,2,value,mobile,referral,2026-01-30,1,low,30,1,-4.0
U001811,211.72600000000003,20.67,0.0,6.6,0.0976261772290602,2025-07-05,2,premium,mobile,organic,2026-01-27,6,high,209,1,-1.0
U001812,63.326,14.86,0.0,6.6,0.23465874996052175,2025-10-15,2,value,web,search,2026-01-30,2,low,107,1,-4.0
U001813,44.05,43.3,0.0,6.6,0.9829738933030647,2025-10-21,1,value,web,referral,2026-01-29,3,low,101,1,-3.0
U001814,45.333999999999996,37.48,0.0,6.6,0.8267525477566506,2025-09-06,3,value,mobile,organic,2026-01-30,4,medium,146,1,-4.0
U001815,223.138,241.63,0.0,6.6,1.082872482499619,2025-12-12,2,premium,mobile,paid_social,2026-01-29,1,medium,49,1,-3.0
U001816,50.3,14.47,0.0,6.6,0.2876739562624255,2025-06-01,2,value,web,search,2026-01-29,7,medium,243,1,-3.0
U001817,124.162,33.32,0.0,6.6,0.2683590792674087,2025-07-02,2,regular,web,organic,2026-01-30,6,high,212,1,-4.0
U001818,58.279999999999994,16.75,0.0,6.6,0.2874056280027454,2025-07-07,1,value,web,referral,2026-01-28,6,medium,207,1,-2.0
U001819,0.0,0.0,0.0,6.2,,2025-06-07,2,value,web,organic,2025-11-05,3,low,237,0,82.0
U001820,164.162,55.22,0.0,6.4,0.33637504416369196,2025-07-17,2,premium,mobile,email,2026-01-30,6,high,197,1,-4.0
U001821,47.096,18.53,0.0,6.6,0.3934516731781893,2025-07-22,1,value,web,search,2026-01-27,6,medium,192,1,-1.0
U001822,73.14,74.18,0.0,6.4,1.0142193054416189,2025-11-12,3,value,web,search,2026-01-28,2,low,79,1,-2.0
U001823,115.31199999999998,107.14,0.0,6.4,0.929131400027751,2025-07-19,3,regular,web,search,2026-01-28,6,high,195,1,-2.0
U001824,216.038,205.31,0.0,6.6,0.9503420694507447,2025-12-11,2,premium,web,search,2026-01-30,1,medium,50,1,-4.0
U001825,24.43,0.0,0.0,6.4,0.0,2025-11-14,3,value,mobile,referral,2026-01-20,2,low,77,1,6.0
U001826,24.748,0.0,0.0,6.4,0.0,2025-12-17,3,value,web,paid_social,2026-01-16,1,low,44,0,10.0
U001827,144.86,193.66000000000003,0.0,6.4,1.3368769846748585,2025-05-31,2,premium,web,paid_social,2026-01-28,8,high,244,1,-2.0
U001828,181.48499999999999,63.37,0.0,6.0,0.3491748629363308,2026-01-07,2,regular,web,search,2026-01-30,1,low,23,1,-4.0
U001829,324.88599999999997,231.36,0.0,6.6,0.7121267152170301,2025-10-06,2,premium,mobile,organic,2026-01-30,3,high,116,1,-4.0
U001830,71.15,0.0,1.0,6.25,0.0,2026-01-06,2,regular,mobile,organic,2026-01-25,0,low,24,1,1.0
U001831,0.0,0.0,0.0,6.4,,2025-08-02,1,regular,web,paid_social,2025-12-02,4,medium,181,0,55.0
U001832,67.066,22.79,0.0,6.4,0.3398145110786389,2025-12-30,1,regular,mobile,search,2026-01-29,1,low,31,1,-3.0
U001833,58.896,47.21,0.0,6.4,0.8015824504210812,2025-09-29,2,value,web,search,2026-01-28,4,low,123,1,-2.0
U001834,107.33,45.97,0.0,6.4,0.4283052268703997,2025-05-23,3,regular,mobile,search,2026-01-30,7,high,252,1,-4.0
U001835,114.822,78.79,0.0,6.4,0.6861925414990159,2025-08-15,3,regular,web,search,2026-01-30,4,high,168,1,-4.0
U001836,128.592,95.03,0.0,6.6,0.7390039815851686,2025-06-08,2,premium,mobile,paid_social,2026-01-30,6,high,236,1,-4.0
U001837,104.34,23.3,0.0,6.4,0.2233084147977765,2025-12-27,1,regular,mobile,paid_social,2026-01-29,1,low,34,1,-3.0
U001838,0.0,0.0,0.0,6.6,,2025-07-20,2,value,web,email,2025-11-13,4,medium,194,0,74.0
U001839,109.112,119.69999999999999,0.0,6.4,1.097037906004839,2025-06-29,2,regular,web,organic,2026-01-30,7,high,215,1,-4.0
U001840,73.44200000000001,37.510000000000005,0.0,6.4,0.5107431714822581,2025-09-20,3,regular,web,search,2026-01-27,4,medium,132,1,-1.0
U001841,139.838,79.46000000000001,0.0,6.6,0.5682289506428868,2025-08-19,3,regular,web,organic,2026-01-29,5,high,164,1,-3.0
U001842,85.78,47.57,0.0,6.6,0.5545581720680811,2025-05-29,3,regular,web,referral,2026-01-29,8,high,246,1,-3.0
U001843,82.27000000000001,44.35,0.0,6.6,0.5390786434909444,2025-11-25,3,regular,web,paid_social,2026-01-29,2,medium,66,1,-3.0
U001844,56.972,62.29,0.0,6.4,1.093344098855578,2025-12-03,3,value,mobile,search,2026-01-30,1,low,58,1,-4.0
U001845,16.240000000000002,0.0,0.0,6.6,0.0,2025-11-07,2,regular,web,referral,2026-01-02,1,medium,84,0,24.0
U001846,0.0,0.0,0.0,6.6,,2025-10-06,1,regular,mobile,search,2025-12-09,1,medium,116,0,48.0
U001847,207.026,194.5,0.0,6.6,0.9394955223015466,2025-08-14,1,premium,web,organic,2026-01-29,5,high,169,1,-3.0
U001848,112.54400000000001,86.83,0.0,6.6,0.7715204719931759,2025-09-18,2,regular,web,search,2026-01-30,4,medium,134,1,-4.0
U001849,0.0,0.0,0.0,6.6,,2025-09-12,2,regular,web,organic,2025-10-08,1,low,140,0,110.0
U001850,0.0,0.0,0.0,6.6,,2025-06-15,1,regular,mobile,referral,2025-09-14,2,medium,229,0,134.0
U001851,131.994,59.5,0.0,6.6,0.4507780656696517,2025-05-25,3,regular,web,paid_social,2026-01-30,8,high,250,1,-4.0
U001852,26.522000000000002,20.63,0.0,6.6,0.7778448080838548,2025-07-07,1,value,web,paid_social,2026-01-30,6,medium,207,1,-4.0
U001853,246.95999999999998,108.12,0.0,6.6,0.4378036929057338,2025-08-27,3,premium,mobile,referral,2026-01-30,4,high,156,1,-4.0
U001854,174.538,213.5,0.0,6.6,1.2232293254191065,2025-06-14,3,premium,mobile,referral,2026-01-30,6,high,230,1,-4.0
U001855,99.03999999999999,140.44,0.0,6.6,1.4180129240710826,2025-05-31,2,regular,mobile,search,2026-01-30,7,high,244,1,-4.0
U001856,107.992,225.69,0.0,6.6,2.0898770279279946,2025-12-04,2,regular,web,organic,2026-01-29,1,medium,57,1,-3.0
U001857,54.85799999999999,50.32,0.0,6.6,0.9172773342083198,2025-08-07,2,value,web,search,2026-01-28,5,medium,176,1,-2.0
U001858,135.43599999999998,93.45,0.0,6.6,0.6899937978085592,2025-09-28,2,regular,mobile,email,2026-01-29,3,high,124,1,-3.0
U001859,107.804,148.05,0.0,6.6,1.373325665095915,2025-09-13,1,regular,mobile,email,2026-01-30,4,high,139,1,-4.0
U001860,83.324,51.69,0.0,6.6,0.6203494791416638,2025-11-05,3,regular,mobile,paid_social,2026-01-29,1,medium,86,1,-3.0
U001861,49.134,25.83,0.0,6.6,0.5257052143118818,2025-11-06,2,value,web,organic,2026-01-29,2,low,85,1,-3.0
U001862,109.67999999999999,67.14,0.0,6.4,0.6121444201312911,2025-07-18,2,regular,web,organic,2026-01-29,6,high,196,1,-3.0
U001863,67.636,36.8,0.0,6.6,0.5440889467147673,2025-12-03,2,value,mobile,referral,2026-01-27,1,low,58,1,-1.0
U001864,111.90799999999999,0.0,0.0,6.4,0.0,2025-08-06,2,regular,mobile,organic,2026-01-24,5,high,177,1,2.0
U001865,126.07000000000001,8.27,0.0,6.4,0.06559847703656697,2025-11-30,2,regular,web,paid_social,2026-01-30,1,medium,61,1,-4.0
U001866,52.70399999999999,44.55,0.0,6.6,0.8452868852459017,2025-08-14,2,value,mobile,search,2026-01-30,5,medium,169,1,-4.0
U001867,122.69800000000001,84.48,0.0,6.6,0.6885197802735171,2025-06-01,1,regular,mobile,organic,2026-01-29,8,high,243,1,-3.0
U001868,141.084,56.57,0.0,6.6,0.4009667999206147,2025-11-11,2,regular,web,paid_social,2026-01-30,2,medium,80,1,-4.0
U001869,90.172,46.18,0.0,6.6,0.512132369249878,2025-05-12,2,regular,web,email,2026-01-30,8,high,263,1,-4.0
U001870,41.55,9.38,0.0,6.4,0.22575210589651026,2025-11-14,2,value,mobile,paid_social,2026-01-30,2,low,77,1,-4.0
U001871,107.282,92.92,0.0,6.6,0.8661285210939393,2025-05-15,1,regular,web,search,2026-01-30,8,high,260,1,-4.0
U001872,57.206,0.0,0.0,6.6,0.0,2025-06-25,2,value,mobile,search,2026-01-24,7,medium,219,1,2.0
U001873,103.734,96.66,0.0,6.6,0.9318063508589277,2025-10-03,2,regular,mobile,email,2026-01-30,3,medium,119,1,-4.0
U001874,60.970000000000006,33.38,0.0,6.6,0.5474823683778908,2025-12-27,2,regular,web,search,2026-01-27,1,low,34,1,-1.0
U001875,0.0,0.0,0.0,6.4,,2025-08-15,1,value,mobile,search,2025-09-11,0,low,168,0,137.0
U001876,139.68400000000003,66.30000000000001,0.0,6.6,0.4746427650983649,2025-06-04,1,regular,web,paid_social,2026-01-30,7,high,240,1,-4.0
U001877,105.506,73.6,0.0,6.6,0.6975906583511837,2025-07-02,2,regular,web,organic,2026-01-30,6,high,212,1,-4.0
U001878,119.81800000000001,136.61,0.0,6.6,1.1401458879300272,2025-12-15,1,regular,mobile,organic,2026-01-28,1,low,46,1,-2.0
U001879,54.53000000000001,65.3,0.0,6.4,1.197505960022006,2025-11-03,2,value,mobile,referral,2026-01-30,2,low,88,1,-4.0
U001880,60.314,10.88,0.0,6.6,0.1803892960175084,2025-05-30,3,value,web,paid_social,2026-01-29,8,medium,245,1,-3.0
U001881,123.78000000000002,132.86,0.0,6.6,1.0733559541121345,2025-08-09,2,regular,mobile,organic,2026-01-30,5,high,174,1,-4.0
U001882,36.536,46.06,0.0,6.6,1.2606744033282242,2025-07-10,3,value,mobile,organic,2026-01-30,6,medium,204,1,-4.0
U001883,60.902,53.67,0.0,6.6,0.8812518472299761,2025-06-18,1,regular,mobile,email,2026-01-28,6,high,226,1,-2.0
U001884,32.176,26.78,0.0,6.4,0.8322973644952759,2025-12-03,1,value,mobile,paid_social,2026-01-30,1,low,58,1,-4.0
U001885,90.608,48.99,0.0,6.6,0.540680734592972,2025-10-07,2,value,web,paid_social,2026-01-30,3,medium,115,1,-4.0
U001886,0.0,0.0,0.0,6.6,,2025-06-19,3,regular,web,organic,2025-12-17,5,high,225,0,40.0
U001887,35.758,51.72,0.0,6.6,1.4463896191062138,2025-10-15,3,value,mobile,email,2026-01-30,3,low,107,1,-4.0
U001888,0.0,0.0,0.0,6.6,,2025-08-16,1,regular,web,referral,2025-10-15,0,low,167,0,103.0
U001889,0.0,0.0,0.0,6.6,,2025-05-20,3,value,mobile,search,2025-08-19,3,low,255,0,160.0
U001890,103.44200000000001,71.96,0.0,6.4,0.695655536435877,2025-08-25,2,regular,web,organic,2026-01-27,5,high,158,1,-1.0
U001891,0.0,0.0,0.0,6.2,,2025-06-20,2,regular,web,paid_social,2025-10-25,4,medium,224,0,93.0
U001892,110.53200000000001,129.91,0.0,6.6,1.1753157456664132,2025-07-05,1,regular,web,referral,2026-01-30,6,high,209,1,-4.0
U001893,127.498,111.34,0.0,6.6,0.8732686002917692,2025-12-11,3,regular,web,referral,2026-01-28,1,low,50,1,-2.0
U001894,77.342,116.86,0.0,6.4,1.5109513588994337,2025-10-30,1,value,web,email,2026-01-30,2,low,92,1,-4.0
U001895,115.686,150.34,0.0,6.6,1.2995522362256453,2025-06-07,3,regular,mobile,paid_social,2026-01-30,7,high,237,1,-4.0
U001896,31.9,0.0,0.0,6.6,0.0,2025-12-04,2,value,mobile,organic,2026-01-25,1,low,57,1,1.0
U001897,0.0,0.0,0.0,6.4,,2025-09-26,2,regular,web,search,2025-11-24,2,medium,126,0,63.0
U001898,48.19199999999999,51.42,0.0,6.6,1.0669820717131475,2025-12-10,2,value,web,referral,2026-01-30,1,low,51,1,-4.0
U001899,118.502,121.94,0.0,6.6,1.0290121685709945,2025-11-08,3,regular,mobile,organic,2026-01-29,2,medium,83,1,-3.0
U001900,58.14,26.02,0.0,6.6,0.4475404196766426,2025-07-29,1,value,web,organic,2026-01-29,6,medium,185,1,-3.0
U001901,210.41,185.01,0.0,6.6,0.879283304025474,2025-09-16,1,premium,web,paid_social,2026-01-30,4,high,136,1,-4.0
U001902,0.0,0.0,0.0,6.6,,2025-09-15,2,regular,web,search,2025-11-08,2,medium,137,0,79.0
U001903,134.716,16.82,0.0,6.6,0.12485525104664627,2025-11-01,2,regular,mobile,referral,2026-01-30,2,medium,90,1,-4.0
U001904,31.398000000000003,43.11,0.0,6.4,1.3730173896426523,2025-07-06,1,value,mobile,organic,2026-01-29,6,medium,208,1,-3.0
U001905,84.85,115.51,0.0,6.6,1.361343547436653,2025-07-27,1,value,mobile,organic,2026-01-30,5,medium,187,1,-4.0
U001906,33.988,0.0,0.0,6.4,0.0,2025-07-05,2,value,mobile,organic,2026-01-22,6,medium,209,1,4.0
U001907,196.228,126.11999999999999,0.0,6.4,0.6427217318629349,2025-07-18,1,premium,mobile,paid_social,2026-01-30,6,high,196,1,-4.0
U001908,92.72,21.12,0.0,6.4,0.2277825711820535,2025-06-14,1,regular,web,paid_social,2026-01-26,7,high,230,1,0.0
U001909,80.648,67.09,0.0,6.6,0.831886717587541,2025-05-14,3,value,web,search,2026-01-30,8,medium,261,1,-4.0
U001910,186.64909067456804,135.98,0.0,6.4,0.7285328822581186,2025-12-26,2,regular,web,search,2026-01-29,1,low,35,1,-3.0
U001911,0.0,0.0,0.0,6.6,,2025-05-23,3,regular,web,organic,2025-07-22,2,low,252,0,188.0
U001912,57.736000000000004,80.99,0.0,6.6,1.4027643064985449,2025-12-13,3,value,mobile,paid_social,2026-01-30,1,low,48,1,-4.0
U001913,173.13799999999998,58.05,0.0,6.6,0.33528168281948506,2025-05-05,1,regular,web,email,2026-01-29,8,high,270,1,-3.0
U001914,28.95,0.0,0.0,6.6,0.0,2025-11-16,2,value,web,paid_social,2026-01-22,2,low,75,1,4.0
U001915,0.0,0.0,0.0,6.6,,2025-07-26,2,value,web,organic,2025-10-25,3,low,188,0,93.0
U001916,117.218,92.41,0.0,6.6,0.7883601494650991,2025-09-11,2,regular,mobile,paid_social,2026-01-29,4,high,141,1,-3.0
U001917,8.242,0.0,0.0,6.6,0.0,2025-07-14,1,value,mobile,organic,2025-12-31,6,medium,200,0,26.0
U001918,143.836,123.42,0.0,6.6,0.8580605689813398,2025-09-05,1,premium,mobile,organic,2026-01-30,4,high,147,1,-4.0
U001919,0.0,0.0,0.0,6.6,,2025-08-26,1,regular,web,organic,2025-10-18,2,low,157,0,100.0
U001920,67.87,0.0,0.0,6.6,0.0,2025-09-14,2,regular,web,organic,2026-01-15,4,high,138,0,11.0
U001921,76.93199999999999,18.34,0.0,6.6,0.23839234648780744,2025-08-11,3,regular,mobile,organic,2026-01-27,5,high,172,1,-1.0
U001922,177.982,128.69,0.0,6.6,0.7230506455709004,2025-09-16,2,premium,mobile,referral,2026-01-30,4,high,136,1,-4.0
U001923,55.69,6.24,0.0,6.6,0.11204884180283714,2025-11-28,2,value,mobile,organic,2026-01-28,1,low,63,1,-2.0
U001924,0.0,0.0,0.0,6.6,,2025-08-22,3,regular,web,paid_social,2025-11-17,3,medium,161,0,70.0
U001925,163.16,99.7,0.0,6.6,0.6110566315273351,2025-08-03,2,regular,web,email,2026-01-27,5,high,180,1,-1.0
U001926,245.47600000000003,339.83,0.0,6.6,1.384371588261174,2025-06-07,1,premium,mobile,search,2026-01-30,7,high,237,1,-4.0
U001927,45.512,0.0,0.0,6.6,0.0,2025-08-03,3,value,mobile,search,2026-01-24,4,medium,180,1,2.0
U001928,0.0,0.0,0.0,6.4,,2025-06-05,2,regular,nan,paid_social,2025-12-28,6,high,239,0,29.0
U001929,136.334,33.14,0.0,6.4,0.2430794959437851,2025-06-19,1,regular,web,organic,2026-01-30,6,high,225,1,-4.0
U001930,71.498,46.5,0.0,6.4,0.6503678424571316,2025-12-30,2,value,web,search,2026-01-30,1,low,31,1,-4.0
U001931,148.174,139.38,0.0,6.6,0.9406508564255537,2025-05-27,3,premium,web,search,2026-01-29,8,high,248,1,-3.0
U001932,0.0,0.0,0.0,6.6,,2025-09-02,2,value,mobile,referral,2025-10-01,0,low,150,0,117.0
U001933,34.644000000000005,6.63,0.0,6.6,0.19137512989262206,2025-11-30,2,value,web,referral,2026-01-26,1,low,61,1,0.0
U001934,113.31000000000002,85.68,0.0,6.4,0.756155679110405,2025-12-30,1,regular,web,referral,2026-01-30,1,low,31,1,-4.0
U001935,0.0,0.0,0.0,6.2,,2025-06-10,1,regular,nan,paid_social,2025-12-07,5,high,234,0,50.0
U001936,69.62,77.63,0.0,6.6,1.1150531456478021,2025-06-15,1,value,mobile,search,2026-01-30,7,medium,229,1,-4.0
U001937,0.0,0.0,0.0,6.6,,2025-08-06,2,value,web,referral,2025-08-30,0,low,177,0,149.0
U001938,44.592,0.0,0.0,6.6,0.0,2025-09-21,3,value,web,referral,2026-01-22,4,medium,131,1,4.0
U001939,59.464,24.36,1.0,6.0,0.40965962599219696,2025-12-31,1,regular,mobile,search,2026-01-30,0,low,30,1,-4.0
U001940,208.36999999999998,155.31,0.0,6.6,0.7453568172001729,2025-06-26,2,premium,mobile,email,2026-01-30,7,high,218,1,-4.0
U001941,70.388,51.019999999999996,0.0,6.4,0.7248394612718075,2025-06-15,1,regular,mobile,referral,2026-01-30,7,high,229,1,-4.0
U001942,0.0,0.0,0.0,6.6,,2025-07-07,1,value,nan,search,2025-10-08,2,low,207,0,110.0
U001943,97.978,134.89,0.0,6.4,1.376737634979281,2025-12-10,2,regular,web,organic,2026-01-28,1,low,51,1,-2.0
U001944,0.0,0.0,0.0,6.6,,2025-05-12,2,premium,mobile,organic,,1,low,263,0,
U001945,127.30799999999999,0.0,0.0,6.6,0.0,2025-08-08,2,regular,mobile,paid_social,2026-01-23,4,high,175,1,3.0
U001946,0.0,0.0,0.0,6.6,,2025-06-03,2,value,web,organic,2025-08-27,2,low,241,0,152.0
U001947,0.0,0.0,0.0,6.6,,2025-06-13,2,value,mobile,search,2025-09-11,3,low,231,0,137.0
U001948,186.976,70.0,0.0,6.4,0.37437959952079414,2025-12-21,1,premium,web,paid_social,2026-01-30,1,medium,40,1,-4.0
U001949,269.808,162.89,1.0,6.6,0.6037256122872561,2025-05-05,1,premium,web,referral,2026-01-30,6,high,270,1,-4.0
U001950,60.036,63.22,0.0,6.6,1.0530348457592111,2025-07-24,3,value,web,referral,2026-01-30,6,medium,190,1,-4.0
U001951,151.76868158438594,120.66,0.0,6.6,0.7950256847484769,2025-12-20,3,regular,web,paid_social,2026-01-29,1,low,41,1,-3.0
U001952,0.0,0.0,0.0,6.6,,2025-10-04,3,value,mobile,search,2025-12-08,2,low,118,0,49.0
U001953,36.078,23.28,0.0,6.6,0.6452685847330784,2025-05-23,3,value,web,organic,2026-01-26,8,medium,252,1,0.0
U001954,123.97999999999999,74.19,0.0,6.4,0.5984029682206807,2025-08-29,2,regular,mobile,paid_social,2026-01-30,4,high,154,1,-4.0
U001955,117.046,142.95000000000002,0.0,5.2,1.2213146967858792,2026-01-03,3,regular,web,organic,2026-01-30,1,low,27,1,-4.0
U001956,76.166,140.7,0.0,6.6,1.8472809390016542,2025-08-13,2,regular,web,search,2026-01-30,4,high,170,1,-4.0
U001957,220.17200000000003,141.67000000000002,0.0,6.6,0.6434514833857167,2025-09-14,1,premium,web,email,2026-01-30,4,high,138,1,-4.0
U001958,62.58,0.0,0.0,6.4,0.0,2025-09-15,1,regular,web,search,2026-01-15,4,medium,137,0,11.0
U001959,40.032,0.0,0.0,6.6,0.0,2025-10-17,1,value,mobile,paid_social,2026-01-25,3,low,105,1,1.0
U001960,81.886,45.44,0.0,6.4,0.5549178125686931,2025-06-20,1,regular,mobile,paid_social,2026-01-29,7,high,224,1,-3.0
U001961,126.80999999999999,75.75,0.0,6.6,0.5973503666903242,2025-12-01,2,regular,web,referral,2026-01-30,1,medium,60,1,-4.0
U001962,196.00509526159107,38.11,0.0,5.75,0.19443372096596712,2026-01-08,2,regular,mobile,search,2026-01-30,1,low,22,1,-4.0
U001963,150.88799999999998,24.24,0.0,6.6,0.16064895816764754,2025-06-09,3,premium,mobile,search,2026-01-28,6,high,235,1,-2.0
U001964,83.558,75.88,0.0,6.6,0.9081117307738337,2025-11-26,2,regular,mobile,organic,2026-01-29,2,medium,65,1,-3.0
U001965,30.387999999999998,0.0,0.0,6.0,0.0,2025-11-26,1,value,web,paid_social,2026-01-23,2,low,65,1,3.0
U001966,14.985999999999999,0.0,0.0,6.6,0.0,2025-11-07,2,value,web,organic,2026-01-02,1,low,84,0,24.0
U001967,90.41,62.620000000000005,0.0,6.2,0.6926224975113373,2025-08-06,2,regular,mobile,search,2026-01-30,5,high,177,1,-4.0
U001968,201.228,95.24000000000001,0.0,6.6,0.4732939749935397,2025-08-30,1,premium,mobile,paid_social,2026-01-29,5,high,153,1,-3.0
U001969,45.434000000000005,75.09,0.0,6.4,1.6527270326187435,2025-12-01,2,value,web,organic,2026-01-30,1,low,60,1,-4.0
U001970,12.852,0.0,0.0,6.4,0.0,2025-06-12,2,value,mobile,search,2026-01-05,6,medium,232,0,21.0
U001971,108.40599999999999,29.3,0.0,6.6,0.27028024279098944,2025-11-29,2,regular,web,organic,2026-01-30,1,medium,62,1,-4.0
U001972,47.114,0.0,0.0,6.6,0.0,2025-12-22,3,value,mobile,organic,2026-01-25,1,low,39,1,1.0
U001973,50.495999999999995,53.480000000000004,0.0,6.6,1.0590937896070978,2025-10-23,3,value,web,organic,2026-01-27,3,low,99,1,-1.0
U001974,0.0,0.0,0.0,6.6,,2025-07-29,2,premium,mobile,organic,2025-12-27,5,high,185,0,30.0
U001975,126.492,107.45,0.0,6.4,0.8494608354678557,2025-09-22,1,regular,web,email,2026-01-30,4,high,130,1,-4.0
U001976,172.744,146.29000000000002,0.0,6.6,0.8468600935488354,2025-05-17,3,premium,web,email,2026-01-30,8,high,258,1,-4.0
U001977,129.018,78.73,0.0,6.6,0.610224929854749,2025-12-24,2,regular,mobile,paid_social,2026-01-30,1,low,37,1,-4.0
U001978,40.222,79.64,0.0,6.6,1.9800109392869574,2025-07-29,1,value,web,paid_social,2026-01-30,5,medium,185,1,-4.0
U001979,417.9005431221196,263.95,0.0,6.6,0.6316096122489797,2025-05-19,2,premium,mobile,paid_social,2026-01-30,8,high,256,1,-4.0
U001980,17.660000000000004,0.0,0.0,6.6,0.0,2025-11-20,2,value,mobile,referral,2026-01-13,1,low,71,0,13.0
U001981,64.446,25.02,0.0,6.6,0.3882320081929057,2025-10-17,2,value,web,search,2026-01-30,3,low,105,1,-4.0
U001982,191.052,168.42000000000002,0.0,6.6,0.8815401042648076,2025-10-08,1,premium,web,organic,2026-01-30,3,high,114,1,-4.0
U001983,127.52799999999999,136.04,0.0,6.6,1.066746126340882,2025-05-18,2,regular,mobile,paid_social,2026-01-30,8,high,257,1,-4.0
U001984,156.47,96.51,0.0,6.6,0.616795551862977,2025-11-09,1,premium,mobile,email,2026-01-30,2,medium,82,1,-4.0
U001985,48.84599999999999,66.35,0.0,6.6,1.358350734962945,2025-10-11,1,value,mobile,organic,2026-01-28,3,low,111,1,-2.0
U001986,129.054,0.0,0.0,6.6,0.0,2025-11-20,1,premium,web,search,2026-01-15,2,medium,71,0,11.0
U001987,157.1,121.89999999999999,0.0,6.6,0.7759388924252069,2025-11-28,3,regular,mobile,search,2026-01-30,1,medium,63,1,-4.0
U001988,104.346,146.13,0.0,6.4,1.4004370076476338,2025-06-27,2,regular,web,search,2026-01-29,6,high,217,1,-3.0
U001989,201.094,195.93,0.0,6.6,0.9743204670452624,2025-06-26,2,premium,nan,paid_social,2026-01-30,7,high,218,1,-4.0
U001990,137.576,65.05,0.0,6.4,0.4728295632959237,2025-12-22,2,regular,web,search,2026-01-29,1,low,39,1,-3.0
U001991,27.192,0.0,0.0,6.4,0.0,2025-09-15,3,regular,web,email,2026-01-10,3,medium,137,0,16.0
U001992,0.0,0.0,0.0,6.4,,2025-08-22,2,regular,mobile,referral,2025-10-23,2,low,161,0,95.0
U001993,113.454,86.23,0.0,6.6,0.7600437181589015,2025-07-16,3,regular,mobile,organic,2026-01-30,6,high,198,1,-4.0
U001994,249.98600000000002,257.93,0.0,6.4,1.031777779555655,2025-10-12,2,premium,web,referral,2026-01-30,3,high,110,1,-4.0
U001995,123.95599999999999,89.32,0.0,6.6,0.7205782697086063,2025-11-10,1,regular,mobile,paid_social,2026-01-29,2,medium,81,1,-3.0
U001996,60.028,28.990000000000002,0.0,6.6,0.48294129406277075,2025-05-05,2,value,web,search,2026-01-30,8,medium,270,1,-4.0
U001997,0.0,0.0,0.0,6.6,,2025-09-20,2,value,web,search,2025-12-15,2,low,132,0,42.0
U001998,218.4575,145.06,0.0,5.5,0.6640193172585056,2026-01-09,3,premium,web,referral,2026-01-30,1,low,21,1,-4.0
U001999,450.0593960424558,238.12,0.0,6.6,0.5290857208934646,2025-07-14,3,premium,web,search,2026-01-30,6,high,200,1,-4.0
U002000,218.21599999999998,221.12,0.0,6.4,1.0133079150933022,2025-07-14,2,premium,web,organic,2026-01-30,6,high,200,1,-4.0
U002001,68.59,21.58,0.0,6.6,0.3146231229042134,2025-12-11,3,value,web,organic,2026-01-30,1,low,50,1,-4.0
U002002,0.0,0.0,0.0,6.6,,2025-05-20,2,regular,web,organic,2025-12-15,5,high,255,0,42.0
U002003,79.70599999999999,71.05,0.0,6.2,0.8914008983012572,2025-08-12,2,regular,mobile,paid_social,2026-01-28,5,high,171,1,-2.0
U002004,101.39200000000001,75.62,0.0,6.4,0.7458182105097049,2025-08-28,2,regular,mobile,organic,2026-01-30,5,high,155,1,-4.0
U002005,0.0,0.0,0.0,6.6,,2025-11-21,1,value,mobile,paid_social,2025-12-20,1,low,70,0,37.0
U002006,104.768,132.3,0.0,6.6,1.2627901649358584,2025-06-06,3,regular,web,search,2026-01-30,5,high,238,1,-4.0
U002007,0.0,0.0,0.0,6.6,,2025-08-21,1,value,mobile,referral,2025-10-13,2,low,162,0,105.0
U002008,95.684,124.68,0.0,6.6,1.3030391706032358,2025-06-12,2,regular,web,search,2026-01-30,7,high,232,1,-4.0
U002009,22.913999999999998,0.0,0.0,6.6,0.0,2025-11-18,2,value,mobile,email,2026-01-06,1,low,73,0,20.0
U002010,31.188,0.0,0.0,6.6,0.0,2025-10-10,1,value,mobile,email,2026-01-25,3,low,112,1,1.0
U002011,56.036,80.64,0.0,6.6,1.4390748804340068,2025-09-06,1,value,web,organic,2026-01-30,4,medium,146,1,-4.0
U002012,0.0,0.0,0.0,6.6,,2025-08-11,2,premium,web,paid_social,2025-09-14,0,low,172,0,134.0
U002013,0.0,0.0,0.0,6.6,,2025-06-12,1,regular,mobile,organic,2025-08-14,1,low,232,0,165.0
U002014,95.508,0.0,0.0,6.6,0.0,2025-12-22,2,premium,mobile,referral,2026-01-20,1,low,39,1,6.0
U002015,0.0,0.0,0.0,6.6,,2025-10-14,2,regular,mobile,paid_social,2025-12-08,1,medium,108,0,49.0
U002016,87.09,47.08,0.0,6.6,0.5405901940521299,2025-07-24,1,regular,mobile,organic,2026-01-28,6,high,190,1,-2.0
U002017,48.494,39.99,0.0,6.4,0.8246380995587084,2025-08-16,1,value,mobile,organic,2026-01-26,5,medium,167,1,0.0
U002018,0.0,0.0,0.0,6.2,,2025-11-03,3,regular,web,search,2025-12-03,0,low,88,0,54.0
U002019,9.528,0.0,0.0,6.4,0.0,2025-11-01,3,value,mobile,referral,2026-01-02,2,low,90,0,24.0
U002020,116.48600000000002,64.45,0.0,6.6,0.553285373349587,2025-08-28,1,regular,web,referral,2026-01-29,5,high,155,1,-3.0
U002021,131.378,67.71000000000001,0.0,6.6,0.515383093059721,2025-07-20,3,regular,web,organic,2026-01-29,6,high,194,1,-3.0
U002022,223.67399999999998,277.08,0.0,6.6,1.2387671343115427,2025-10-17,2,premium,web,organic,2026-01-30,3,high,105,1,-4.0
U002023,0.0,0.0,0.0,6.6,,2025-10-17,2,value,mobile,search,2025-11-21,1,low,105,0,66.0
U002024,107.89599999999999,42.98,0.0,6.6,0.3983465559427597,2025-10-02,2,regular,mobile,paid_social,2026-01-29,3,medium,120,1,-3.0
U002025,85.902,150.6,0.0,6.4,1.7531605783334496,2025-05-23,2,value,web,organic,2026-01-30,8,medium,252,1,-4.0
U002026,42.512,36.19,0.0,6.6,0.8512890477982686,2025-08-31,3,value,web,organic,2026-01-30,5,medium,152,1,-4.0
U002027,0.0,0.0,0.0,6.6,,2025-10-06,2,regular,web,referral,2025-11-06,0,low,116,0,81.0
U002028,125.444,56.86,0.0,6.4,0.45326998501323296,2025-12-29,2,regular,mobile,search,2026-01-26,1,low,32,1,0.0
U002029,93.02799999999999,119.09,0.0,6.6,1.280152212237176,2025-09-13,2,regular,mobile,paid_social,2026-01-30,4,high,139,1,-4.0
U002030,47.459999999999994,20.85,0.0,6.6,0.43931731984829336,2025-07-30,1,value,web,search,2026-01-27,5,medium,184,1,-1.0
U002031,0.0,0.0,0.0,6.6,,2025-09-21,2,premium,web,search,2025-12-19,3,high,131,0,38.0
U002032,0.0,0.0,0.0,6.4,,2025-06-18,1,premium,mobile,paid_social,2025-10-23,4,high,226,0,95.0
U002033,0.0,0.0,0.0,6.4,,2025-05-27,2,regular,web,organic,2025-08-27,3,low,248,0,152.0
U002034,191.936,114.27000000000001,0.0,6.4,0.5953547015671891,2025-10-22,1,premium,web,organic,2026-01-27,3,high,100,1,-1.0
U002035,23.709999999999997,50.739999999999995,1.0,6.0,2.1400253057781526,2026-01-07,1,value,web,email,2026-01-29,0,low,23,1,-3.0
U002036,162.47,132.81,0.0,6.4,0.8174432202868221,2025-12-03,2,regular,web,referral,2026-01-30,1,medium,58,1,-4.0
U002037,125.096,135.95,0.0,6.6,1.0867653642002941,2025-09-28,2,premium,web,paid_social,2026-01-30,3,high,124,1,-4.0
U002038,0.0,0.0,0.0,6.4,,2025-05-15,2,regular,mobile,organic,2025-12-13,7,high,260,0,44.0
U002039,59.400000000000006,0.0,0.0,5.5,0.0,2026-01-07,1,regular,web,organic,2026-01-24,1,low,23,1,2.0
U002040,139.336,116.38,0.0,6.6,0.8352471723029223,2025-08-25,2,regular,web,organic,2026-01-30,5,high,158,1,-4.0
U002041,146.858,184.35,0.0,6.4,1.2552942298002152,2025-07-16,2,regular,mobile,email,2026-01-30,6,high,198,1,-4.0
U002042,61.176,0.0,0.0,6.4,0.0,2025-12-15,2,regular,mobile,referral,2026-01-15,1,low,46,0,11.0
U002043,62.472,64.06,0.0,6.4,1.025419387885773,2025-11-08,2,value,web,search,2026-01-30,2,low,83,1,-4.0
U002044,66.512,12.44,0.0,6.6,0.18703391869136396,2025-11-09,2,value,web,email,2026-01-29,2,low,82,1,-3.0
U002045,86.83,90.03999999999999,0.0,6.6,1.0369687895888517,2025-07-13,2,regular,mobile,organic,2026-01-28,6,high,201,1,-2.0
U002046,90.485,51.29,0.0,5.75,0.5668342819251809,2026-01-08,3,regular,web,search,2026-01-30,1,low,22,1,-4.0
U002047,116.374,68.41,0.0,6.6,0.5878460824582811,2025-08-26,3,regular,mobile,organic,2026-01-30,5,high,157,1,-4.0
U002048,216.644,283.15999999999997,0.0,6.6,1.3070290430383484,2025-09-15,2,premium,web,organic,2026-01-30,4,high,137,1,-4.0
U002049,133.268,61.29,0.0,6.6,0.4599003511720743,2025-11-09,2,regular,web,email,2026-01-30,2,medium,82,1,-4.0
U002050,134.58599999999998,24.41,0.0,6.6,0.18137101927392152,2025-10-17,1,regular,web,referral,2026-01-27,3,medium,105,1,-1.0
U002051,102.498,108.65,0.0,6.4,1.0600206833304064,2025-06-17,3,regular,mobile,organic,2026-01-30,6,high,227,1,-4.0
U002052,161.598,58.97,0.0,6.4,0.36491788264706243,2025-07-19,2,regular,web,organic,2026-01-28,6,high,195,1,-2.0
U002053,84.262,19.87,0.0,6.6,0.2358121098478555,2025-08-03,2,regular,web,paid_social,2026-01-30,5,high,180,1,-4.0
U002054,63.044000000000004,0.0,0.0,6.4,0.0,2025-12-28,3,regular,web,organic,2026-01-24,1,low,33,1,2.0
U002055,142.38,85.34,0.0,6.6,0.5993819356651215,2025-10-31,2,regular,mobile,search,2026-01-30,2,medium,91,1,-4.0
U002056,163.11399999999998,40.099999999999994,0.0,6.4,0.24584033252817047,2025-08-04,1,regular,web,paid_social,2026-01-28,5,high,179,1,-2.0
U002057,223.112,62.58,0.0,6.6,0.28048693033095484,2025-11-05,1,regular,mobile,organic,2026-01-30,2,medium,86,1,-4.0
U002058,122.26000000000002,85.58,0.0,6.6,0.6999836414199246,2025-11-06,1,regular,mobile,organic,2026-01-28,2,medium,85,1,-2.0
U002059,0.0,0.0,0.0,6.6,,2025-08-11,2,value,web,organic,2025-12-05,3,low,172,0,52.0
U002060,137.788,43.04,0.0,6.6,0.3123639213864777,2025-08-14,1,regular,mobile,email,2026-01-28,5,high,169,1,-2.0
U002061,134.13799999999998,87.5,0.0,6.6,0.6523132892990802,2025-12-15,3,regular,mobile,search,2026-01-29,1,medium,46,1,-3.0
U002062,0.0,0.0,0.0,6.6,,2025-09-23,3,value,web,paid_social,2025-10-24,1,low,129,0,94.0
U002063,87.84,40.41,0.0,6.6,0.4600409836065573,2025-06-11,2,regular,web,organic,2026-01-29,7,high,233,1,-3.0
U002064,0.0,0.0,0.0,6.6,,2025-11-01,2,regular,web,paid_social,2025-12-04,0,low,90,0,53.0
U002065,0.0,0.0,0.0,6.4,,2025-09-29,2,regular,web,organic,2025-12-03,2,medium,123,0,54.0
U002066,0.0,0.0,0.0,6.4,,2025-09-09,1,regular,web,organic,2025-10-04,1,low,143,0,114.0
U002067,51.082,11.04,0.0,6.6,0.21612309619826944,2025-11-03,2,value,mobile,paid_social,2026-01-27,2,low,88,1,-1.0
U002068,80.978,133.62,0.0,6.4,1.6500777989083457,2025-12-18,1,value,mobile,paid_social,2026-01-30,1,low,43,1,-4.0
U002069,0.0,0.0,0.0,6.6,,2025-07-26,1,value,web,organic,2025-11-16,3,medium,188,0,71.0
U002070,127.56400000000001,86.55,0.0,6.6,0.6784829575742372,2025-08-18,2,regular,web,search,2026-01-30,4,high,165,1,-4.0
U002071,58.705999999999996,26.08,0.0,6.4,0.444247606718223,2025-06-21,1,regular,web,email,2026-01-29,7,high,223,1,-3.0
U002072,73.85,134.78,0.0,6.6,1.8250507786052812,2025-10-14,2,regular,web,organic,2026-01-30,3,medium,108,1,-4.0
U002073,41.782,0.0,0.0,6.6,0.0,2025-08-14,2,regular,web,organic,2026-01-13,5,high,169,0,13.0
U002074,71.38399999999999,123.02,0.0,6.4,1.7233553737532223,2025-07-29,3,value,mobile,search,2026-01-30,5,medium,185,1,-4.0
U002075,53.70399999999999,16.72,0.0,6.6,0.31133621331744377,2025-10-26,2,value,mobile,organic,2026-01-29,3,low,96,1,-3.0
U002076,63.144000000000005,37.03,0.0,6.6,0.5864373495502343,2025-08-15,3,value,web,paid_social,2026-01-29,5,medium,168,1,-3.0
U002077,120.35,102.37,0.0,6.4,0.8506024096385543,2025-08-29,2,regular,mobile,paid_social,2026-01-30,4,high,154,1,-4.0
U002078,0.0,0.0,0.0,6.6,,2025-08-23,3,value,mobile,search,2025-10-24,2,low,160,0,94.0
U002079,91.188,48.03,0.0,6.4,0.5267140413212265,2025-07-08,2,regular,mobile,paid_social,2026-01-30,6,high,206,1,-4.0
U002080,161.60999999999999,122.59,0.0,6.6,0.7585545448920241,2025-06-05,1,regular,web,search,2026-01-30,7,high,239,1,-4.0
U002081,78.458,81.19,0.0,6.4,1.0348211782099976,2025-11-28,3,regular,web,paid_social,2026-01-30,1,medium,63,1,-4.0
U002082,51.902,37.77,0.0,6.4,0.7277176216716119,2025-05-28,2,value,mobile,organic,2026-01-30,7,medium,247,1,-4.0
U002083,0.0,0.0,0.0,6.6,,2025-07-25,1,value,web,organic,2025-08-26,1,low,189,0,153.0
U002084,113.30199999999999,40.6,0.0,6.6,0.35833436302977884,2025-10-19,1,regular,mobile,paid_social,2026-01-30,3,medium,103,1,-4.0
U002085,108.28399999999999,15.56,0.0,6.4,0.14369620627239482,2025-06-06,2,regular,web,organic,2026-01-29,7,high,238,1,-3.0
U002086,42.556,52.54,0.0,6.6,1.2346085158379547,2025-10-16,2,value,mobile,organic,2026-01-30,3,low,106,1,-4.0
U002087,233.224,91.63,0.0,6.6,0.392884094261311,2025-11-04,2,premium,mobile,search,2026-01-29,2,high,87,1,-3.0
U002088,156.302,124.67,0.0,6.6,0.7976225512149557,2025-10-18,3,regular,web,paid_social,2026-01-29,3,medium,104,1,-3.0
U002089,84.186,51.69,0.0,6.4,0.6139975767942413,2025-07-20,2,regular,web,organic,2026-01-29,6,high,194,1,-3.0
U002090,54.206,21.07,0.0,6.6,0.3887023576725824,2025-05-09,2,value,mobile,paid_social,2026-01-26,8,medium,266,1,0.0
U002091,72.954,15.17,0.0,6.6,0.20793924939002661,2025-12-13,2,value,web,paid_social,2026-01-28,1,low,48,1,-2.0
U002092,37.238,28.950000000000003,0.0,6.6,0.777431655835437,2025-07-25,3,value,mobile,paid_social,2026-01-30,5,medium,189,1,-4.0
U002093,9.512,0.0,0.0,6.6,0.0,2025-11-23,1,value,mobile,organic,2026-01-08,1,low,68,1,18.0
U002094,152.922,55.06,0.0,6.4,0.36005283739422717,2025-06-23,1,regular,web,referral,2026-01-30,6,high,221,1,-4.0
U002095,92.724,57.06,0.0,6.6,0.6153746602821276,2025-06-14,2,regular,mobile,organic,2026-01-27,7,high,230,1,-1.0
U002096,187.728,110.02000000000001,0.0,6.6,0.5860606835421461,2025-11-16,2,premium,web,email,2026-01-28,2,medium,75,1,-2.0
U002097,182.01000000000002,80.72999999999999,0.0,6.4,0.443547057853964,2025-12-26,3,premium,mobile,paid_social,2026-01-29,1,low,35,1,-3.0
U002098,47.769999999999996,32.72,0.0,6.6,0.6849487125811179,2025-12-07,2,value,web,organic,2026-01-26,1,low,54,1,0.0
U002099,25.633999999999997,17.51,0.0,6.6,0.6830771631427013,2025-11-09,3,value,web,referral,2026-01-26,1,low,82,1,0.0
U002100,107.75,37.64,0.0,6.6,0.34932714617169375,2025-07-05,2,regular,web,search,2026-01-30,6,high,209,1,-4.0
U002101,189.81799999999998,238.51,0.0,6.6,1.2565194027963629,2025-12-20,1,premium,mobile,search,2026-01-30,1,medium,41,1,-4.0
U002102,156.934,274.86,0.0,6.6,1.7514369097837308,2025-10-19,1,premium,mobile,search,2026-01-30,3,high,103,1,-4.0
U002103,55.948,22.95,0.0,6.2,0.41020233073568313,2025-06-17,1,value,mobile,paid_social,2026-01-29,6,medium,227,1,-3.0
U002104,47.028,28.54,0.0,6.6,0.6068725014884749,2025-06-06,2,value,web,paid_social,2026-01-30,7,medium,238,1,-4.0
U002105,60.262,43.81,0.0,6.4,0.7269921343466862,2025-12-09,2,value,web,referral,2026-01-30,1,low,52,1,-4.0
U002106,148.472,138.26,0.0,6.2,0.9312193544910824,2025-07-13,2,regular,mobile,organic,2026-01-29,6,high,201,1,-3.0
U002107,41.63199999999999,0.0,0.0,6.6,0.0,2025-11-13,2,regular,mobile,paid_social,2026-01-14,1,medium,78,0,12.0
U002108,0.0,0.0,0.0,6.6,,2025-06-08,2,regular,web,paid_social,2025-08-29,3,medium,236,0,150.0
U002109,0.0,0.0,0.0,6.6,,2025-07-14,2,regular,mobile,paid_social,2025-10-18,3,medium,200,0,100.0
U002110,0.0,0.0,0.0,6.6,,2025-07-15,2,value,web,search,2025-09-11,2,low,199,0,137.0
U002111,152.186,111.68,0.0,6.4,0.7338388550852246,2025-07-14,2,regular,web,search,2026-01-29,6,high,200,1,-3.0
U002112,59.048,39.43,0.0,6.4,0.6677618208914781,2025-10-21,2,value,mobile,paid_social,2026-01-29,2,low,101,1,-3.0
U002113,26.006,0.0,0.0,6.6,0.0,2025-12-20,2,regular,web,organic,2026-01-12,1,low,41,0,14.0
U002114,99.44000000000001,82.06,0.0,6.4,0.825221238938053,2025-12-19,2,regular,web,organic,2026-01-30,1,low,42,1,-4.0
U002115,103.422,40.08,0.0,6.4,0.38753843476242966,2025-11-07,2,regular,mobile,search,2026-01-29,2,medium,84,1,-3.0
U002116,0.0,0.0,0.0,6.6,,2025-06-24,2,value,mobile,organic,2025-12-19,6,medium,220,0,38.0
U002117,92.804,96.74,0.0,6.0,1.0424119650015085,2026-01-01,2,regular,web,organic,2026-01-30,1,low,29,1,-4.0
U002118,0.0,0.0,0.0,6.4,,2025-09-18,2,regular,mobile,organic,2025-11-14,1,medium,134,0,73.0
U002119,45.754000000000005,29.04,0.0,6.4,0.6346986055863967,2025-09-19,1,value,web,paid_social,2026-01-30,4,medium,133,1,-4.0
U002120,50.992,42.61,0.0,6.6,0.8356212739253217,2025-10-28,2,value,web,email,2026-01-30,3,low,94,1,-4.0
U002121,139.10399999999998,109.07,0.0,6.6,0.7840896020243847,2025-11-14,3,regular,web,search,2026-01-29,2,medium,77,1,-3.0
U002122,47.534000000000006,64.57000000000001,1.0,6.4,1.3583960954264316,2025-12-30,1,value,web,organic,2026-01-30,1,low,31,1,-4.0
U002123,2.006,0.0,0.0,6.6,0.0,2025-09-28,3,value,web,referral,2026-01-01,3,low,124,0,25.0
U002124,0.0,0.0,0.0,6.6,,2025-10-05,1,value,web,organic,2025-10-18,1,low,117,0,100.0
U002125,6.054,0.0,0.0,6.6,0.0,2025-11-08,2,value,mobile,email,2026-01-02,1,low,83,0,24.0
U002126,90.732,54.379999999999995,0.0,6.4,0.5993475289864656,2025-07-08,2,regular,mobile,search,2026-01-29,6,high,206,1,-3.0
U002127,107.574,42.56,0.0,6.2,0.3956346329038616,2025-07-21,1,regular,mobile,organic,2026-01-28,5,high,193,1,-2.0
U002128,50.036,36.75,0.0,6.6,0.7344711807498601,2025-10-08,3,value,mobile,search,2026-01-29,2,low,114,1,-3.0
U002129,183.63000000000002,144.12,0.0,6.6,0.784839078581931,2025-05-21,2,regular,web,organic,2026-01-28,8,high,254,1,-2.0
U002130,0.0,0.0,0.0,6.6,,2025-07-24,3,value,web,paid_social,2025-08-22,0,low,190,0,157.0
U002131,59.158,31.19,1.0,6.4,0.5272321579498969,2025-11-01,2,value,web,organic,2026-01-30,3,low,90,1,-4.0
U002132,65.2,33.21,0.0,6.5,0.5093558282208589,2026-01-05,3,value,mobile,referral,2026-01-29,1,low,25,1,-3.0
U002133,119.054,120.49000000000001,0.0,6.4,1.012061753490013,2025-09-12,3,regular,web,paid_social,2026-01-30,4,high,140,1,-4.0
U002134,181.544,106.36000000000001,0.0,6.6,0.5858634821310537,2025-08-13,2,premium,web,referral,2026-01-30,5,high,170,1,-4.0
U002135,120.848,95.75,0.0,6.6,0.7923176221368993,2025-08-23,1,regular,web,referral,2026-01-30,5,high,160,1,-4.0
U002136,0.0,0.0,0.0,6.6,,2025-10-24,2,value,web,organic,2025-12-20,1,low,98,0,37.0
U002137,49.866,66.49000000000001,0.0,6.2,1.3333734408214015,2025-09-18,2,value,mobile,search,2026-01-30,4,medium,134,1,-4.0
U002138,21.589999999999996,0.0,0.0,6.6,0.0,2025-05-10,3,value,mobile,referral,2026-01-05,7,medium,265,0,21.0
U002139,131.674,162.28,0.0,6.4,1.2324376870149003,2025-09-17,2,regular,web,search,2026-01-30,4,high,135,1,-4.0
U002140,47.862,65.75,0.0,6.2,1.3737411725377124,2025-08-13,2,value,mobile,organic,2026-01-29,5,medium,170,1,-3.0
U002141,175.15,27.51,0.0,6.6,0.15706537253782474,2025-10-27,1,premium,mobile,organic,2026-01-27,3,high,95,1,-1.0
U002142,141.53199999999998,202.54,0.0,6.4,1.4310544611819236,2025-12-10,2,regular,web,organic,2026-01-30,1,medium,51,1,-4.0
U002143,71.974,18.71,0.0,6.0,0.25995498374412984,2026-01-01,3,regular,web,referral,2026-01-26,1,low,29,1,0.0
U002144,0.0,0.0,0.0,6.4,,2025-10-05,1,regular,mobile,search,2025-12-28,3,medium,117,0,29.0
U002145,53.11800000000001,124.22,0.0,6.4,2.3385669641176245,2025-08-04,2,value,web,paid_social,2026-01-30,5,medium,179,1,-4.0
U002146,149.132,202.11,0.0,6.6,1.3552423356489554,2025-08-24,3,regular,web,email,2026-01-30,5,high,159,1,-4.0
U002147,61.967999999999996,18.59,0.0,6.6,0.2999935450555125,2025-06-18,1,value,web,organic,2026-01-29,6,medium,226,1,-3.0
U002148,180.658,207.19,0.0,6.6,1.1468631336558581,2025-12-25,1,regular,mobile,paid_social,2026-01-30,1,medium,36,1,-4.0
U002149,97.202,56.68,0.0,6.6,0.5831155737536264,2025-12-03,2,regular,mobile,organic,2026-01-29,0,medium,58,1,-3.0
U002150,73.384,73.74000000000001,0.0,6.6,1.004851193720702,2025-12-05,2,value,mobile,organic,2026-01-29,1,low,56,1,-3.0
U002151,121.008,49.7,0.0,6.6,0.41071664683326725,2025-07-26,1,regular,web,organic,2026-01-28,6,high,188,1,-2.0
U002152,41.61,20.48,0.0,6.6,0.49218937755347275,2025-07-24,3,value,web,organic,2026-01-30,6,medium,190,1,-4.0
U002153,7.268000000000001,0.0,0.0,6.6,0.0,2025-12-06,2,value,mobile,search,2026-01-05,0,low,55,0,21.0
U002154,0.0,0.0,0.0,6.6,,2025-09-18,3,regular,mobile,search,2025-11-19,1,low,134,0,68.0
U002155,104.95,85.68,0.0,6.4,0.8163887565507385,2025-10-28,3,regular,mobile,organic,2026-01-30,3,medium,94,1,-4.0
U002156,177.55599999999998,132.92000000000002,0.0,6.4,0.7486088895897633,2025-09-04,3,premium,mobile,organic,2026-01-29,4,high,148,1,-3.0
U002157,168.428,181.18,0.0,6.4,1.0757118768850786,2025-08-24,2,regular,web,paid_social,2026-01-30,4,high,159,1,-4.0
U002158,15.966,0.0,0.0,6.6,0.0,2025-10-10,2,regular,mobile,organic,2026-01-15,3,medium,112,0,11.0
U002159,36.82000000000001,0.0,0.0,6.6,0.0,2025-11-25,2,value,mobile,referral,2026-01-22,2,low,66,1,4.0
U002160,59.467999999999996,104.3,0.0,6.6,1.7538844420528688,2025-07-27,1,value,mobile,email,2026-01-30,6,medium,187,1,-4.0
U002161,235.33800000000002,181.07,1.0,6.6,0.7694040061528524,2025-11-24,2,premium,mobile,paid_social,2026-01-30,2,medium,67,1,-4.0
U002162,79.27799999999999,46.160000000000004,0.0,6.6,0.5822548500214436,2025-07-05,1,value,web,paid_social,2026-01-27,6,medium,209,1,-1.0
U002163,136.374,125.06,0.0,6.6,0.9170369718568055,2025-08-14,2,regular,mobile,paid_social,2026-01-30,5,high,169,1,-4.0
U002164,65.286,47.64,0.0,6.6,0.7297123426155684,2025-12-20,1,value,web,paid_social,2026-01-29,1,low,41,1,-3.0
U002165,71.044,44.93,1.0,6.4,0.6324249760711672,2025-12-30,2,value,web,email,2026-01-30,0,low,31,1,-4.0
U002166,154.38600000000002,135.03,0.0,6.2,0.8746259375850141,2025-12-22,1,regular,mobile,email,2026-01-30,1,low,39,1,-4.0
U002167,139.22000000000003,145.48000000000002,0.0,6.6,1.0449648039074846,2025-07-23,2,regular,mobile,search,2026-01-29,6,high,191,1,-3.0
U002168,119.694,14.74,0.0,6.6,0.12314735909903587,2025-12-02,3,regular,nan,paid_social,2026-01-28,1,medium,59,1,-2.0
U002169,184.97,103.47,0.0,6.4,0.5593880088663027,2025-12-25,1,premium,web,referral,2026-01-29,1,medium,36,1,-3.0
U002170,44.215,46.709999999999994,0.0,6.25,1.0564288137509892,2026-01-05,3,value,web,organic,2026-01-30,1,low,25,1,-4.0
U002171,91.734,43.0,0.0,6.6,0.46874659341138514,2025-05-10,3,regular,web,search,2026-01-30,8,high,265,1,-4.0
U002172,2.676,0.0,0.0,6.4,0.0,2025-11-07,2,value,mobile,paid_social,2026-01-04,1,low,84,0,22.0
U002173,87.17,138.37,0.0,5.25,1.587358036021567,2026-01-10,2,regular,mobile,paid_social,2026-01-30,1,low,20,1,-4.0
U002174,54.114,10.83,0.0,6.6,0.2001330524448387,2025-11-12,2,value,mobile,search,2026-01-30,2,low,79,1,-4.0
U002175,120.506,40.64,0.0,6.6,0.33724461852521864,2025-07-02,1,regular,web,organic,2026-01-29,6,high,212,1,-3.0
U002176,69.466,31.51,0.0,6.4,0.4536032015662339,2025-11-12,2,value,mobile,organic,2026-01-30,2,low,79,1,-4.0
U002177,105.378,117.7,0.0,6.6,1.1169314278122568,2025-05-31,1,regular,mobile,search,2026-01-29,8,high,244,1,-3.0
U002178,171.256,138.29,0.0,6.4,0.8075045545849489,2025-09-02,3,regular,web,email,2026-01-30,4,high,150,1,-4.0
U002179,0.0,0.0,0.0,6.6,,2025-10-09,3,premium,mobile,referral,2025-11-15,1,medium,113,0,72.0
U002180,58.936,9.11,0.0,6.6,0.15457445364463146,2025-08-27,3,value,mobile,search,2026-01-28,5,medium,156,1,-2.0
U002181,198.06,49.68,0.0,6.6,0.25083308088458045,2025-10-27,2,premium,web,organic,2026-01-29,3,high,95,1,-3.0
U002182,0.0,0.0,0.0,6.6,,2025-07-04,2,value,web,referral,2025-11-29,4,medium,210,0,58.0
U002183,24.208,10.19,0.0,6.6,0.4209352280237938,2025-10-04,3,value,mobile,paid_social,2026-01-28,3,medium,118,1,-2.0
U002184,16.28,0.0,0.0,6.6,0.0,2025-10-13,1,value,mobile,search,2026-01-14,3,low,109,0,12.0
U002185,0.0,0.0,0.0,6.6,,2025-10-11,1,value,mobile,search,2025-12-07,1,low,111,0,50.0
U002186,137.654,78.15,0.0,6.6,0.567727781248638,2025-07-16,2,regular,mobile,organic,2026-01-29,6,high,198,1,-3.0
U002187,46.462,56.56,0.0,6.4,1.2173389006069475,2025-07-20,2,value,web,referral,2026-01-30,6,medium,194,1,-4.0
U002188,157.524,127.38,0.0,6.4,0.8086386836291612,2025-07-08,2,regular,mobile,paid_social,2026-01-30,6,high,206,1,-4.0
U002189,0.0,0.0,0.0,6.4,,2025-08-28,1,regular,mobile,search,2025-12-24,4,medium,155,0,33.0
U002190,150.172,75.55,0.0,6.6,0.5030897903737048,2025-09-29,2,regular,web,email,2026-01-30,4,high,123,1,-4.0
U002191,0.0,0.0,0.0,6.6,,2025-08-03,2,regular,mobile,paid_social,2025-10-02,1,medium,180,0,116.0
U002192,85.71000000000001,71.81,0.0,6.4,0.837825224594563,2025-08-15,1,regular,web,email,2026-01-29,5,high,168,1,-3.0
U002193,0.0,0.0,0.0,6.6,,2025-07-15,1,value,web,search,2025-10-16,3,medium,199,0,102.0
U002194,141.048,104.69,0.0,6.6,0.7422295955986614,2025-06-28,2,regular,web,search,2026-01-29,7,high,216,1,-3.0
U002195,30.802,29.04,0.0,6.4,0.942795922342705,2025-10-17,3,value,mobile,email,2026-01-29,3,low,105,1,-3.0
U002196,52.384,64.7,0.0,6.4,1.2351099572388515,2025-11-25,2,value,nan,email,2026-01-28,2,low,66,1,-2.0
U002197,65.934,0.0,0.0,6.4,0.0,2025-07-16,2,value,web,email,2026-01-24,6,medium,198,1,2.0
U002198,147.16,164.84,0.0,6.6,1.1201413427561837,2025-12-07,3,regular,mobile,referral,2026-01-30,1,medium,54,1,-4.0
U002199,0.0,0.0,0.0,6.6,,2025-09-25,2,value,web,search,2025-12-21,2,low,127,0,36.0
U002200,54.434000000000005,27.0,0.0,6.4,0.4960135209611639,2025-06-16,3,regular,mobile,organic,2026-01-26,5,high,228,1,0.0
U002201,84.55000000000001,14.55,0.0,6.6,0.17208752217622708,2025-08-04,2,value,mobile,search,2026-01-30,5,medium,179,1,-4.0
U002202,118.894,63.900000000000006,0.0,6.4,0.5374535300351574,2025-05-06,2,regular,web,email,2026-01-30,8,high,269,1,-4.0
U002203,0.0,0.0,0.0,6.6,,2025-05-14,1,regular,web,search,2025-10-12,5,medium,261,0,106.0
U002204,41.618,11.89,0.0,6.6,0.28569369023018887,2025-07-28,1,value,mobile,paid_social,2026-01-30,6,medium,186,1,-4.0
U002205,0.0,0.0,0.0,6.6,,2025-08-27,3,regular,web,email,2025-12-24,4,high,156,0,33.0
U002206,77.58000000000001,77.07,0.0,6.4,0.993426140757927,2025-11-21,3,regular,web,email,2026-01-30,2,medium,70,1,-4.0
U002207,14.718,0.0,0.0,6.6,0.0,2025-06-07,3,regular,mobile,email,2026-01-02,7,high,237,0,24.0
U002208,42.402,20.89,0.0,6.6,0.4926654403094194,2025-12-01,3,value,mobile,search,2026-01-28,1,low,60,1,-2.0
U002209,69.202,32.59,0.0,6.6,0.4709401462385481,2025-07-02,1,regular,mobile,search,2026-01-29,5,high,212,1,-3.0
U002210,37.814,14.08,0.0,6.6,0.37234886549955043,2025-06-08,3,value,mobile,email,2026-01-26,6,medium,236,1,0.0
U002211,76.11,28.52,0.0,6.6,0.37472079884377874,2025-10-27,2,value,mobile,organic,2026-01-27,3,low,95,1,-1.0
U002212,62.212,121.57,0.0,6.6,1.9541246061853017,2025-11-15,3,value,mobile,organic,2026-01-29,2,low,76,1,-3.0
U002213,115.42,65.41,0.0,6.6,0.5667128747184197,2025-10-03,1,regular,mobile,email,2026-01-28,2,high,119,1,-2.0
U002214,0.0,0.0,0.0,6.4,,2025-06-03,2,value,mobile,paid_social,2025-07-06,1,low,241,0,204.0
U002215,77.336,121.02000000000001,0.0,6.6,1.564859832419572,2025-06-02,3,regular,mobile,search,2026-01-28,8,high,242,1,-2.0
U002216,77.5,68.94,0.0,6.6,0.8895483870967742,2025-08-10,3,value,web,organic,2026-01-29,5,medium,173,1,-3.0
U002217,0.0,0.0,0.0,6.4,,2025-08-26,2,regular,web,search,2025-09-29,0,low,157,0,119.0
U002218,33.3125,46.34,0.0,5.25,1.3910694183864916,2026-01-10,2,value,web,email,2026-01-28,1,low,20,1,-2.0
U002219,122.65599999999999,81.92,0.0,6.6,0.667884163840334,2025-07-15,2,regular,web,paid_social,2026-01-29,6,high,199,1,-3.0
U002220,101.12,26.38,0.0,6.6,0.260878164556962,2025-06-22,3,regular,web,search,2026-01-26,7,high,222,1,0.0
U002221,180.724,116.15,0.0,6.6,0.6426927248179545,2025-12-28,2,regular,web,search,2026-01-30,1,medium,33,1,-4.0
U002222,0.0,0.0,0.0,6.6,,2025-06-12,2,value,mobile,referral,2025-09-06,3,low,232,0,142.0
U002223,0.0,0.0,0.0,6.6,,2025-05-11,2,regular,web,email,2025-09-10,3,medium,264,0,138.0
U002224,154.224,142.28,0.0,6.4,0.9225542068679324,2025-08-19,2,premium,web,search,2026-01-30,5,high,164,1,-4.0
U002225,145.868,97.67,0.0,6.4,0.6695779746071792,2025-08-13,2,premium,web,paid_social,2026-01-30,5,high,170,1,-4.0
U002226,0.0,0.0,0.0,6.6,,2025-10-07,2,value,web,organic,2025-12-08,2,low,115,0,49.0
U002227,67.682,61.48,0.0,6.6,0.9083655920333322,2025-12-11,3,regular,mobile,search,2026-01-30,1,low,50,1,-4.0
U002228,33.263999999999996,0.0,0.0,6.6,0.0,2025-12-25,3,value,web,organic,2026-01-25,1,low,36,1,1.0
U002229,46.75600000000001,48.74,0.0,6.2,1.042433056719993,2025-07-16,3,value,web,search,2026-01-30,6,medium,198,1,-4.0
U002230,118.0775,174.09,0.0,6.25,1.4743706463974933,2026-01-06,2,regular,mobile,search,2026-01-29,1,low,24,1,-3.0
U002231,125.6,51.28,0.0,6.6,0.4082802547770701,2025-10-10,2,regular,web,organic,2026-01-30,3,medium,112,1,-4.0
U002232,0.0,0.0,0.0,6.6,,2025-05-22,2,regular,web,organic,,0,low,253,0,
U002233,122.958,104.03,1.0,6.6,0.846061256689276,2025-12-26,3,regular,mobile,organic,2026-01-29,1,low,35,1,-3.0
U002234,53.470000000000006,47.5,0.0,6.6,0.8883486066953431,2025-06-08,2,value,mobile,organic,2026-01-28,7,medium,236,1,-2.0
U002235,99.038,103.56,0.0,6.6,1.0456592419071469,2025-09-29,2,regular,mobile,paid_social,2026-01-29,4,high,123,1,-3.0
U002236,0.0,0.0,0.0,6.6,,2025-11-19,2,value,mobile,organic,2025-12-06,0,low,72,0,51.0
U002237,0.0,0.0,0.0,6.6,,2025-07-06,2,value,mobile,organic,2025-10-06,3,low,208,0,112.0
U002238,33.519999999999996,41.93,0.0,6.6,1.2508949880668259,2025-07-11,2,value,web,email,2026-01-28,6,medium,203,1,-2.0
U002239,184.39600000000002,99.96000000000001,0.0,6.6,0.5420941885941126,2025-09-01,1,premium,mobile,organic,2026-01-28,5,high,151,1,-2.0
U002240,91.728,55.89,0.0,6.6,0.6093014128728415,2025-12-13,2,regular,mobile,referral,2026-01-30,0,low,48,1,-4.0
U002241,0.0,0.0,0.0,6.6,,2025-06-30,2,value,web,paid_social,2025-10-26,3,low,214,0,92.0
U002242,54.326,0.0,0.0,6.4,0.0,2025-10-18,1,regular,mobile,paid_social,2026-01-17,3,medium,104,1,9.0
U002243,244.416,302.39,0.0,6.4,1.2371939643885834,2025-08-26,3,premium,web,search,2026-01-29,5,high,157,1,-3.0
U002244,201.496,85.63,0.0,6.6,0.424971215309485,2025-06-02,2,premium,mobile,organic,2026-01-28,7,high,242,1,-2.0
U002245,136.28199999999998,81.34,0.0,6.6,0.5968506479212222,2025-10-30,1,regular,mobile,referral,2026-01-30,1,medium,92,1,-4.0
U002246,43.448,27.4,0.0,6.4,0.6306389246915853,2025-11-29,3,value,web,referral,2026-01-29,1,low,62,1,-3.0
U002247,127.826,60.129999999999995,0.0,6.6,0.47040508190821895,2025-09-26,2,regular,web,search,2026-01-30,3,high,126,1,-4.0
U002248,0.0,0.0,0.0,6.6,,2025-06-18,3,regular,mobile,paid_social,2025-09-16,2,medium,226,0,132.0
U002249,174.20999999999998,163.6,0.0,6.6,0.9390964927386488,2025-06-13,2,premium,mobile,search,2026-01-30,7,high,231,1,-4.0
U002250,135.45,81.8,0.0,6.6,0.6039128829826504,2025-08-19,3,regular,web,email,2026-01-30,5,high,164,1,-4.0
U002251,105.72,47.99,0.0,6.6,0.4539349224366251,2025-09-09,2,regular,web,referral,2026-01-29,3,high,143,1,-3.0
U002252,45.302,13.25,0.0,6.6,0.2924815681426869,2025-09-20,2,value,mobile,organic,2026-01-29,4,low,132,1,-3.0
U002253,114.104,10.8,0.0,6.6,0.09465049428591461,2025-07-05,1,regular,web,referral,2026-01-26,6,high,209,1,0.0
U002254,0.0,0.0,0.0,6.4,,2025-09-07,2,value,mobile,email,2025-11-11,2,low,145,0,76.0
U002255,29.345999999999997,0.0,0.0,6.4,0.0,2025-07-18,2,value,mobile,paid_social,2026-01-12,6,medium,196,0,14.0
U002256,0.0,0.0,0.0,6.6,,2025-10-24,2,regular,web,organic,2025-11-26,1,low,98,0,61.0
U002257,129.632,121.31,0.0,6.4,0.9358028881757591,2025-11-20,2,regular,mobile,referral,2026-01-30,2,medium,71,1,-4.0
U002258,229.21000000000004,273.55,0.0,6.4,1.1934470572837135,2025-10-15,3,premium,web,paid_social,2026-01-30,3,high,107,1,-4.0
U002259,93.126,43.489999999999995,0.0,6.6,0.46700169662607643,2025-05-05,2,regular,mobile,organic,2026-01-28,7,high,270,1,-2.0
U002260,157.7975,110.71000000000001,0.0,5.5,0.7015953991666535,2026-01-09,2,premium,mobile,referral,2026-01-30,1,low,21,1,-4.0
U002261,0.0,0.0,0.0,6.6,,2025-05-10,3,regular,web,search,,0,low,265,0,
U002262,53.62,0.0,0.0,5.25,0.0,2026-01-10,2,regular,web,referral,2026-01-25,1,low,20,1,1.0
U002263,50.706,25.03,0.0,6.4,0.4936299451741411,2025-05-12,3,value,web,paid_social,2026-01-30,8,medium,263,1,-4.0
U002264,125.446,137.16,0.0,6.6,1.0933788243547025,2025-09-11,3,regular,mobile,organic,2026-01-30,4,high,141,1,-4.0
U002265,0.0,0.0,0.0,6.4,,2025-05-31,3,value,web,email,2025-12-25,7,medium,244,0,32.0
U002266,52.128,14.33,0.0,6.4,0.27490024554941683,2025-05-28,3,value,mobile,search,2026-01-30,7,medium,247,1,-4.0
U002267,39.428,0.0,0.0,6.6,0.0,2025-10-23,2,value,mobile,search,2026-01-24,3,low,99,1,2.0
U002268,157.11999999999998,94.34,0.0,6.6,0.6004327902240327,2025-11-03,1,regular,web,search,2026-01-30,2,medium,88,1,-4.0
U002269,87.054,98.27000000000001,0.0,6.6,1.1288395708410872,2025-06-03,2,regular,mobile,organic,2026-01-29,7,high,241,1,-3.0
U002270,274.2,122.52000000000001,0.0,6.5,0.4468271334792123,2026-01-05,3,premium,web,paid_social,2026-01-30,1,medium,25,1,-4.0
U002271,190.388,272.61,0.0,6.6,1.4318654537050655,2025-07-24,2,premium,mobile,search,2026-01-30,6,high,190,1,-4.0
U002272,203.966,120.5,0.0,6.6,0.5907847386329094,2025-07-23,3,premium,web,email,2026-01-30,5,high,191,1,-4.0
U002273,40.814,12.88,0.0,6.6,0.3155779879453129,2025-07-18,1,value,mobile,email,2026-01-29,6,medium,196,1,-3.0
U002274,113.38199999999999,22.97,0.0,6.6,0.20258947628371346,2025-08-28,2,premium,web,paid_social,2026-01-26,5,high,155,1,0.0
U002275,86.558,54.34,0.0,6.2,0.6277871485015828,2025-06-18,2,regular,web,organic,2026-01-27,7,high,226,1,-1.0
U002276,0.0,0.0,0.0,6.6,,2025-08-19,2,premium,mobile,paid_social,2025-11-18,3,high,164,0,69.0
U002277,36.162,24.29,0.0,6.4,0.6716995741385985,2025-06-26,1,value,mobile,organic,2026-01-30,7,medium,218,1,-4.0
U002278,50.58200000000001,0.0,0.0,6.6,0.0,2025-05-17,1,value,mobile,referral,2026-01-25,8,medium,258,1,1.0
U002279,153.01,138.86,0.0,6.6,0.9075223841578983,2025-08-05,3,premium,mobile,search,2026-01-30,5,high,178,1,-4.0
U002280,53.938,23.27,0.0,6.6,0.43142126144832954,2025-10-20,2,value,web,email,2026-01-28,3,medium,102,1,-2.0
U002281,69.564,50.29,0.0,6.6,0.7229314012995228,2025-11-12,1,value,mobile,search,2026-01-29,2,low,79,1,-3.0
U002282,127.47542812278235,69.75,0.0,6.4,0.547164273359552,2025-08-01,1,regular,web,organic,2026-01-26,5,high,182,1,0.0
U002283,53.410000000000004,41.36,0.0,6.4,0.7743868189477625,2025-07-25,2,value,web,email,2026-01-28,6,medium,189,1,-2.0
U002284,52.414,62.120000000000005,0.0,6.6,1.1851795321860572,2025-11-18,1,value,mobile,search,2026-01-30,2,low,73,1,-4.0
U002285,194.78,70.08,0.0,6.6,0.3597905329089229,2025-10-22,2,premium,mobile,referral,2026-01-28,3,high,100,1,-2.0
U002286,254.4,299.44,0.0,6.6,1.1770440251572327,2025-11-29,3,premium,web,email,2026-01-30,1,medium,62,1,-4.0
U002287,187.378,168.27,0.0,6.6,0.8980243144872931,2025-12-18,1,premium,web,search,2026-01-30,1,medium,43,1,-4.0
U002288,0.0,0.0,0.0,6.6,,2025-11-27,2,value,mobile,search,2025-12-25,1,low,64,0,32.0
U002289,26.324,26.759999999999998,0.0,6.6,1.0165628323962923,2025-12-26,1,value,web,search,2026-01-30,1,low,35,1,-4.0
U002290,162.206,186.01,0.0,6.6,1.1467516614675166,2025-08-17,2,regular,web,referral,2026-01-30,5,high,166,1,-4.0
U002291,115.674,53.25,0.0,6.6,0.46034545360236523,2025-08-12,3,regular,web,email,2026-01-30,5,high,171,1,-4.0
U002292,68.038,30.439999999999998,0.0,6.6,0.44739704282900733,2025-07-24,2,value,web,organic,2026-01-28,6,medium,190,1,-2.0
U002293,105.508,155.3,0.0,6.4,1.4719262994275317,2025-07-03,3,regular,web,paid_social,2026-01-30,7,high,211,1,-4.0
U002294,234.108,148.87,0.0,6.4,0.6359030874639056,2025-11-08,1,premium,mobile,organic,2026-01-30,2,medium,83,1,-4.0
U002295,10.574,0.0,0.0,6.6,0.0,2025-10-31,2,regular,web,paid_social,2025-12-29,2,low,91,0,28.0
U002296,97.272,98.2,0.0,6.6,1.0095402582449213,2025-11-22,2,regular,web,referral,2026-01-30,2,medium,69,1,-4.0
U002297,169.512,202.72,0.0,6.6,1.1959035348529898,2025-06-16,2,regular,mobile,referral,2026-01-30,6,high,228,1,-4.0
U002298,0.0,0.0,0.0,6.6,,2025-09-05,3,value,mobile,search,2025-11-01,2,low,147,0,86.0
U002299,90.9,83.95,0.0,6.4,0.9235423542354235,2025-06-29,1,value,mobile,search,2026-01-29,7,medium,215,1,-3.0
U002300,121.564,125.61,0.0,6.6,1.033282879799941,2025-12-15,3,regular,mobile,organic,2026-01-30,1,low,46,1,-4.0
U002301,0.0,0.0,0.0,6.2,,2025-07-11,3,regular,mobile,organic,2025-12-08,5,medium,203,0,49.0
U002302,101.78,10.13,0.0,6.6,0.09952839457653764,2025-06-10,2,regular,mobile,search,2026-01-29,6,high,234,1,-3.0
U002303,127.232,37.95,0.0,6.6,0.29827401911468815,2025-09-25,2,regular,mobile,referral,2026-01-28,4,medium,127,1,-2.0
U002304,38.498000000000005,30.229999999999997,0.0,6.4,0.7852355966543715,2025-12-11,2,value,mobile,search,2026-01-30,0,low,50,1,-4.0
U002305,22.206,0.0,0.0,6.4,0.0,2025-12-20,2,value,mobile,organic,2026-01-16,1,low,41,1,10.0
U002306,0.0,0.0,0.0,6.6,,2025-05-29,3,value,web,paid_social,2025-09-02,3,low,246,0,146.0
U002307,64.124,26.32,0.0,6.6,0.41045474393362863,2025-07-25,2,value,mobile,organic,2026-01-28,6,medium,189,1,-2.0
U002308,130.752,62.48,0.0,6.6,0.47785119921683794,2025-06-12,3,regular,mobile,organic,2026-01-30,7,high,232,1,-4.0
U002309,128.436,129.54,0.0,6.6,1.0085957208259366,2025-07-21,2,regular,web,email,2026-01-30,6,high,193,1,-4.0
U002310,0.0,0.0,0.0,6.6,,2025-09-15,2,premium,mobile,organic,2025-12-19,3,high,137,0,38.0
U002311,159.06199999999998,64.42,0.0,6.6,0.4049993084457633,2025-07-14,2,regular,web,search,2026-01-27,6,high,200,1,-1.0
U002312,125.53399999999999,31.35,0.0,6.6,0.24973314002580976,2025-05-21,2,regular,web,search,2026-01-27,7,high,254,1,-1.0
U002313,50.134,108.72999999999999,0.0,6.6,2.1687876491004108,2025-09-10,3,value,mobile,organic,2026-01-29,4,medium,142,1,-3.0
U002314,81.75800000000001,18.24,0.0,6.4,0.22309743389026146,2025-05-18,1,regular,web,organic,2026-01-28,8,high,257,1,-2.0
U002315,58.775999999999996,18.05,0.0,6.6,0.30709813529331703,2025-06-30,3,value,web,organic,2026-01-29,6,medium,214,1,-3.0
U002316,157.446,136.22,0.0,6.6,0.8651855239256634,2025-05-05,3,premium,web,search,2026-01-28,9,high,270,1,-2.0
U002317,113.946,44.07,0.0,6.4,0.3867621504923385,2025-05-26,3,regular,mobile,referral,2026-01-30,7,high,249,1,-4.0
U002318,65.034,16.49,0.0,6.6,0.25355967647691974,2025-08-22,2,value,web,search,2026-01-28,5,medium,161,1,-2.0
U002319,6.398000000000001,0.0,0.0,6.6,0.0,2025-12-04,3,value,mobile,search,2025-12-30,0,low,57,0,27.0
U002320,82.16,69.22,0.0,6.4,0.8425024342745862,2025-11-15,2,value,mobile,search,2026-01-30,2,low,76,1,-4.0
U002321,183.262,162.19,0.0,6.6,0.8850170793727014,2025-05-29,3,premium,mobile,email,2026-01-30,8,high,246,1,-4.0
U002322,0.0,0.0,0.0,6.6,,2025-05-13,1,value,mobile,organic,2025-11-03,6,low,262,0,84.0
U002323,45.678,23.7,1.0,6.6,0.5188493366609747,2025-07-28,2,value,mobile,referral,2026-01-26,6,medium,186,1,0.0
U002324,0.0,0.0,0.0,6.6,,2025-10-15,2,value,web,organic,2025-11-12,1,low,107,0,75.0
U002325,0.0,0.0,0.0,6.6,,2025-11-08,2,regular,mobile,email,2025-12-02,0,low,83,0,55.0
U002326,104.816,63.02,0.0,6.6,0.6012440848725386,2025-11-27,2,regular,web,organic,2026-01-27,2,medium,64,1,-1.0
U002327,0.0,0.0,0.0,6.6,,2025-07-29,3,regular,web,organic,2025-10-02,2,medium,185,0,116.0
U002328,38.012,0.0,0.0,6.6,0.0,2025-06-16,2,value,web,search,2026-01-25,7,medium,228,1,1.0
U002329,0.0,0.0,0.0,6.4,,2025-05-11,2,value,mobile,organic,,0,low,264,0,
U002330,168.58,53.96,0.0,6.2,0.320085419385455,2025-06-10,1,premium,web,paid_social,2026-01-29,6,high,234,1,-3.0
U002331,92.476,46.57,0.0,6.6,0.5035901206799602,2025-05-21,3,value,mobile,paid_social,2026-01-30,8,medium,254,1,-4.0
U002332,7.779999999999999,0.0,0.0,6.6,0.0,2025-12-07,3,value,web,paid_social,2026-01-02,1,low,54,0,24.0
U002333,113.73599999999999,144.23,0.0,6.4,1.2681121192938032,2025-07-11,2,regular,web,organic,2026-01-29,6,high,203,1,-3.0
U002334,42.44199999999999,68.09,0.0,6.6,1.6043070543329725,2025-11-27,2,value,web,paid_social,2026-01-30,2,low,64,1,-4.0
U002335,0.0,0.0,0.0,6.6,,2025-09-20,3,value,mobile,organic,2025-11-23,1,low,132,0,64.0
U002336,107.944,102.49,0.0,6.6,0.9494738012302675,2025-09-17,3,regular,web,email,2026-01-30,4,high,135,1,-4.0
U002337,92.98400000000001,71.94,0.0,6.6,0.773681493590295,2025-08-27,2,regular,web,paid_social,2026-01-29,5,high,156,1,-3.0
U002338,60.739999999999995,38.83,0.0,6.6,0.6392821863681265,2025-11-26,2,value,web,paid_social,2026-01-29,2,low,65,1,-3.0
U002339,0.0,0.0,0.0,6.6,,2025-05-15,3,value,web,referral,2025-09-12,4,low,260,0,136.0
U002340,0.0,0.0,0.0,6.6,,2025-05-28,2,regular,mobile,paid_social,2025-09-20,3,medium,247,0,128.0
U002341,36.036,0.0,0.0,6.4,0.0,2025-08-19,3,value,web,search,2026-01-25,5,medium,164,1,1.0
U002342,0.0,0.0,0.0,6.6,,2025-08-12,2,value,web,organic,2025-12-11,3,low,171,0,46.0
U002343,96.598,113.6,0.0,6.6,1.1760077848402657,2025-09-18,3,regular,mobile,paid_social,2026-01-29,4,high,134,1,-3.0
U002344,107.63199999999999,42.34,0.0,6.4,0.3933774342203063,2025-11-06,1,regular,web,search,2026-01-27,2,medium,85,1,-1.0
U002345,248.536,132.82999999999998,0.0,6.6,0.5344497376637589,2025-09-29,1,premium,web,organic,2026-01-29,4,high,123,1,-3.0
U002346,50.702,32.46,0.0,6.6,0.640211431501716,2025-07-08,3,value,mobile,referral,2026-01-30,5,medium,206,1,-4.0
U002347,66.196,14.12,0.0,6.4,0.2133059399359478,2025-07-26,3,value,mobile,organic,2026-01-30,6,medium,188,1,-4.0
U002348,108.58800000000001,49.800000000000004,0.0,6.6,0.4586142115150845,2025-11-09,3,regular,mobile,paid_social,2026-01-30,2,medium,82,1,-4.0
U002349,0.0,0.0,0.0,6.6,,2025-06-24,3,regular,web,organic,2025-11-13,4,medium,220,0,74.0
U002350,0.0,0.0,0.0,6.6,,2025-09-08,2,value,web,search,2025-11-04,2,low,144,0,83.0
U002351,0.0,0.0,0.0,6.6,,2025-09-17,2,regular,web,referral,2025-11-18,2,medium,135,0,69.0
U002352,49.932,32.980000000000004,0.0,6.2,0.6604982776576144,2025-11-09,1,value,web,organic,2026-01-28,2,low,82,1,-2.0
U002353,87.986,32.64,0.0,6.4,0.3709681085627259,2025-10-31,2,regular,web,paid_social,2026-01-29,2,medium,91,1,-3.0
U002354,91.046,45.32,1.0,6.6,0.4977703578410913,2025-08-29,1,regular,mobile,paid_social,2026-01-28,4,high,154,1,-2.0
U002355,108.46199999999999,103.35,0.0,6.6,0.9528682856668695,2025-07-21,3,regular,mobile,referral,2026-01-30,6,high,193,1,-4.0
U002356,176.346,124.73,0.0,6.2,0.7073026890317898,2025-08-05,1,premium,web,organic,2026-01-30,5,high,178,1,-4.0
U002357,170.426,110.03,0.0,6.6,0.645617452736085,2025-08-16,1,premium,web,referral,2026-01-30,5,high,167,1,-4.0
U002358,34.398,0.0,0.0,6.6,0.0,2025-06-29,1,value,mobile,search,2026-01-22,6,medium,215,1,4.0
U002359,145.97717265292482,10.23,0.0,6.6,0.0700794501913175,2025-10-08,1,value,web,search,2026-01-30,3,medium,114,1,-4.0
U002360,112.06200000000001,61.83,0.0,6.6,0.5517481394228194,2025-06-26,1,regular,web,search,2026-01-29,6,high,218,1,-3.0
U002361,0.0,0.0,0.0,6.6,,2025-10-14,2,value,web,search,2025-12-13,2,low,108,0,44.0
U002362,30.267999999999994,0.0,0.0,6.6,0.0,2025-11-09,2,regular,mobile,search,2026-01-07,2,medium,82,0,19.0
U002363,48.082,32.27,0.0,5.8,0.671145127074581,2026-01-01,2,value,mobile,organic,2026-01-29,1,low,29,1,-3.0
U002364,179.02,129.24,0.0,6.6,0.7219305105574796,2025-06-03,3,premium,web,search,2026-01-30,7,high,241,1,-4.0
U002365,111.362,70.63,0.0,6.4,0.6342378908424777,2025-11-11,2,regular,web,paid_social,2026-01-30,2,medium,80,1,-4.0
U002366,106.506,74.03,0.0,6.6,0.6950782115561565,2025-05-26,2,regular,mobile,search,2026-01-30,8,high,249,1,-4.0
U002367,115.992,95.47,0.0,6.6,0.8230740051038002,2025-07-28,2,regular,mobile,organic,2026-01-30,6,high,186,1,-4.0
U002368,26.958000000000006,0.0,0.0,6.6,0.0,2025-06-18,1,value,mobile,search,2026-01-18,7,medium,226,0,8.0
U002369,208.906,70.25,0.0,6.4,0.3362756455056341,2025-06-14,2,premium,web,search,2026-01-30,6,high,230,1,-4.0
U002370,37.638,44.75,0.0,6.4,1.1889579680110527,2025-06-18,3,value,mobile,paid_social,2026-01-29,7,medium,226,1,-3.0
U002371,64.34,45.64,0.0,6.4,0.709356543363382,2025-05-16,2,value,mobile,email,2026-01-30,8,medium,259,1,-4.0
U002372,30.796,0.0,1.0,6.4,0.0,2025-11-27,2,value,mobile,search,2026-01-23,1,low,64,1,3.0
U002373,131.95,83.23,0.0,6.6,0.6307692307692309,2025-05-20,2,regular,web,paid_social,2026-01-28,8,high,255,1,-2.0
U002374,0.0,0.0,0.0,6.6,,2025-08-13,3,value,mobile,organic,2025-09-16,1,low,170,0,132.0
U002375,39.678,44.49,0.0,6.2,1.1212762740057465,2025-10-27,2,value,web,email,2026-01-29,2,low,95,1,-3.0
U002376,24.7425,0.0,0.0,5.75,0.0,2026-01-08,2,value,web,organic,2026-01-25,1,low,22,1,1.0
U002377,66.14399999999999,54.66,0.0,6.6,0.826378809869376,2025-12-05,3,value,web,search,2026-01-30,1,low,56,1,-4.0
U002378,0.0,0.0,0.0,6.6,,2025-06-08,2,value,mobile,organic,2025-09-02,3,low,236,0,146.0
U002379,159.6775,97.6,0.0,6.0,0.6112320145292855,2026-01-07,2,regular,web,organic,2026-01-30,1,low,23,1,-4.0
U002380,56.80400000000001,21.43,0.0,6.6,0.37726216463629314,2025-10-16,1,value,mobile,referral,2026-01-30,3,low,106,1,-4.0
U002381,47.086,35.79,0.0,6.4,0.7600985430913647,2025-06-19,1,value,web,organic,2026-01-30,7,medium,225,1,-4.0
U002382,0.0,0.0,0.0,6.4,,2025-08-25,3,regular,web,organic,2025-10-21,2,medium,158,0,97.0
U002383,125.054,0.0,0.0,6.4,0.0,2025-12-21,2,regular,web,organic,2026-01-25,1,low,40,1,1.0
U002384,0.0,0.0,0.0,6.6,,2025-08-11,2,value,mobile,email,2025-10-12,2,low,172,0,106.0
U002385,42.81,52.86,0.0,6.4,1.2347582340574632,2025-06-20,2,value,web,referral,2026-01-30,7,medium,224,1,-4.0
U002386,60.598,75.71,0.0,6.6,1.2493811676953035,2025-12-10,1,value,web,email,2026-01-29,1,low,51,1,-3.0
U002387,260.938,67.96,0.0,6.4,0.2604450099257295,2025-12-30,3,premium,web,referral,2026-01-30,1,medium,31,1,-4.0
U002388,59.965999999999994,34.09,0.0,5.4,0.5684888103258514,2026-01-04,1,value,web,email,2026-01-30,1,low,26,1,-4.0
U002389,69.41,0.0,0.0,6.4,0.0,2025-12-30,3,value,web,search,2026-01-23,1,low,31,1,3.0
U002390,87.346,89.19999999999999,0.0,6.6,1.0212259290637233,2025-12-10,2,regular,web,organic,2026-01-29,1,low,51,1,-3.0
U002391,33.784,0.0,0.0,6.6,0.0,2025-08-27,2,value,web,organic,2026-01-24,5,medium,156,1,2.0
U002392,0.0,0.0,0.0,6.6,,2025-06-22,1,value,mobile,organic,2025-12-23,4,medium,222,0,34.0
U002393,27.5,30.470000000000002,0.0,6.6,1.108,2025-10-06,3,value,web,paid_social,2026-01-28,3,medium,116,1,-2.0
U002394,126.78399999999999,118.18,0.0,6.6,0.9321365471983848,2025-06-29,1,regular,web,organic,2026-01-30,7,high,215,1,-4.0
U002395,104.88199999999999,52.8,0.0,6.6,0.5034228943002612,2025-08-31,1,regular,web,organic,2026-01-30,4,high,152,1,-4.0
U002396,128.926,167.4,0.0,6.6,1.298419248250935,2025-10-16,3,regular,web,paid_social,2026-01-30,3,medium,106,1,-4.0
U002397,88.72200000000001,72.57,0.0,6.6,0.817948197741259,2025-12-28,2,regular,mobile,organic,2026-01-26,1,low,33,1,0.0
U002398,35.275999999999996,25.72,0.0,6.6,0.7291076085724005,2025-07-16,2,value,web,organic,2026-01-30,6,medium,198,1,-4.0
U002399,231.64600000000002,181.6,0.0,6.6,0.7839548276249103,2025-07-07,1,premium,web,organic,2026-01-30,6,high,207,1,-4.0
U002400,7.851999999999999,0.0,0.0,6.6,0.0,2025-11-05,3,regular,mobile,paid_social,2025-12-29,1,medium,86,0,28.0
U002401,100.47,21.7,0.0,6.6,0.21598487110580272,2025-05-06,2,regular,web,organic,2026-01-29,8,high,269,1,-3.0
U002402,128.038,37.75,0.0,6.4,0.29483434605351533,2025-09-24,1,regular,mobile,organic,2026-01-29,4,high,128,1,-3.0
U002403,38.556,24.33,0.0,6.6,0.6310301898537193,2025-11-08,2,value,mobile,organic,2026-01-30,2,low,83,1,-4.0
U002404,68.74121922074673,0.0,0.0,6.6,0.0,2025-09-20,1,value,web,paid_social,2026-01-22,4,medium,132,1,4.0
U002405,20.106,0.0,0.0,6.6,0.0,2025-08-09,2,regular,web,organic,2026-01-03,5,high,174,0,23.0
U002406,3.1260000000000003,0.0,0.0,6.6,0.0,2025-11-28,1,value,web,organic,2025-12-29,1,low,63,0,28.0
U002407,81.99199999999999,49.52,0.0,6.6,0.6039613620841059,2025-08-06,1,regular,web,email,2026-01-29,5,high,177,1,-3.0
U002408,47.064,39.35,0.0,6.6,0.8360955294917559,2025-10-30,2,value,web,referral,2026-01-30,2,low,92,1,-4.0
U002409,72.898,28.28,0.0,6.4,0.3879393124639908,2025-08-29,3,value,mobile,organic,2026-01-28,4,medium,154,1,-2.0
U002410,165.494,116.96000000000001,0.0,6.4,0.7067325703650889,2025-05-11,1,premium,web,organic,2026-01-30,8,high,264,1,-4.0
U002411,104.008,74.96000000000001,0.0,6.6,0.7207137912468273,2025-09-15,1,regular,web,organic,2026-01-29,4,high,137,1,-3.0
U002412,108.36200000000001,62.76,0.0,6.6,0.579169819678485,2025-05-17,3,regular,web,paid_social,2026-01-29,7,high,258,1,-3.0
U002413,53.331999999999994,22.22,0.0,6.6,0.41663541588539715,2025-12-24,3,value,mobile,organic,2026-01-29,1,low,37,1,-3.0
U002414,0.0,0.0,0.0,6.6,,2025-10-02,2,regular,mobile,email,2025-10-29,0,low,120,0,89.0
U002415,205.99200000000002,186.0,0.0,6.6,0.9029476872888267,2025-08-06,1,premium,web,referral,2026-01-30,5,high,177,1,-4.0
U002416,97.86,112.87,0.0,6.2,1.153382382996117,2025-09-04,2,regular,mobile,paid_social,2026-01-29,4,high,148,1,-3.0
U002417,145.964,151.74,0.0,6.6,1.0395714011674113,2025-10-07,1,regular,web,organic,2026-01-30,3,medium,115,1,-4.0
U002418,125.904,101.16,0.0,6.6,0.8034693099504384,2025-07-09,1,regular,mobile,referral,2026-01-28,5,high,205,1,-2.0
U002419,40.84400000000001,40.11,0.0,6.4,0.9820291842131033,2025-07-16,2,value,mobile,paid_social,2026-01-30,6,medium,198,1,-4.0
U002420,98.744,47.209999999999994,0.0,6.2,0.4781049987847362,2025-08-18,2,regular,mobile,referral,2026-01-30,5,high,165,1,-4.0
U002421,261.29200000000003,224.39,0.0,6.6,0.8587710301119053,2025-07-08,2,premium,web,organic,2026-01-30,6,high,206,1,-4.0
U002422,87.054,24.02,0.0,6.6,0.27592069290325544,2025-11-11,2,regular,web,paid_social,2026-01-27,2,medium,80,1,-1.0
U002423,161.54606144713523,152.57999999999998,0.0,6.6,0.9444984212749171,2025-05-31,2,regular,mobile,referral,2026-01-30,7,high,244,1,-4.0
U002424,113.624,16.64,0.0,6.4,0.14644793353516863,2025-11-28,2,regular,web,email,2026-01-27,2,medium,63,1,-1.0
U002425,0.0,0.0,0.0,6.6,,2025-07-31,3,regular,web,paid_social,2025-12-19,5,high,183,0,38.0
U002426,200.948,84.38000000000001,0.0,6.6,0.4199096283615662,2025-09-22,3,premium,mobile,search,2026-01-30,3,high,130,1,-4.0
U002427,0.0,0.0,0.0,6.0,,2025-06-13,2,regular,mobile,search,2025-11-15,5,medium,231,0,72.0
U002428,0.0,0.0,0.0,6.6,,2025-08-09,2,value,mobile,paid_social,2025-12-11,3,medium,174,0,46.0
U002429,63.477999999999994,39.370000000000005,0.0,6.6,0.6202148775953875,2025-11-10,2,value,mobile,email,2026-01-30,2,low,81,1,-4.0
U002430,154.19599999999997,288.91999999999996,0.0,6.6,1.8737191626241927,2025-07-11,1,regular,mobile,paid_social,2026-01-30,6,high,203,1,-4.0
U002431,47.09,0.0,0.0,6.6,0.0,2025-06-07,2,value,web,organic,2026-01-21,7,medium,237,1,5.0
U002432,98.046,90.59,0.0,6.4,0.9239540623788833,2025-09-13,1,regular,mobile,organic,2026-01-30,4,high,139,1,-4.0
U002433,0.0,0.0,0.0,6.6,,2025-06-14,2,regular,mobile,paid_social,2025-08-12,1,low,230,0,167.0
U002434,0.0,0.0,0.0,6.4,,2025-07-23,2,regular,mobile,referral,2025-10-20,3,medium,191,0,98.0
U002435,75.928,20.810000000000002,0.0,6.4,0.27407543989042255,2025-08-26,1,value,web,organic,2026-01-30,5,medium,157,1,-4.0
U002436,88.514,76.58,0.0,6.4,0.8651738708000994,2025-09-23,1,regular,web,search,2026-01-30,4,high,129,1,-4.0
U002437,0.0,0.0,0.0,6.6,,2025-10-12,2,regular,mobile,email,2025-11-05,0,low,110,0,82.0
U002438,20.394,0.0,0.0,6.4,0.0,2025-10-21,3,value,web,search,2026-01-20,2,low,101,1,6.0
U002439,139.57999999999998,142.07,0.0,6.6,1.0178392319816594,2025-12-02,2,regular,web,organic,2026-01-30,1,medium,59,1,-4.0
U002440,0.0,0.0,0.0,6.6,,2025-05-21,2,regular,mobile,search,2025-11-11,5,high,254,0,76.0
U002441,86.41799999999999,107.07,0.0,6.6,1.2389779906963827,2025-08-03,1,regular,web,search,2026-01-30,4,high,180,1,-4.0
U002442,0.0,0.0,0.0,6.6,,2025-05-05,2,value,web,organic,2025-11-20,6,medium,270,0,67.0
U002443,67.91999999999999,51.01,0.0,6.6,0.7510306242638399,2025-05-07,1,value,web,paid_social,2026-01-29,8,medium,268,1,-3.0
U002444,123.13199999999999,60.510000000000005,0.0,6.6,0.49142383783257,2025-06-27,2,regular,web,paid_social,2026-01-29,7,high,217,1,-3.0
U002445,60.652,29.95,0.0,6.4,0.4938006990701048,2025-10-02,3,value,mobile,paid_social,2026-01-27,2,medium,120,1,-1.0
U002446,88.414,46.64,0.0,6.6,0.5275182663379103,2025-12-15,2,regular,web,paid_social,2026-01-28,1,low,46,1,-2.0
U002447,68.828,0.0,0.0,6.4,0.0,2025-11-15,2,regular,web,organic,2026-01-25,2,medium,76,1,1.0
U002448,33.652,0.0,0.0,6.6,0.0,2025-10-14,1,value,web,organic,2026-01-20,2,low,108,1,6.0
U002449,90.85400000000001,30.11,0.0,6.4,0.33141083496598933,2025-11-16,1,regular,web,organic,2026-01-30,2,medium,75,1,-4.0
U002450,150.36399999999998,0.0,0.0,6.4,0.0,2025-06-17,2,premium,web,organic,2026-01-22,7,high,227,1,4.0
U002451,89.548,86.1,0.0,6.6,0.9614955107875105,2025-12-01,3,regular,web,paid_social,2026-01-30,1,low,60,1,-4.0
U002452,110.874,150.28,0.0,6.6,1.35541245016866,2025-12-14,1,regular,web,organic,2026-01-30,1,low,47,1,-4.0
U002453,149.89,98.09,0.0,6.4,0.6544132363733405,2025-05-28,2,regular,web,paid_social,2026-01-30,7,high,247,1,-4.0
U002454,65.28,18.86,0.0,6.6,0.28890931372549017,2025-08-30,2,value,web,organic,2026-01-28,4,medium,153,1,-2.0
U002455,4.06,0.0,0.0,6.6,0.0,2025-11-29,1,value,web,organic,2025-12-31,1,low,62,0,26.0
U002456,106.606,105.25,0.0,6.6,0.9872802656510891,2025-09-01,1,regular,web,organic,2026-01-29,5,high,151,1,-3.0
U002457,36.97,0.0,0.0,6.6,0.0,2025-12-01,2,regular,web,search,2026-01-06,1,low,60,0,20.0
U002458,27.744,0.0,0.0,6.6,0.0,2025-12-25,2,value,web,paid_social,2026-01-21,1,low,36,1,5.0
U002459,6.384,0.0,0.0,6.6,0.0,2025-09-01,2,value,web,referral,2025-12-31,4,medium,151,0,26.0
U002460,72.47,0.0,0.0,6.6,0.0,2025-05-19,2,regular,web,organic,2026-01-18,7,high,256,0,8.0
U002461,50.714,19.33,0.0,6.6,0.38115707694127854,2025-07-29,3,value,mobile,paid_social,2026-01-30,5,medium,185,1,-4.0
U002462,89.382,44.62,0.0,6.6,0.499205656619901,2025-06-28,3,regular,web,paid_social,2026-01-26,6,high,216,1,0.0
U002463,139.17000000000002,155.95999999999998,0.0,6.6,1.1206438169145647,2025-09-01,3,regular,mobile,organic,2026-01-30,4,high,151,1,-4.0
U002464,127.604,105.32,0.0,6.4,0.8253659759882135,2025-09-29,3,regular,mobile,organic,2026-01-30,4,high,123,1,-4.0
U002465,47.872,22.37,0.0,6.4,0.46728776737967914,2025-08-29,3,value,web,organic,2026-01-26,5,medium,154,1,0.0
U002466,0.0,0.0,0.0,6.6,,2025-06-23,3,value,web,organic,2025-12-24,6,medium,221,0,33.0
U002467,128.7,135.42000000000002,0.0,6.4,1.0522144522144525,2025-07-19,2,regular,web,referral,2026-01-29,6,high,195,1,-3.0
U002468,89.35600000000001,26.39,0.0,6.6,0.2953355118850441,2025-10-22,3,regular,web,search,2026-01-29,2,medium,100,1,-3.0
U002469,50.858000000000004,25.16,0.0,6.6,0.4947107633017421,2025-05-11,3,value,web,search,2026-01-28,8,medium,264,1,-2.0
U002470,105.96,31.279999999999998,0.0,6.4,0.295205738014345,2025-06-27,2,regular,web,paid_social,2026-01-29,6,high,217,1,-3.0
U002471,122.074,143.1,0.0,6.6,1.1722397889804546,2025-12-14,2,regular,mobile,search,2026-01-30,1,low,47,1,-4.0
U002472,34.902,32.12,0.0,6.6,0.9202911007965159,2025-05-29,2,value,web,paid_social,2026-01-30,8,medium,246,1,-4.0
U002473,0.0,0.0,0.0,6.6,,2025-08-17,3,regular,mobile,organic,2025-12-13,4,medium,166,0,44.0
U002474,0.0,0.0,0.0,6.4,,2025-06-25,2,value,mobile,search,2025-09-25,2,low,219,0,123.0
U002475,148.78,166.23,0.0,6.6,1.117287269794327,2025-05-31,3,regular,web,organic,2026-01-29,8,high,244,1,-3.0
U002476,33.38,0.0,0.0,6.6,0.0,2025-08-19,3,value,mobile,organic,2026-01-22,4,medium,164,1,4.0
U002477,145.672,153.6,0.0,6.6,1.0544236366631885,2025-09-12,3,regular,mobile,organic,2026-01-29,4,high,140,1,-3.0
U002478,0.0,0.0,0.0,6.4,,2025-06-18,1,value,web,paid_social,2025-08-20,2,low,226,0,159.0
U002479,94.304,0.0,0.0,6.6,0.0,2025-05-24,2,regular,web,paid_social,2026-01-25,6,high,251,1,1.0
U002480,102.644,84.32,0.0,6.6,0.8214800670277852,2025-06-07,3,regular,web,paid_social,2026-01-30,7,high,237,1,-4.0
U002481,167.952,121.41,0.0,6.6,0.7228851100314375,2025-10-15,3,premium,web,organic,2026-01-28,3,high,107,1,-2.0
U002482,116.44200000000001,138.81,0.0,6.6,1.1920956355954038,2025-12-06,3,regular,web,email,2026-01-30,1,medium,55,1,-4.0
U002483,86.58000000000001,45.989999999999995,0.0,6.4,0.531185031185031,2025-06-19,2,regular,web,organic,2026-01-29,7,high,225,1,-3.0
U002484,63.686,59.449999999999996,0.0,6.6,0.9334861665044122,2025-07-24,2,value,web,referral,2026-01-30,6,medium,190,1,-4.0
U002485,0.0,0.0,0.0,6.6,,2025-07-30,1,value,mobile,paid_social,2025-11-23,3,medium,184,0,64.0
U002486,53.446000000000005,34.21,0.0,6.6,0.6400853197620027,2025-08-03,3,value,web,paid_social,2026-01-27,5,medium,180,1,-1.0
U002487,66.664,0.0,0.0,6.4,0.0,2025-07-05,2,regular,web,search,2026-01-25,6,high,209,1,1.0
U002488,0.0,0.0,0.0,6.6,,2025-05-18,2,regular,web,paid_social,2025-07-14,1,low,257,0,196.0
U002489,191.684,125.25,0.0,6.6,0.65341916904906,2025-09-13,3,regular,mobile,paid_social,2026-01-30,4,high,139,1,-4.0
U002490,104.41600000000001,210.24,0.0,6.4,2.0134845234446828,2025-08-02,2,regular,mobile,organic,2026-01-30,6,high,181,1,-4.0
U002491,60.724000000000004,34.24,0.0,6.0,0.563862723140768,2025-07-29,1,regular,web,referral,2026-01-29,6,high,185,1,-3.0
U002492,76.988,35.81,0.0,6.6,0.4651374240141321,2025-07-10,1,value,mobile,organic,2026-01-29,6,high,204,1,-3.0
U002493,39.534,20.32,0.0,6.6,0.5139879597308646,2025-12-24,3,value,web,search,2026-01-30,1,low,37,1,-4.0
U002494,140.796,195.88,0.0,6.4,1.3912327054745874,2025-10-05,2,regular,mobile,paid_social,2026-01-30,3,medium,117,1,-4.0
U002495,44.882000000000005,72.28,0.0,6.6,1.610445167327659,2025-08-18,1,value,mobile,referral,2026-01-30,5,medium,165,1,-4.0
U002496,0.0,0.0,0.0,6.6,,2025-06-25,2,value,web,search,2025-09-23,2,low,219,0,125.0
U002497,192.844,160.86,0.0,6.6,0.8341457343759724,2025-11-22,2,premium,mobile,organic,2026-01-29,2,medium,69,1,-3.0
U002498,189.58800000000002,110.06,0.0,6.6,0.5805219739645968,2025-12-13,3,premium,mobile,search,2026-01-28,1,medium,48,1,-2.0
U002499,82.224,67.5,0.0,6.2,0.8209281961471103,2025-05-13,2,regular,mobile,organic,2026-01-30,8,high,262,1,-4.0
U002500,23.509999999999998,0.0,0.0,6.6,0.0,2025-12-24,1,value,web,search,2026-01-22,0,low,37,1,4.0
